model,pred_bin,pred,obs,n_imp,split,horizon_y
cox_naive,0,0.0009222875261229352,7.085098729190756e-08,30,temporal,10.0
cox_naive,1,0.0010938525152302883,1.4397903137878625e-07,30,temporal,10.0
cox_naive,2,0.00124684071942345,2.483602588032596e-07,30,temporal,10.0
cox_naive,3,0.0014182348201611317,4.292324449021538e-07,30,temporal,10.0
cox_naive,4,0.001566907823812347,6.527134612022145e-07,30,temporal,10.0
cox_naive,5,0.0017152440807631504,9.609038296683655e-07,30,temporal,10.0
cox_naive,6,0.0018524160006826206,1.328074043645729e-06,30,temporal,10.0
cox_naive,7,0.001991441330341175,1.8862740427579479e-06,29,temporal,10.0
cox_naive,8,0.002128056571165111,2.3305478961677117e-06,29,temporal,10.0
cox_naive,9,0.002266672837868867,3.162287587750908e-06,30,temporal,10.0
cox_naive,10,0.0024067490136090368,4.0720475074492356e-06,30,temporal,10.0
cox_naive,11,0.002559764704670794,5.310852846907021e-06,30,temporal,10.0
cox_naive,12,0.0027086280202883914,7.042509350415245e-06,29,temporal,10.0
cox_naive,13,0.0028590520104409133,8.330788022503643e-06,29,temporal,10.0
cox_naive,14,0.0030174856552147465,1.0849849829771181e-05,30,temporal,10.0
cox_naive,15,0.003179858945437581,1.3550968353082115e-05,30,temporal,10.0
cox_naive,16,0.0033614777635059562,1.719258218251992e-05,30,temporal,10.0
cox_naive,17,0.003526872952352128,2.1142006655994195e-05,30,temporal,10.0
cox_naive,18,0.0037053566331047855,2.610101474976867e-05,30,temporal,10.0
cox_naive,19,0.0038917773064430497,3.218839318059515e-05,30,temporal,10.0
cox_naive,20,0.004099322917998109,4.0097232069532156e-05,30,temporal,10.0
cox_naive,21,0.0042997711197554625,4.9141807260884755e-05,30,temporal,10.0
cox_naive,22,0.004496058771431689,5.9409405059844085e-05,30,temporal,10.0
cox_naive,23,0.004730629047995292,7.345541407970021e-05,30,temporal,10.0
cox_naive,24,0.00495831209171861,8.92755914910337e-05,30,temporal,10.0
cox_naive,25,0.00518893303967046,0.0001076744486620614,30,temporal,10.0
cox_naive,26,0.005434479049787614,0.00013066074075461417,30,temporal,10.0
cox_naive,27,0.00572455296002882,0.00016118910191183314,30,temporal,10.0
cox_naive,28,0.005990653876222159,0.00019393301615245145,30,temporal,10.0
cox_naive,29,0.006265528875684437,0.00023218663190541038,30,temporal,10.0
cox_naive,30,0.006569645714737051,0.00028011063542425404,30,temporal,10.0
cox_naive,31,0.006875079214465816,0.00033549733807066345,30,temporal,10.0
cox_naive,32,0.007214421434625227,0.00040443191218678305,30,temporal,10.0
cox_naive,33,0.007574160690419008,0.0004878926802671916,30,temporal,10.0
cox_naive,34,0.007947910072021292,0.000585990481203232,30,temporal,10.0
cox_naive,35,0.008301226797952912,0.0006903148373225957,30,temporal,10.0
cox_naive,36,0.008659311370870596,0.0008077475422452889,30,temporal,10.0
cox_naive,37,0.009075822454170168,0.000959463623312673,30,temporal,10.0
cox_naive,38,0.009575463965949833,0.0011617561645301626,30,temporal,10.0
cox_naive,39,0.010041280560760606,0.0013743337521736954,30,temporal,10.0
cox_naive,40,0.010543548802813602,0.001627177960813897,30,temporal,10.0
cox_naive,41,0.01111651390889238,0.0019481903992882596,30,temporal,10.0
cox_naive,42,0.011684384172639633,0.0022990871121621238,30,temporal,10.0
cox_naive,43,0.012300814101408302,0.002716164175338731,30,temporal,10.0
cox_naive,44,0.012915083772276372,0.003170082114865506,30,temporal,10.0
cox_naive,45,0.013528271758189834,0.003658494247059141,30,temporal,10.0
cox_naive,46,0.014170831568345846,0.004209253838475942,30,temporal,10.0
cox_naive,47,0.014847041559850066,0.004826747493558022,30,temporal,10.0
cox_naive,48,0.015607205314445833,0.0055635257349367475,30,temporal,10.0
cox_naive,49,0.016406211071867863,0.00638392313996294,30,temporal,10.0
cox_naive,50,0.01721784378425536,0.007261493686744132,30,temporal,10.0
cox_naive,51,0.018107611494710532,0.008265507736381895,30,temporal,10.0
cox_naive,52,0.01909871370561548,0.00943112325067048,30,temporal,10.0
cox_naive,53,0.020011221366731658,0.010541450171509547,30,temporal,10.0
cox_naive,54,0.0208984279031262,0.011649748182882835,30,temporal,10.0
cox_naive,55,0.02191459101322145,0.012947647990766913,30,temporal,10.0
cox_naive,56,0.023043872072079294,0.014417831914934665,30,temporal,10.0
cox_naive,57,0.024142412623132593,0.01586992665093355,30,temporal,10.0
cox_naive,58,0.025456139101901407,0.01762382027211816,30,temporal,10.0
cox_naive,59,0.02683707249033468,0.01947849751542685,30,temporal,10.0
cox_naive,60,0.02815111594319416,0.02124595486110085,30,temporal,10.0
cox_naive,61,0.029543654416037467,0.023110432092970368,30,temporal,10.0
cox_naive,62,0.031151198008983066,0.025249403540783588,30,temporal,10.0
cox_naive,63,0.03292759725637774,0.027584280174239688,30,temporal,10.0
cox_naive,64,0.034753710358626934,0.02994052976486629,30,temporal,10.0
cox_naive,65,0.03647541574017251,0.032117282594199,30,temporal,10.0
cox_naive,66,0.03837708624085792,0.03446257684281357,30,temporal,10.0
cox_naive,67,0.04041380270607813,0.036905254947626295,30,temporal,10.0
cox_naive,68,0.04249985466083493,0.039331143700070695,30,temporal,10.0
cox_naive,69,0.04466962133282547,0.04176695804339149,30,temporal,10.0
cox_naive,70,0.046849425058641876,0.04412619147295883,30,temporal,10.0
cox_naive,71,0.048992337639461224,0.04636325457451405,30,temporal,10.0
cox_naive,72,0.05150621786767808,0.04888334307973406,30,temporal,10.0
cox_naive,73,0.0543712593447404,0.05162010691793974,30,temporal,10.0
cox_naive,74,0.05765790038855085,0.05460239452265874,30,temporal,10.0
cox_naive,75,0.060729300772496254,0.0572386216642895,30,temporal,10.0
cox_naive,76,0.06352694191060199,0.05952326994508134,30,temporal,10.0
cox_naive,77,0.06676183964379895,0.062039889348678504,30,temporal,10.0
cox_naive,78,0.07007231945879464,0.06448149781876013,30,temporal,10.0
cox_naive,79,0.07377415816297457,0.06707229508487847,30,temporal,10.0
cox_naive,80,0.07808844203702162,0.06991918823530947,30,temporal,10.0
cox_naive,81,0.08305175384659859,0.07299170588192264,30,temporal,10.0
cox_naive,82,0.08778440745769601,0.0757452045879002,30,temporal,10.0
cox_naive,83,0.09275967997458692,0.07847905662059991,30,temporal,10.0
cox_naive,84,0.09838292966450096,0.08139856434691287,30,temporal,10.0
cox_naive,85,0.10465850821302682,0.0844766907386879,30,temporal,10.0
cox_naive,86,0.11134468457460032,0.08758365142499107,30,temporal,10.0
cox_naive,87,0.11928304129675822,0.0910874949249363,30,temporal,10.0
cox_naive,88,0.1270152757256456,0.09434747045844773,30,temporal,10.0
cox_naive,89,0.13568115902303388,0.09786850295526926,30,temporal,10.0
cox_naive,90,0.14433272312736292,0.10128392064809799,30,temporal,10.0
cox_naive,91,0.15411992268890054,0.10505114330978874,30,temporal,10.0
cox_naive,92,0.16441451659955675,0.1089178341361554,30,temporal,10.0
cox_naive,93,0.1757974789971773,0.11308900833918223,30,temporal,10.0
cox_naive,94,0.18993050264987704,0.11813604682554042,30,temporal,10.0
cox_naive,95,0.20671565010482526,0.12395341827227552,30,temporal,10.0
cox_naive,96,0.22672525334986574,0.13069408002104096,30,temporal,10.0
cox_naive,97,0.25968041316902435,0.1414012096076381,30,temporal,10.0
cox_naive,98,0.31137133840894365,0.15748397985271237,30,temporal,10.0
cox_naive,99,0.4074747226644825,0.18607410617277703,30,temporal,10.0
csc_cox,0,0.00091994276984077,3.364137993659237e-07,30,temporal,10.0
csc_cox,1,0.0010907741601453242,6.2199395944873e-07,30,temporal,10.0
csc_cox,2,0.001243048242136731,9.962690722509216e-07,30,temporal,10.0
csc_cox,3,0.0014133848941493422,1.5984253083467515e-06,30,temporal,10.0
csc_cox,4,0.001561334615900162,2.3013962416699543e-06,30,temporal,10.0
csc_cox,5,0.0017086539484721176,3.2179098029179918e-06,30,temporal,10.0
csc_cox,6,0.0018450201772786735,4.2655449712306986e-06,30,temporal,10.0
csc_cox,7,0.0019823073063785835,5.896905648039575e-06,29,temporal,10.0
csc_cox,8,0.002118148998297392,6.7976303326407655e-06,29,temporal,10.0
csc_cox,9,0.00225568890388502,9.04883957569084e-06,30,temporal,10.0
csc_cox,10,0.00239456313006817,1.127606885502989e-05,30,temporal,10.0
csc_cox,11,0.002546344083795176,1.4226656408515097e-05,30,temporal,10.0
csc_cox,12,0.002693153713117366,1.8508522374812338e-05,29,temporal,10.0
csc_cox,13,0.0028416107486571667,2.0651329506663856e-05,29,temporal,10.0
csc_cox,14,0.0029986058590787145,2.6506782765045588e-05,30,temporal,10.0
csc_cox,15,0.003159095452289391,3.217989342296409e-05,30,temporal,10.0
csc_cox,16,0.0033385568386395826,3.958824257822198e-05,30,temporal,10.0
csc_cox,17,0.0035022948896911033,4.746113929725571e-05,30,temporal,10.0
csc_cox,18,0.0036780141738517896,5.7022040929558906e-05,30,temporal,10.0
csc_cox,19,0.003862198916667863,6.858241621252963e-05,30,temporal,10.0
csc_cox,20,0.004066047176507492,8.300463340548126e-05,30,temporal,10.0
csc_cox,21,0.004263644960268447,9.919942051723011e-05,30,temporal,10.0
csc_cox,22,0.004456780293722594,0.00011715283535019457,30,temporal,10.0
csc_cox,23,0.004685916157371543,0.00014100078471319667,30,temporal,10.0
csc_cox,24,0.004910319494633033,0.00016741808542876103,30,temporal,10.0
csc_cox,25,0.005137968333702658,0.00019749365051669281,30,temporal,10.0
csc_cox,26,0.005379051731372277,0.00023415226436653466,30,temporal,10.0
csc_cox,27,0.005659996821617688,0.0002810630913809916,30,temporal,10.0
csc_cox,28,0.005923897710387837,0.0003313151557695515,30,temporal,10.0
csc_cox,29,0.006195567417564749,0.0003888474114317734,30,temporal,10.0
csc_cox,30,0.006492438583490259,0.0004586726456532797,30,temporal,10.0
csc_cox,31,0.00679050035812902,0.0005376793130306109,30,temporal,10.0
csc_cox,32,0.0071172036802701075,0.0006325669477655227,30,temporal,10.0
csc_cox,33,0.00746918157451429,0.0007471096389869684,30,temporal,10.0
csc_cox,34,0.00783492918037343,0.000878946099569015,30,temporal,10.0
csc_cox,35,0.008179091408236758,0.001016463660190614,30,temporal,10.0
csc_cox,36,0.00853319356347321,0.001170488544147234,30,temporal,10.0
csc_cox,37,0.00893746324106833,0.0013633038875715616,30,temporal,10.0
csc_cox,38,0.00941714035736515,0.0016120008476500265,30,temporal,10.0
csc_cox,39,0.009865285127942927,0.0018692097663318178,30,temporal,10.0
csc_cox,40,0.010348897414115219,0.0021699362826989033,30,temporal,10.0
csc_cox,41,0.010900302024906237,0.002544969102735391,30,temporal,10.0
csc_cox,42,0.011453355997083255,0.0029529622718418563,30,temporal,10.0
csc_cox,43,0.012043530260522893,0.0034217829044795272,30,temporal,10.0
csc_cox,44,0.012633803858016261,0.003926350339428364,30,temporal,10.0
csc_cox,45,0.013215193987007705,0.004454698609691717,30,temporal,10.0
csc_cox,46,0.013841563431606946,0.0050594239843722985,30,temporal,10.0
csc_cox,47,0.014503971545610003,0.005733145614202032,30,temporal,10.0
csc_cox,48,0.015230444062951572,0.0065094880277467865,30,temporal,10.0
csc_cox,49,0.015984851001237543,0.007352289767512551,30,temporal,10.0
csc_cox,50,0.016758344272053544,0.008252624805012451,30,temporal,10.0
csc_cox,51,0.017607601781741613,0.009274912084189457,30,temporal,10.0
csc_cox,52,0.018548815260256514,0.010444053340784135,30,temporal,10.0
csc_cox,53,0.019415592620179827,0.011549143449955217,30,temporal,10.0
csc_cox,54,0.02024940135364085,0.012633517812388214,30,temporal,10.0
csc_cox,55,0.02121219953305288,0.013905371675236977,30,temporal,10.0
csc_cox,56,0.02225335716203135,0.015299671619083273,30,temporal,10.0
csc_cox,57,0.023297544798109988,0.01671281993715755,30,temporal,10.0
csc_cox,58,0.024487236386052273,0.018331205953353538,30,temporal,10.0
csc_cox,59,0.025779367014636994,0.020095474850788067,30,temporal,10.0
csc_cox,60,0.02699203803149859,0.021748322962805745,30,temporal,10.0
csc_cox,61,0.028307032209649717,0.023530948414545012,30,temporal,10.0
csc_cox,62,0.029802551492322058,0.025545396045341187,30,temporal,10.0
csc_cox,63,0.0314395793888798,0.027727599545471392,30,temporal,10.0
csc_cox,64,0.03312837352152694,0.029937126395250004,30,temporal,10.0
csc_cox,65,0.03474175210985298,0.03201360488241904,30,temporal,10.0
csc_cox,66,0.036444909474292464,0.034158999367554295,30,temporal,10.0
csc_cox,67,0.038204798601901874,0.036323861026797966,30,temporal,10.0
csc_cox,68,0.04016912237311431,0.03868119935919945,30,temporal,10.0
csc_cox,69,0.042155709138730714,0.04099937507818948,30,temporal,10.0
csc_cox,70,0.04413317140593827,0.04324042932172547,30,temporal,10.0
csc_cox,71,0.046043435632086016,0.045341146128039564,30,temporal,10.0
csc_cox,72,0.04825851755772604,0.04770457201479584,30,temporal,10.0
csc_cox,73,0.05075062875046834,0.05026941285587023,30,temporal,10.0
csc_cox,74,0.05363690359197572,0.0531266629714742,30,temporal,10.0
csc_cox,75,0.05634250166001473,0.05569632582939214,30,temporal,10.0
csc_cox,76,0.05881272563202077,0.057958094383066164,30,temporal,10.0
csc_cox,77,0.06149542431430584,0.060331000077441715,30,temporal,10.0
csc_cox,78,0.06432846696736833,0.06274632271068784,30,temporal,10.0
csc_cox,79,0.06733005764580588,0.0652135941306871,30,temporal,10.0
csc_cox,80,0.07117345721615531,0.06824743090257672,30,temporal,10.0
csc_cox,81,0.07517266521076778,0.07126684635373369,30,temporal,10.0
csc_cox,82,0.07892289772497404,0.07398757195933281,30,temporal,10.0
csc_cox,83,0.08318986490452047,0.07696726712259953,30,temporal,10.0
csc_cox,84,0.08791228971615064,0.08013982346127427,30,temporal,10.0
csc_cox,85,0.09306425713338277,0.08347393328438987,30,temporal,10.0
csc_cox,86,0.09868039354894649,0.0869788491964087,30,temporal,10.0
csc_cox,87,0.10478742786170564,0.09066621280251913,30,temporal,10.0
csc_cox,88,0.11107319323472896,0.09435583470980168,30,temporal,10.0
csc_cox,89,0.11799939908644869,0.09832302340929887,30,temporal,10.0
csc_cox,90,0.12434698301564263,0.10189073938516582,30,temporal,10.0
csc_cox,91,0.13236409769169935,0.10632911937314858,30,temporal,10.0
csc_cox,92,0.13963319158607365,0.11028246769746665,30,temporal,10.0
csc_cox,93,0.14777792178238014,0.11464594051214179,30,temporal,10.0
csc_cox,94,0.15755192899947407,0.11980455975129227,30,temporal,10.0
csc_cox,95,0.17040799967623854,0.12645589715863012,30,temporal,10.0
csc_cox,96,0.18458432782224535,0.13364195590856637,30,temporal,10.0
csc_cox,97,0.2069195444089878,0.14470091524255096,30,temporal,10.0
csc_cox,98,0.23877227830194855,0.16003047897823272,30,temporal,10.0
csc_cox,99,0.29593008314102043,0.18661482306158844,30,temporal,10.0
deephit,0,0.0007624134085444287,0.0004486632677471995,26,temporal,10.0
deephit,1,0.0009986340161199526,0.0006335783523262324,27,temporal,10.0
deephit,2,0.0011894769045718324,0.0007338648827553899,25,temporal,10.0
deephit,3,0.0013412766808023056,0.0008708147745588368,27,temporal,10.0
deephit,4,0.0014750150388795494,0.0009691038077045448,28,temporal,10.0
deephit,5,0.0016000645221259523,0.001043916219747861,28,temporal,10.0
deephit,6,0.0017265522237828314,0.00112842187868466,29,temporal,10.0
deephit,7,0.0018468051639269106,0.001219970011587849,29,temporal,10.0
deephit,8,0.0019635080686188303,0.0013376988071616839,28,temporal,10.0
deephit,9,0.0020821801341876075,0.0013701974418008282,29,temporal,10.0
deephit,10,0.002202391528772811,0.0014659847112942954,30,temporal,10.0
deephit,11,0.0023258269133511933,0.0015902749062730408,28,temporal,10.0
deephit,12,0.0024532322000789765,0.001630898216465526,29,temporal,10.0
deephit,13,0.0025832474575804855,0.0017926859389477468,28,temporal,10.0
deephit,14,0.002714511165418662,0.0018302665721485164,30,temporal,10.0
deephit,15,0.0028497615632601084,0.0019268657387902437,30,temporal,10.0
deephit,16,0.0029850668952334674,0.0020233449895169287,29,temporal,10.0
deephit,17,0.0031216779105365275,0.0021559062910344374,28,temporal,10.0
deephit,18,0.0032645873227661166,0.0022206128681679076,28,temporal,10.0
deephit,19,0.003412110351662462,0.0023578343305899513,28,temporal,10.0
deephit,20,0.0035660388054636616,0.0024819447907348875,28,temporal,10.0
deephit,21,0.0037249734647261602,0.0025743398266767042,29,temporal,10.0
deephit,22,0.0038868457388753696,0.002681390142715338,30,temporal,10.0
deephit,23,0.00405931124095805,0.0028082800053768507,30,temporal,10.0
deephit,24,0.004237135230439405,0.0029395895550550074,30,temporal,10.0
deephit,25,0.004424798886974653,0.0030848066533346484,29,temporal,10.0
deephit,26,0.0046177972369206444,0.0032102140202977746,28,temporal,10.0
deephit,27,0.004815812770382036,0.0033886892432396843,29,temporal,10.0
deephit,28,0.005020827975558738,0.00350348864478246,29,temporal,10.0
deephit,29,0.005238275852861503,0.0036811536168543046,29,temporal,10.0
deephit,30,0.005469730235139528,0.003877017006570675,28,temporal,10.0
deephit,31,0.0057202952766480545,0.004079190334022975,27,temporal,10.0
deephit,32,0.0059829288027249275,0.004272859874867056,29,temporal,10.0
deephit,33,0.006257956024383506,0.004425382173692253,28,temporal,10.0
deephit,34,0.006562108320153009,0.004685873108564945,30,temporal,10.0
deephit,35,0.006893563140990835,0.004928193821050486,29,temporal,10.0
deephit,36,0.0072507217907967665,0.005200109414484981,29,temporal,10.0
deephit,37,0.007628063506446779,0.00550889141651395,29,temporal,10.0
deephit,38,0.008029636861601224,0.005799191033253537,29,temporal,10.0
deephit,39,0.008469869726492713,0.006152457152109947,29,temporal,10.0
deephit,40,0.008932114250895878,0.006497302864798353,29,temporal,10.0
deephit,41,0.009427586226693044,0.006889195845369319,29,temporal,10.0
deephit,42,0.009929023798803489,0.007288858423496554,29,temporal,10.0
deephit,43,0.01044490844787409,0.007609701574396203,28,temporal,10.0
deephit,44,0.010987616524286568,0.008106853699154945,29,temporal,10.0
deephit,45,0.011572597504531344,0.008568451882051369,29,temporal,10.0
deephit,46,0.012180229089843732,0.009000534781506453,29,temporal,10.0
deephit,47,0.01282478620093316,0.009543508245901533,29,temporal,10.0
deephit,48,0.013470757602031033,0.009989719317370409,28,temporal,10.0
deephit,49,0.014187072998626779,0.010555298988685676,29,temporal,10.0
deephit,50,0.014927108916640282,0.011098011125484027,28,temporal,10.0
deephit,51,0.015728403056164585,0.011781732562687311,28,temporal,10.0
deephit,52,0.01659085861792167,0.012441977228685779,29,temporal,10.0
deephit,53,0.017506054015830164,0.013159806408126036,29,temporal,10.0
deephit,54,0.01847552432790399,0.013881419222099501,28,temporal,10.0
deephit,55,0.019452360105762886,0.014665982880199206,28,temporal,10.0
deephit,56,0.020500147784252968,0.01548340347222168,30,temporal,10.0
deephit,57,0.021607282797930148,0.016352708838673232,29,temporal,10.0
deephit,58,0.022860478019217652,0.01728027059475246,29,temporal,10.0
deephit,59,0.02427133336775005,0.018406880162558432,30,temporal,10.0
deephit,60,0.02584286713103453,0.019595192851747937,29,temporal,10.0
deephit,61,0.027591747150321803,0.020975955479742917,30,temporal,10.0
deephit,62,0.029386597949142258,0.02236041359825038,30,temporal,10.0
deephit,63,0.031259639056120066,0.023863323901647766,29,temporal,10.0
deephit,64,0.03317575551184516,0.02529910737870084,28,temporal,10.0
deephit,65,0.0352231470366319,0.026910606852091307,29,temporal,10.0
deephit,66,0.03746759775467216,0.028546790475210825,28,temporal,10.0
deephit,67,0.0399063130306701,0.03046558564091878,28,temporal,10.0
deephit,68,0.04244539658029876,0.032464774329435876,29,temporal,10.0
deephit,69,0.04517889367739362,0.034482300737912176,28,temporal,10.0
deephit,70,0.04814224479570986,0.0367899294572583,28,temporal,10.0
deephit,71,0.05142720752557118,0.039356651192772395,29,temporal,10.0
deephit,72,0.054818875569353505,0.041815718614601746,29,temporal,10.0
deephit,73,0.0583849945311745,0.04457219255521429,29,temporal,10.0
deephit,74,0.06222432985479632,0.04772321254987282,28,temporal,10.0
deephit,75,0.06600507274419071,0.0504464287062544,29,temporal,10.0
deephit,76,0.06991490411708752,0.05338890011530674,30,temporal,10.0
deephit,77,0.07403658960163594,0.05654057575574988,29,temporal,10.0
deephit,78,0.078109816882511,0.05961538629361563,29,temporal,10.0
deephit,79,0.08226545160810154,0.06264583565850916,28,temporal,10.0
deephit,80,0.08662394175380474,0.06610887354876897,29,temporal,10.0
deephit,81,0.0912973115563393,0.06988205741140675,28,temporal,10.0
deephit,82,0.09619966801901661,0.07336689447430986,29,temporal,10.0
deephit,83,0.10116510783831283,0.0770523220247047,29,temporal,10.0
deephit,84,0.10637283364931743,0.081176618419937,28,temporal,10.0
deephit,85,0.11184789540767669,0.0852411211586006,29,temporal,10.0
deephit,86,0.11693758987387022,0.08932993882494929,29,temporal,10.0
deephit,87,0.12214376078546048,0.09312781795713901,30,temporal,10.0
deephit,88,0.12734624624649685,0.09709378236804375,30,temporal,10.0
deephit,89,0.13268504838744796,0.10116803978472051,30,temporal,10.0
deephit,90,0.13822641336520514,0.10520613771837364,28,temporal,10.0
deephit,91,0.14439855214854086,0.1101264208851496,30,temporal,10.0
deephit,92,0.150760638581713,0.11499358163565221,29,temporal,10.0
deephit,93,0.15787292665044467,0.12023448966038751,29,temporal,10.0
deephit,94,0.165729096660018,0.12658815115943015,29,temporal,10.0
deephit,95,0.17520053425033888,0.13363505219141214,29,temporal,10.0
deephit,96,0.18561633556882545,0.1416822288928676,28,temporal,10.0
deephit,97,0.19798031914035466,0.15117496354330845,29,temporal,10.0
deephit,98,0.2148096543530623,0.1639895433333755,29,temporal,10.0
deephit,99,0.2524758444150293,0.19370356178673362,30,temporal,10.0
fine_gray,0,0.0018359973710519132,7.473553835050477e-08,30,temporal,10.0
fine_gray,1,0.002113321078935921,1.5166535036007882e-07,30,temporal,10.0
fine_gray,2,0.0023538218989059756,2.6296932691035244e-07,30,temporal,10.0
fine_gray,3,0.0026040856635076667,4.3842204693334e-07,30,temporal,10.0
fine_gray,4,0.00282189326328494,6.621442412331943e-07,30,temporal,10.0
fine_gray,5,0.0030474918267120133,9.724134741317947e-07,30,temporal,10.0
fine_gray,6,0.0032471830273929914,1.3601541208034067e-06,30,temporal,10.0
fine_gray,7,0.003435629148180722,1.8155026310788062e-06,30,temporal,10.0
fine_gray,8,0.003623559027141583,2.3938526378608494e-06,30,temporal,10.0
fine_gray,9,0.0038220371337572903,3.3085359610810865e-06,29,temporal,10.0
fine_gray,10,0.004021261626377942,3.942514393329155e-06,29,temporal,10.0
fine_gray,11,0.004206949069426059,5.180923636749491e-06,30,temporal,10.0
fine_gray,12,0.0043955285061922185,6.5100257493326074e-06,30,temporal,10.0
fine_gray,13,0.004597856460835738,8.237759428997294e-06,30,temporal,10.0
fine_gray,14,0.004801470771837716,1.0321920232618058e-05,30,temporal,10.0
fine_gray,15,0.0050158059044446346,1.2983986151116066e-05,30,temporal,10.0
fine_gray,16,0.005248674886237468,1.6352725662120243e-05,30,temporal,10.0
fine_gray,17,0.005484973243274361,2.0557310697488784e-05,30,temporal,10.0
fine_gray,18,0.005722856690557827,2.559957836808883e-05,30,temporal,10.0
fine_gray,19,0.005969896011193818,3.1872397946808294e-05,30,temporal,10.0
fine_gray,20,0.0062011832492286645,3.881675031840818e-05,30,temporal,10.0
fine_gray,21,0.006433028353820206,4.6802757327894336e-05,30,temporal,10.0
fine_gray,22,0.006671312126010665,5.628877574460993e-05,30,temporal,10.0
fine_gray,23,0.00693423842873486,6.868562661737077e-05,30,temporal,10.0
fine_gray,24,0.007201413080588875,8.305304470743736e-05,30,temporal,10.0
fine_gray,25,0.007483193566826338,0.00010050996655227943,30,temporal,10.0
fine_gray,26,0.00775987711603271,0.00012052365155742853,30,temporal,10.0
fine_gray,27,0.008078420970187756,0.00014730197604013358,30,temporal,10.0
fine_gray,28,0.00846357656773828,0.00018470356823226952,30,temporal,10.0
fine_gray,29,0.008822997169592336,0.0002261259198274061,30,temporal,10.0
fine_gray,30,0.00917188853233979,0.0002722853641654477,30,temporal,10.0
fine_gray,31,0.009518298898307354,0.00032548423431571306,30,temporal,10.0
fine_gray,32,0.009865120280212499,0.0003860674656719317,30,temporal,10.0
fine_gray,33,0.0102433323276545,0.0004611815289837044,30,temporal,10.0
fine_gray,34,0.010651969386719655,0.0005526504977906521,30,temporal,10.0
fine_gray,35,0.011092367088284356,0.0006648238039684321,30,temporal,10.0
fine_gray,36,0.01149274918505232,0.0007794149308642973,30,temporal,10.0
fine_gray,37,0.011932215411523277,0.0009206100369539616,30,temporal,10.0
fine_gray,38,0.012415630256772968,0.0010966386494288606,30,temporal,10.0
fine_gray,39,0.012946357304419374,0.0013127673728501766,30,temporal,10.0
fine_gray,40,0.013496076815601615,0.001566283176924188,30,temporal,10.0
fine_gray,41,0.014057370951195068,0.0018547132001746772,30,temporal,10.0
fine_gray,42,0.01466238871459749,0.002201228174876794,30,temporal,10.0
fine_gray,43,0.015238098507842983,0.0025647977308972947,30,temporal,10.0
fine_gray,44,0.015879142942220006,0.003011361918124437,30,temporal,10.0
fine_gray,45,0.016509019745602458,0.003488818221805016,30,temporal,10.0
fine_gray,46,0.017221063851114677,0.004078472667782311,30,temporal,10.0
fine_gray,47,0.018028396117412263,0.004808593887894915,30,temporal,10.0
fine_gray,48,0.018836639274388705,0.005598423698439081,30,temporal,10.0
fine_gray,49,0.01966456270531405,0.00646693490900978,30,temporal,10.0
fine_gray,50,0.020430714879740536,0.007319926139372771,30,temporal,10.0
fine_gray,51,0.02128134934469771,0.008316401792998513,30,temporal,10.0
fine_gray,52,0.02218098962057941,0.009423294011005997,30,temporal,10.0
fine_gray,53,0.023063852031816077,0.010555366997481504,30,temporal,10.0
fine_gray,54,0.023940625815179726,0.011721997228615078,30,temporal,10.0
fine_gray,55,0.02480432366961884,0.012905096780170267,30,temporal,10.0
fine_gray,56,0.025787293874301905,0.014287842846147324,30,temporal,10.0
fine_gray,57,0.02686491106396477,0.01584122182973949,30,temporal,10.0
fine_gray,58,0.02802509743678322,0.017545279826150624,30,temporal,10.0
fine_gray,59,0.029203391703572962,0.019304380002819557,30,temporal,10.0
fine_gray,60,0.03033761684511493,0.02101446165122106,30,temporal,10.0
fine_gray,61,0.031590319610039705,0.022911475641512597,30,temporal,10.0
fine_gray,62,0.033252757929265304,0.025441562724109763,30,temporal,10.0
fine_gray,63,0.03491426959954704,0.027956472471689173,30,temporal,10.0
fine_gray,64,0.03648408264252177,0.030315836629121407,30,temporal,10.0
fine_gray,65,0.03790039312340971,0.032414251288789796,30,temporal,10.0
fine_gray,66,0.039505903723248706,0.034761152121274584,30,temporal,10.0
fine_gray,67,0.04119767271104801,0.03718911595274962,30,temporal,10.0
fine_gray,68,0.04292890808283096,0.039608809564738015,30,temporal,10.0
fine_gray,69,0.04473119858887754,0.042065219977426856,30,temporal,10.0
fine_gray,70,0.046681749325541186,0.044650363342429986,30,temporal,10.0
fine_gray,71,0.048600982233098305,0.04710972283102565,30,temporal,10.0
fine_gray,72,0.05057005652807664,0.04955013843286148,30,temporal,10.0
fine_gray,73,0.052658544711825135,0.052048134577267494,30,temporal,10.0
fine_gray,74,0.05500628108851648,0.05474596111635191,30,temporal,10.0
fine_gray,75,0.05732002675665134,0.05728887799672347,30,temporal,10.0
fine_gray,76,0.059820554704553476,0.05992509877276137,30,temporal,10.0
fine_gray,77,0.06216676794277913,0.0622926035233726,30,temporal,10.0
fine_gray,78,0.06448945249277122,0.06454282494996696,30,temporal,10.0
fine_gray,79,0.0675419956689662,0.06736561292720819,30,temporal,10.0
fine_gray,80,0.07066644739541192,0.0701106954103618,30,temporal,10.0
fine_gray,81,0.07383418007661957,0.07275873570098916,30,temporal,10.0
fine_gray,82,0.07719762217917198,0.07543833499880001,30,temporal,10.0
fine_gray,83,0.08134631904958363,0.07857524601304776,30,temporal,10.0
fine_gray,84,0.08571233255649897,0.08170648327495543,30,temporal,10.0
fine_gray,85,0.09022902433398848,0.08479040555020513,30,temporal,10.0
fine_gray,86,0.09513371353887713,0.08799030571332675,30,temporal,10.0
fine_gray,87,0.10055559486190963,0.09138230752058342,30,temporal,10.0
fine_gray,88,0.10630335080176843,0.09484774608244692,30,temporal,10.0
fine_gray,89,0.11161838553412906,0.09797524331564174,30,temporal,10.0
fine_gray,90,0.11712550308344004,0.10115500305062228,30,temporal,10.0
fine_gray,91,0.12337750549081705,0.10471341896807071,30,temporal,10.0
fine_gray,92,0.13050525536313085,0.10869766864888666,30,temporal,10.0
fine_gray,93,0.1379814990966804,0.11280606004713603,30,temporal,10.0
fine_gray,94,0.14636685191421564,0.11734397296323525,30,temporal,10.0
fine_gray,95,0.15758473190010322,0.12329851331835334,30,temporal,10.0
fine_gray,96,0.17018492544300745,0.12984094596582677,30,temporal,10.0
fine_gray,97,0.19153367927536558,0.14063630284967557,30,temporal,10.0
fine_gray,98,0.22078570371061643,0.15494538043615386,30,temporal,10.0
fine_gray,99,0.2790005954991167,0.1822611380069053,30,temporal,10.0
gbs_naive,0,0.0009759184430982617,3.192143903274491e-06,26,temporal,10.0
gbs_naive,1,0.0011544156469601341,6.913409814875612e-06,28,temporal,10.0
gbs_naive,2,0.0012936852902288173,9.585691211111413e-06,28,temporal,10.0
gbs_naive,3,0.0014216686999582253,1.0860702388223084e-05,28,temporal,10.0
gbs_naive,4,0.0015394437038972022,1.5620841807917342e-05,29,temporal,10.0
gbs_naive,5,0.001658883327553177,2.06368134835803e-05,26,temporal,10.0
gbs_naive,6,0.0017741763811137741,2.4746487120130833e-05,29,temporal,10.0
gbs_naive,7,0.0018905640379426527,2.9858826058748454e-05,29,temporal,10.0
gbs_naive,8,0.0020086942949407213,3.7354823582395426e-05,28,temporal,10.0
gbs_naive,9,0.0021266896778175852,4.13691063326523e-05,28,temporal,10.0
gbs_naive,10,0.002246692885323465,5.352038470025263e-05,27,temporal,10.0
gbs_naive,11,0.002366011258813089,5.8588931660896734e-05,28,temporal,10.0
gbs_naive,12,0.0024874492175589137,6.975385020558574e-05,30,temporal,10.0
gbs_naive,13,0.002611749576829557,7.736572118642131e-05,29,temporal,10.0
gbs_naive,14,0.002735771732789922,9.727963278301314e-05,29,temporal,10.0
gbs_naive,15,0.0028672821391795985,0.0001081715581273531,30,temporal,10.0
gbs_naive,16,0.0029963307188789774,0.00011619018358097014,28,temporal,10.0
gbs_naive,17,0.003126360999609711,0.00014950591578410943,28,temporal,10.0
gbs_naive,18,0.0032626090247642823,0.00017060078856118895,27,temporal,10.0
gbs_naive,19,0.0034037455438498546,0.000185790133673643,29,temporal,10.0
gbs_naive,20,0.0035450589254146167,0.00020769359058932327,28,temporal,10.0
gbs_naive,21,0.003690788755642569,0.00023517615842811497,28,temporal,10.0
gbs_naive,22,0.0038427589298797925,0.0002592795133909309,29,temporal,10.0
gbs_naive,23,0.004000518861640243,0.0003106158660287184,29,temporal,10.0
gbs_naive,24,0.00416659898525241,0.00034024910090860356,29,temporal,10.0
gbs_naive,25,0.0043445417250754575,0.00038880745843617636,30,temporal,10.0
gbs_naive,26,0.004527563680316088,0.0004330590896931848,29,temporal,10.0
gbs_naive,27,0.004728434741114771,0.0005010428700233309,30,temporal,10.0
gbs_naive,28,0.004932923127275794,0.0005693937396784291,30,temporal,10.0
gbs_naive,29,0.0051492457772315675,0.0006378558805934335,29,temporal,10.0
gbs_naive,30,0.005373969326318349,0.0007248197481534898,29,temporal,10.0
gbs_naive,31,0.0056163786032118095,0.0008343339454736014,30,temporal,10.0
gbs_naive,32,0.00587650879483682,0.000952065716290477,30,temporal,10.0
gbs_naive,33,0.0061515127784922356,0.0011303735431682578,29,temporal,10.0
gbs_naive,34,0.0064460529963440705,0.0011931886417435218,29,temporal,10.0
gbs_naive,35,0.0067537726089666105,0.001412420591546811,29,temporal,10.0
gbs_naive,36,0.007082739834649717,0.0016701191093041468,29,temporal,10.0
gbs_naive,37,0.007440736148857393,0.001856833315525778,29,temporal,10.0
gbs_naive,38,0.007816776252005202,0.0021241112737712046,29,temporal,10.0
gbs_naive,39,0.00823098986046912,0.0023417459636124885,29,temporal,10.0
gbs_naive,40,0.008646056435091008,0.0028005700974273796,29,temporal,10.0
gbs_naive,41,0.009075601063873414,0.0032636761332092,28,temporal,10.0
gbs_naive,42,0.00953826860524335,0.003515019530382646,28,temporal,10.0
gbs_naive,43,0.010004068527136433,0.004140438167727149,28,temporal,10.0
gbs_naive,44,0.010502972019984623,0.00449920877251625,28,temporal,10.0
gbs_naive,45,0.011019325632251676,0.005110790452160437,28,temporal,10.0
gbs_naive,46,0.01157550333612852,0.005745568853379834,30,temporal,10.0
gbs_naive,47,0.012166262989240591,0.00647239662023343,29,temporal,10.0
gbs_naive,48,0.012810208473218994,0.007211144471158193,28,temporal,10.0
gbs_naive,49,0.013486086572697306,0.008102928181397788,29,temporal,10.0
gbs_naive,50,0.014188912309533957,0.009066713155495617,29,temporal,10.0
gbs_naive,51,0.014930351489752943,0.009937053741040954,29,temporal,10.0
gbs_naive,52,0.015731278518973543,0.01096811008285666,29,temporal,10.0
gbs_naive,53,0.016581272061897245,0.012262429993242693,30,temporal,10.0
gbs_naive,54,0.017453458969124844,0.01348515082237612,30,temporal,10.0
gbs_naive,55,0.01838322448912423,0.014798117581160142,30,temporal,10.0
gbs_naive,56,0.01937513200854318,0.016259449162965244,29,temporal,10.0
gbs_naive,57,0.020410733276324245,0.01762315006727727,29,temporal,10.0
gbs_naive,58,0.021575759198526424,0.019362353206583104,28,temporal,10.0
gbs_naive,59,0.022839553978510386,0.021128697026022703,29,temporal,10.0
gbs_naive,60,0.0241481507411167,0.02284196005769267,29,temporal,10.0
gbs_naive,61,0.02548078101113708,0.02480979311699248,29,temporal,10.0
gbs_naive,62,0.026972926952376915,0.026722667037121398,29,temporal,10.0
gbs_naive,63,0.02850754463844548,0.028786590929857768,29,temporal,10.0
gbs_naive,64,0.030153126727087413,0.030831584212938277,29,temporal,10.0
gbs_naive,65,0.03182733607320998,0.032994132687379316,29,temporal,10.0
gbs_naive,66,0.033644882847684236,0.03515320235811926,29,temporal,10.0
gbs_naive,67,0.03561332407606655,0.03743496325026729,29,temporal,10.0
gbs_naive,68,0.03770540249548151,0.03974964638315868,30,temporal,10.0
gbs_naive,69,0.039857679570499724,0.041926983462005185,29,temporal,10.0
gbs_naive,70,0.042170149111189555,0.04440419309025278,30,temporal,10.0
gbs_naive,71,0.0447140814690462,0.04687740498572334,30,temporal,10.0
gbs_naive,72,0.04752426379634785,0.04946951949020916,30,temporal,10.0
gbs_naive,73,0.05042983036544117,0.052004869725709876,30,temporal,10.0
gbs_naive,74,0.053631445547595684,0.05464429776682001,30,temporal,10.0
gbs_naive,75,0.057106172340529636,0.05733311996619349,30,temporal,10.0
gbs_naive,76,0.06087981991017178,0.06007116219095908,30,temporal,10.0
gbs_naive,77,0.06486003448266427,0.0627724558791914,30,temporal,10.0
gbs_naive,78,0.06899781254749807,0.06540196072517353,30,temporal,10.0
gbs_naive,79,0.07344729877163554,0.06805099176029535,30,temporal,10.0
gbs_naive,80,0.07827924555105295,0.07074315287462654,30,temporal,10.0
gbs_naive,81,0.08325513583423756,0.07333734794024847,30,temporal,10.0
gbs_naive,82,0.08873533773789367,0.07601792621323074,30,temporal,10.0
gbs_naive,83,0.09438694795387295,0.078613023048667,30,temporal,10.0
gbs_naive,84,0.10095286620152158,0.08144417503892878,30,temporal,10.0
gbs_naive,85,0.10783618312128351,0.08423742085412377,30,temporal,10.0
gbs_naive,86,0.11516163839294409,0.08715813653503318,29,temporal,10.0
gbs_naive,87,0.12322565833246764,0.08987980200829944,29,temporal,10.0
gbs_naive,88,0.1320318091996274,0.0930479639991497,30,temporal,10.0
gbs_naive,89,0.14171671692994672,0.09626638304269385,30,temporal,10.0
gbs_naive,90,0.15257134709768036,0.09973948255697995,30,temporal,10.0
gbs_naive,91,0.16378965118711383,0.10321814056461791,30,temporal,10.0
gbs_naive,92,0.176764448576809,0.10710895323084786,30,temporal,10.0
gbs_naive,93,0.19158758381245958,0.11141375811326384,30,temporal,10.0
gbs_naive,94,0.20943153942127596,0.11642851417945875,30,temporal,10.0
gbs_naive,95,0.23122365315419643,0.12229812022269045,30,temporal,10.0
gbs_naive,96,0.2598572289261331,0.12972470706187794,30,temporal,10.0
gbs_naive,97,0.2983279128556559,0.13927886465447878,30,temporal,10.0
gbs_naive,98,0.36294667563273236,0.15455469264873753,30,temporal,10.0
gbs_naive,99,0.522316579867964,0.190632387277979,30,temporal,10.0
logistic,0,0.0005248221060420237,9.132369893638525e-09,30,temporal,10.0
logistic,1,0.0006426575662672084,2.114920713743492e-08,30,temporal,10.0
logistic,2,0.0007483186357451724,3.933994304021008e-08,30,temporal,10.0
logistic,3,0.0008780579074856639,7.783662990442271e-08,30,temporal,10.0
logistic,4,0.0009983668164858035,1.3176968432689525e-07,30,temporal,10.0
logistic,5,0.0011069953737709466,2.053532642894614e-07,30,temporal,10.0
logistic,6,0.001227365036448764,3.1729456020738546e-07,30,temporal,10.0
logistic,7,0.0013504858315097669,4.725186941464029e-07,29,temporal,10.0
logistic,8,0.0014624807545209552,6.665878186873364e-07,30,temporal,10.0
logistic,9,0.0015803236137529135,9.369986567531186e-07,29,temporal,10.0
logistic,10,0.0017160062815155318,1.3239759666901682e-06,29,temporal,10.0
logistic,11,0.001838056388449292,1.7821955503594111e-06,30,temporal,10.0
logistic,12,0.0019678666750215412,2.4082665106820815e-06,30,temporal,10.0
logistic,13,0.0021004024412276693,3.192278222363676e-06,29,temporal,10.0
logistic,14,0.002233834325992041,4.1577783993015e-06,30,temporal,10.0
logistic,15,0.00237441321875343,5.418367606961165e-06,30,temporal,10.0
logistic,16,0.002527004825456614,7.082278045541142e-06,30,temporal,10.0
logistic,17,0.0026952861634636587,9.322007069634264e-06,30,temporal,10.0
logistic,18,0.0028594361751218666,1.2026350418048448e-05,30,temporal,10.0
logistic,19,0.0030411382874327474,1.5646616219300304e-05,30,temporal,10.0
logistic,20,0.003242883659074561,2.0734134789475908e-05,30,temporal,10.0
logistic,21,0.0034621677820991046,2.7261766066222216e-05,30,temporal,10.0
logistic,22,0.003662116550716434,3.441671652013219e-05,30,temporal,10.0
logistic,23,0.003849352556097025,4.3137767165672226e-05,29,temporal,10.0
logistic,24,0.004056116250925347,5.221718800932547e-05,29,temporal,10.0
logistic,25,0.004300874376802053,6.72678407617792e-05,30,temporal,10.0
logistic,26,0.004540401863597009,8.416481411694931e-05,30,temporal,10.0
logistic,27,0.004796066139282528,0.00010536571918929131,30,temporal,10.0
logistic,28,0.005069861054096788,0.0001316472536643724,30,temporal,10.0
logistic,29,0.005379117904771955,0.00016664801016550064,30,temporal,10.0
logistic,30,0.005672997621315176,0.00020555958974585915,30,temporal,10.0
logistic,31,0.005971343442562717,0.000250721895716773,30,temporal,10.0
logistic,32,0.006284199834968017,0.00030544733677613604,30,temporal,10.0
logistic,33,0.006619312696043797,0.0003722155706668784,30,temporal,10.0
logistic,34,0.006983376490693301,0.0004557472434284245,30,temporal,10.0
logistic,35,0.007392368565057458,0.0005626458766567126,30,temporal,10.0
logistic,36,0.007788242124175215,0.0006798598010955873,30,temporal,10.0
logistic,37,0.008183201146842805,0.0008129139116558585,30,temporal,10.0
logistic,38,0.008631855579395406,0.0009811259010623148,30,temporal,10.0
logistic,39,0.009091766164936437,0.0011750764187106115,30,temporal,10.0
logistic,40,0.009557109244226116,0.001392253904478613,30,temporal,10.0
logistic,41,0.010073387732531055,0.0016581534897221694,30,temporal,10.0
logistic,42,0.010651532629911344,0.0019891770608849056,30,temporal,10.0
logistic,43,0.011262556942340452,0.0023757034781102804,30,temporal,10.0
logistic,44,0.011860224162945304,0.0027879165203239928,30,temporal,10.0
logistic,45,0.012447996160905124,0.003228734378844163,30,temporal,10.0
logistic,46,0.013095145482863915,0.0037493985830282777,30,temporal,10.0
logistic,47,0.01376046894801505,0.0043234596986605365,30,temporal,10.0
logistic,48,0.014493008482848409,0.0049954039761582825,30,temporal,10.0
logistic,49,0.01530765885597444,0.005789732536140868,30,temporal,10.0
logistic,50,0.016202836998394813,0.00671289453974833,30,temporal,10.0
logistic,51,0.017126725454322242,0.007712171189117782,30,temporal,10.0
logistic,52,0.018085430992467937,0.008793725375784505,30,temporal,10.0
logistic,53,0.019112199978733053,0.009994150823208496,30,temporal,10.0
logistic,54,0.02021392780324197,0.011322226272311638,30,temporal,10.0
logistic,55,0.021285527392915483,0.012645915287171742,30,temporal,10.0
logistic,56,0.02241307284577263,0.01406311174280909,30,temporal,10.0
logistic,57,0.023633438077131266,0.015618796066579366,30,temporal,10.0
logistic,58,0.024855864825149298,0.017191115485632895,30,temporal,10.0
logistic,59,0.02622215759080446,0.018956357183094363,30,temporal,10.0
logistic,60,0.027687613260137876,0.02084900101552058,30,temporal,10.0
logistic,61,0.029215640895244012,0.0228128271178773,30,temporal,10.0
logistic,62,0.03088958674497612,0.02494362002513035,30,temporal,10.0
logistic,63,0.03278296036702306,0.02731378723755564,30,temporal,10.0
logistic,64,0.034743509788207366,0.029722718929885615,30,temporal,10.0
logistic,65,0.036710651511752665,0.03207953808172821,30,temporal,10.0
logistic,66,0.038793698585235195,0.03450521703864606,30,temporal,10.0
logistic,67,0.040867491968845385,0.03684447567224089,30,temporal,10.0
logistic,68,0.04306680861484596,0.03931489176852656,29,temporal,10.0
logistic,69,0.04545222702460213,0.041682454906563894,29,temporal,10.0
logistic,70,0.048014490803871115,0.044336254697179237,30,temporal,10.0
logistic,71,0.05086022389076752,0.04707122770639072,30,temporal,10.0
logistic,72,0.053898863756108605,0.04984666870298633,30,temporal,10.0
logistic,73,0.05710728288143101,0.05262171234159349,30,temporal,10.0
logistic,74,0.060259183060797264,0.055200304464659254,30,temporal,10.0
logistic,75,0.06331438725170485,0.05757496480348145,30,temporal,10.0
logistic,76,0.0664810259541204,0.0599085371375686,30,temporal,10.0
logistic,77,0.07014961311514274,0.06246566851240439,30,temporal,10.0
logistic,78,0.07439068802827405,0.06524610234130755,30,temporal,10.0
logistic,79,0.07918365860769667,0.0681780785276357,30,temporal,10.0
logistic,80,0.08427846367392579,0.07108559226091206,30,temporal,10.0
logistic,81,0.08947726921766115,0.07385462854285331,30,temporal,10.0
logistic,82,0.09504395372535186,0.07662943110924306,30,temporal,10.0
logistic,83,0.10087176434251041,0.07935040839117298,30,temporal,10.0
logistic,84,0.10747277395471753,0.0822398394158353,30,temporal,10.0
logistic,85,0.11473804874137143,0.0852221193643918,30,temporal,10.0
logistic,86,0.12243007517320402,0.08819642042061523,30,temporal,10.0
logistic,87,0.13120299413152695,0.09139899490624902,30,temporal,10.0
logistic,88,0.1409644044753928,0.09478425762953688,30,temporal,10.0
logistic,89,0.15091539445778535,0.098084984737655,30,temporal,10.0
logistic,90,0.1618678599452753,0.10159627062902334,30,temporal,10.0
logistic,91,0.17471775061619083,0.10558983424956372,30,temporal,10.0
logistic,92,0.18764197162315024,0.10948721774466556,30,temporal,10.0
logistic,93,0.2021804837464111,0.11373768263221933,30,temporal,10.0
logistic,94,0.21829763501772043,0.11831929804899666,30,temporal,10.0
logistic,95,0.23965633566453595,0.1241994188216871,30,temporal,10.0
logistic,96,0.2651336934552306,0.13097463443896634,30,temporal,10.0
logistic,97,0.30281076451491973,0.14063867863469526,30,temporal,10.0
logistic,98,0.3638999743517152,0.15564235656412484,30,temporal,10.0
logistic,99,0.47933080714131016,0.18301967513689388,30,temporal,10.0
logistic_cr,0,0.000949134601513781,4.450431123625975e-09,30,temporal,10.0
logistic_cr,1,0.0011244267143872106,1.0623481694338466e-08,30,temporal,10.0
logistic_cr,2,0.0012710337725511613,2.0288603193770645e-08,30,temporal,10.0
logistic_cr,3,0.001439087754691898,3.918436456418206e-08,30,temporal,10.0
logistic_cr,4,0.0016077862098463841,7.034556918084078e-08,30,temporal,10.0
logistic_cr,5,0.0017629190998566296,1.1388272473563295e-07,29,temporal,10.0
logistic_cr,6,0.001916578450117953,1.7793170568788003e-07,30,temporal,10.0
logistic_cr,7,0.0020710032639008643,2.6811913833209763e-07,30,temporal,10.0
logistic_cr,8,0.002217940327327983,3.8896562638187266e-07,29,temporal,10.0
logistic_cr,9,0.002365110514415502,5.411184767637837e-07,29,temporal,10.0
logistic_cr,10,0.0025200921637053026,7.691987175946954e-07,30,temporal,10.0
logistic_cr,11,0.00266919354166681,1.0440851497743134e-06,30,temporal,10.0
logistic_cr,12,0.002824735392443429,1.43779735025662e-06,29,temporal,10.0
logistic_cr,13,0.0029898105225989752,1.9295083254896222e-06,30,temporal,10.0
logistic_cr,14,0.0031558667191160595,2.600943438846315e-06,29,temporal,10.0
logistic_cr,15,0.003325548429870565,3.4474822675711892e-06,29,temporal,10.0
logistic_cr,16,0.003511097102704085,4.60940356973305e-06,30,temporal,10.0
logistic_cr,17,0.003695624334327136,5.883399901899603e-06,28,temporal,10.0
logistic_cr,18,0.0038768329682310823,7.934286237957592e-06,29,temporal,10.0
logistic_cr,19,0.004061919223315575,1.0199105302551489e-05,28,temporal,10.0
logistic_cr,20,0.004289301640898486,1.3491380368779727e-05,30,temporal,10.0
logistic_cr,21,0.00454476337456231,1.8318576149770986e-05,30,temporal,10.0
logistic_cr,22,0.004760639220888102,2.3340404355816822e-05,30,temporal,10.0
logistic_cr,23,0.00497395358991075,2.9385094250788947e-05,30,temporal,10.0
logistic_cr,24,0.005213824092277444,3.7543487176361355e-05,30,temporal,10.0
logistic_cr,25,0.005455696859434132,4.758040468546184e-05,30,temporal,10.0
logistic_cr,26,0.0057154327572297246,6.03973948103409e-05,30,temporal,10.0
logistic_cr,27,0.00598359995267701,7.62440056212954e-05,30,temporal,10.0
logistic_cr,28,0.006293367942068587,9.821246030093563e-05,30,temporal,10.0
logistic_cr,29,0.006625405203348081,0.00012674362210775004,30,temporal,10.0
logistic_cr,30,0.006925994870681369,0.00015775517036583273,30,temporal,10.0
logistic_cr,31,0.007217856131447242,0.00019252826114296573,30,temporal,10.0
logistic_cr,32,0.007537363246627343,0.00023779228719239542,30,temporal,10.0
logistic_cr,33,0.007872059551841325,0.0002924895340400598,30,temporal,10.0
logistic_cr,34,0.00823331071639729,0.00036133695990130387,30,temporal,10.0
logistic_cr,35,0.008604682403693541,0.0004425244708147683,30,temporal,10.0
logistic_cr,36,0.008990497471645374,0.0005399032190067728,30,temporal,10.0
logistic_cr,37,0.009372075602432861,0.0006511705264490889,30,temporal,10.0
logistic_cr,38,0.00980322824441338,0.0007945196184156086,30,temporal,10.0
logistic_cr,39,0.010252861154598943,0.0009650360882848726,30,temporal,10.0
logistic_cr,40,0.010750318804201695,0.001181198801879213,30,temporal,10.0
logistic_cr,41,0.011260667153076968,0.0014328133604849414,30,temporal,10.0
logistic_cr,42,0.011799768478333143,0.0017312655375602078,30,temporal,10.0
logistic_cr,43,0.012332385078967941,0.0020626289926921355,30,temporal,10.0
logistic_cr,44,0.012858537324220981,0.002425062854302958,30,temporal,10.0
logistic_cr,45,0.013444366760744413,0.0028706466039397044,30,temporal,10.0
logistic_cr,46,0.014026219125875757,0.003354740603163586,30,temporal,10.0
logistic_cr,47,0.014676852039751161,0.003945853440772888,30,temporal,10.0
logistic_cr,48,0.015389333074348654,0.004649189031293332,30,temporal,10.0
logistic_cr,49,0.016096329582120063,0.0054022026061705175,30,temporal,10.0
logistic_cr,50,0.016838222326384624,0.006248792742659411,30,temporal,10.0
logistic_cr,51,0.017655893082392744,0.007240089864388551,30,temporal,10.0
logistic_cr,52,0.018560965052780466,0.00840468314339831,30,temporal,10.0
logistic_cr,53,0.01944990532126616,0.0096083421551775,30,temporal,10.0
logistic_cr,54,0.020343425553605965,0.010870899011361264,30,temporal,10.0
logistic_cr,55,0.021260255200858565,0.01221422627068992,30,temporal,10.0
logistic_cr,56,0.022171408973843846,0.013588934778148732,30,temporal,10.0
logistic_cr,57,0.023205756507991466,0.015189702990457531,30,temporal,10.0
logistic_cr,58,0.024309753464887104,0.016934393433243083,30,temporal,10.0
logistic_cr,59,0.025503896679115522,0.018850743972482924,30,temporal,10.0
logistic_cr,60,0.026596644230086935,0.020623055839111466,30,temporal,10.0
logistic_cr,61,0.02780216326851219,0.02258821280933008,30,temporal,10.0
logistic_cr,62,0.0292398356371482,0.024928761029221536,30,temporal,10.0
logistic_cr,63,0.030667453260328492,0.02724217496303687,30,temporal,10.0
logistic_cr,64,0.03220374843443286,0.029707876706966656,30,temporal,10.0
logistic_cr,65,0.03370398991272275,0.03207744193097902,30,temporal,10.0
logistic_cr,66,0.03534428507133463,0.03461989895077259,30,temporal,10.0
logistic_cr,67,0.037123929141811576,0.037308103414071724,30,temporal,10.0
logistic_cr,68,0.038945120331045344,0.03998074786080119,30,temporal,10.0
logistic_cr,69,0.04074521128651042,0.04253825324082926,30,temporal,10.0
logistic_cr,70,0.04282923061347622,0.04539119195851789,30,temporal,10.0
logistic_cr,71,0.044883869431387766,0.04808656225828744,30,temporal,10.0
logistic_cr,72,0.04691454323585658,0.05064038009100529,30,temporal,10.0
logistic_cr,73,0.049137165098511806,0.05331373116194529,30,temporal,10.0
logistic_cr,74,0.05139891459125787,0.055903550070374085,30,temporal,10.0
logistic_cr,75,0.05371137710085871,0.05842750058441816,30,temporal,10.0
logistic_cr,76,0.056328653801263805,0.06113660705020392,30,temporal,10.0
logistic_cr,77,0.059062483564949426,0.06380800165730974,30,temporal,10.0
logistic_cr,78,0.06191838210762643,0.06643807554160668,30,temporal,10.0
logistic_cr,79,0.06505512772600253,0.06915909939834192,30,temporal,10.0
logistic_cr,80,0.06842712637016124,0.07190603779329306,30,temporal,10.0
logistic_cr,81,0.0720031201262953,0.0746355156116844,30,temporal,10.0
logistic_cr,82,0.07575843112336608,0.07732333918600602,30,temporal,10.0
logistic_cr,83,0.0795791317086963,0.07989391228976443,30,temporal,10.0
logistic_cr,84,0.08383649025176429,0.08259101562772551,30,temporal,10.0
logistic_cr,85,0.08875553601915191,0.08551807418541175,30,temporal,10.0
logistic_cr,86,0.09504660853321087,0.08902088639956621,30,temporal,10.0
logistic_cr,87,0.1010629268862939,0.09217336831071896,30,temporal,10.0
logistic_cr,88,0.10755420117147038,0.09541391471131104,30,temporal,10.0
logistic_cr,89,0.11385144432346264,0.09843335698824303,30,temporal,10.0
logistic_cr,90,0.12076793845673055,0.10165956936879236,30,temporal,10.0
logistic_cr,91,0.12843216440917815,0.10514457294495101,30,temporal,10.0
logistic_cr,92,0.13695300929616214,0.10891741097368932,30,temporal,10.0
logistic_cr,93,0.14676812711924,0.11314655803538383,30,temporal,10.0
logistic_cr,94,0.15707436704799424,0.11747632691706208,30,temporal,10.0
logistic_cr,95,0.16993468520722085,0.12272584055155365,30,temporal,10.0
logistic_cr,96,0.1864123240968408,0.1292341820110194,30,temporal,10.0
logistic_cr,97,0.2105849707297253,0.13841759581599813,30,temporal,10.0
logistic_cr,98,0.2520908020025933,0.15339015070770293,30,temporal,10.0
logistic_cr,99,0.33378926615363286,0.18098681207834832,30,temporal,10.0
nfg,0,0.0033910790297513203,0.004502656475827775,2,temporal,10.0
nfg,1,0.0034780411367304623,0.0037061852266423705,2,temporal,10.0
nfg,2,0.003508290672985216,0.004043256793741171,4,temporal,10.0
nfg,3,0.003546923995576799,0.003805512688943909,4,temporal,10.0
nfg,4,0.0035641317772989473,0.003485849950189146,3,temporal,10.0
nfg,5,0.003597354492110511,0.0040218548322391206,7,temporal,10.0
nfg,6,0.0036088433293936153,0.0035912098563094927,5,temporal,10.0
nfg,7,0.0036196412002357345,0.004040636938957894,7,temporal,10.0
nfg,8,0.0036430815676537654,0.004003285020923712,7,temporal,10.0
nfg,9,0.003648238249650846,0.0038263443668764773,5,temporal,10.0
nfg,10,0.003663828456370781,0.0038023203925088176,9,temporal,10.0
nfg,11,0.0036962404191183545,0.004182814253146994,11,temporal,10.0
nfg,12,0.0037227657261615,0.003969523632971299,9,temporal,10.0
nfg,13,0.003733549987804145,0.0037404617535091054,4,temporal,10.0
nfg,14,0.0037414950300939383,0.004119908247897316,7,temporal,10.0
nfg,15,0.00376745351391534,0.003975851503577824,12,temporal,10.0
nfg,16,0.003782178047268341,0.0038589935750255673,5,temporal,10.0
nfg,17,0.003798523747610549,0.0036544998722995697,11,temporal,10.0
nfg,18,0.0038031579997080066,0.003891469754776078,2,temporal,10.0
nfg,19,0.003814920340757817,0.004285037842077432,6,temporal,10.0
nfg,20,0.0038231383356576165,0.00405568778105824,11,temporal,10.0
nfg,21,0.0038436300383880733,0.004108996005238093,12,temporal,10.0
nfg,22,0.0038623964328629275,0.0038213845237205094,12,temporal,10.0
nfg,23,0.0038797702739015224,0.003972820023717801,15,temporal,10.0
nfg,24,0.0038993881075332563,0.004399515622071392,7,temporal,10.0
nfg,25,0.003917781478787462,0.0037444557298673647,4,temporal,10.0
nfg,26,0.003924157730024308,0.004542349210271334,7,temporal,10.0
nfg,27,0.003936085419356823,0.003976889125555446,11,temporal,10.0
nfg,28,0.003974680002437283,0.004151989701389247,22,temporal,10.0
nfg,29,0.004011176771484316,0.003998826688055687,10,temporal,10.0
nfg,30,0.0040609583840395015,0.0042654860317656125,26,temporal,10.0
nfg,31,0.004147874605096876,0.004398200030124025,21,temporal,10.0
nfg,32,0.004186824121822914,0.004413711812692785,11,temporal,10.0
nfg,33,0.004263188560772688,0.0044953362410603956,23,temporal,10.0
nfg,34,0.004387651295680553,0.004697342951794729,28,temporal,10.0
nfg,35,0.0045403021669946616,0.00482754701016973,27,temporal,10.0
nfg,36,0.004727843911821644,0.005023125989585831,29,temporal,10.0
nfg,37,0.004947707792868216,0.005348004283609908,29,temporal,10.0
nfg,38,0.005180810445950677,0.005553735483649672,28,temporal,10.0
nfg,39,0.0054386908036346245,0.005863641729407465,27,temporal,10.0
nfg,40,0.005741935919535657,0.006224362379132653,30,temporal,10.0
nfg,41,0.0060855121572812405,0.006643595128439991,29,temporal,10.0
nfg,42,0.006456010768283158,0.007030164504856136,28,temporal,10.0
nfg,43,0.0068632513293996455,0.007471024332733263,29,temporal,10.0
nfg,44,0.0072868357959824295,0.007981100234776514,28,temporal,10.0
nfg,45,0.007741767001431436,0.008532948486133526,28,temporal,10.0
nfg,46,0.00821200055619702,0.008954372030865668,28,temporal,10.0
nfg,47,0.00871172498560821,0.009632617190607214,28,temporal,10.0
nfg,48,0.009221137318542849,0.010128696673277348,29,temporal,10.0
nfg,49,0.00975041748729224,0.010695831889471496,29,temporal,10.0
nfg,50,0.010294237369423111,0.011316143148179861,29,temporal,10.0
nfg,51,0.010847574131563308,0.01193211872436806,27,temporal,10.0
nfg,52,0.011439567360530296,0.012596036666877619,27,temporal,10.0
nfg,53,0.012044248816433052,0.013178381581966717,29,temporal,10.0
nfg,54,0.012697878128507487,0.01397226218383925,28,temporal,10.0
nfg,55,0.013362480149728562,0.014624965118192269,28,temporal,10.0
nfg,56,0.014081009540272258,0.015400193345376482,29,temporal,10.0
nfg,57,0.01483528521905343,0.01612970779749412,29,temporal,10.0
nfg,58,0.01564313346076136,0.016939143200203118,29,temporal,10.0
nfg,59,0.016507555763050914,0.017873341537577414,28,temporal,10.0
nfg,60,0.017441250065093238,0.01885048371379135,28,temporal,10.0
nfg,61,0.01842156532462686,0.01988964474610042,29,temporal,10.0
nfg,62,0.019489103134938828,0.02097795467017787,28,temporal,10.0
nfg,63,0.02064629581303646,0.022030904138741866,29,temporal,10.0
nfg,64,0.02190192732357731,0.02315047417416704,28,temporal,10.0
nfg,65,0.02319197160676122,0.02458117864852483,29,temporal,10.0
nfg,66,0.024629644835491977,0.02594266651451854,29,temporal,10.0
nfg,67,0.026175992558772374,0.027295646951103297,28,temporal,10.0
nfg,68,0.027883609573915613,0.029070164507157006,29,temporal,10.0
nfg,69,0.02985396263338627,0.030781043969401244,29,temporal,10.0
nfg,70,0.03209152939766647,0.0330255631858398,28,temporal,10.0
nfg,71,0.0345586121595775,0.03500032981597962,28,temporal,10.0
nfg,72,0.03725221926979721,0.03742237290993279,28,temporal,10.0
nfg,73,0.04014197555432717,0.04006943977145076,29,temporal,10.0
nfg,74,0.043314234492803604,0.0428042642907783,30,temporal,10.0
nfg,75,0.046770841668794555,0.04580937248783198,29,temporal,10.0
nfg,76,0.05054579794276506,0.04896736107343606,29,temporal,10.0
nfg,77,0.05432658254653215,0.05198117392567306,29,temporal,10.0
nfg,78,0.05829542772124212,0.05535978686586772,29,temporal,10.0
nfg,79,0.06264811005940042,0.05882333592968861,29,temporal,10.0
nfg,80,0.06724319543105865,0.06259504978829585,29,temporal,10.0
nfg,81,0.07217895328203841,0.06647703026756799,29,temporal,10.0
nfg,82,0.07744370959376298,0.07056990274160878,28,temporal,10.0
nfg,83,0.08341758789370464,0.0751977600620583,29,temporal,10.0
nfg,84,0.08994694232692321,0.07998678320260882,29,temporal,10.0
nfg,85,0.09626877153565484,0.08496744071895848,28,temporal,10.0
nfg,86,0.10269889298081399,0.08989118298520911,28,temporal,10.0
nfg,87,0.10901822168032328,0.0941637696758904,28,temporal,10.0
nfg,88,0.1152222024291754,0.09875931784947528,29,temporal,10.0
nfg,89,0.12194615517357985,0.10388635530596872,29,temporal,10.0
nfg,90,0.12863022772967816,0.1085763523999552,30,temporal,10.0
nfg,91,0.13557525080045074,0.11349589693996523,29,temporal,10.0
nfg,92,0.14292096073925492,0.11896373743953964,29,temporal,10.0
nfg,93,0.15075869282682738,0.12425937320450703,29,temporal,10.0
nfg,94,0.16019635402957605,0.1310233762444898,29,temporal,10.0
nfg,95,0.17062292467157045,0.13853206070588794,29,temporal,10.0
nfg,96,0.1813693522890409,0.14549723845829116,29,temporal,10.0
nfg,97,0.194400958697001,0.15453987300407285,29,temporal,10.0
nfg,98,0.21096138936877248,0.16571637464177552,29,temporal,10.0
nfg,99,0.24305893758734098,0.18781342912048907,30,temporal,10.0
rsf_cr,0,8.452211015658127e-05,5.334304484699478e-05,28,temporal,10.0
rsf_cr,1,0.00021487892892067812,0.000143734327195022,28,temporal,10.0
rsf_cr,2,0.00033522669301152056,0.00023633989816349195,29,temporal,10.0
rsf_cr,3,0.00045341034688487516,0.00032070960857677835,28,temporal,10.0
rsf_cr,4,0.0005678724923801752,0.00035118864345729716,27,temporal,10.0
rsf_cr,5,0.0006796788085608926,0.000489842290164988,28,temporal,10.0
rsf_cr,6,0.0007955050734911998,0.0005697753695405631,28,temporal,10.0
rsf_cr,7,0.0009100297058058929,0.0005908092445734499,27,temporal,10.0
rsf_cr,8,0.001028127751512111,0.000676068859247599,29,temporal,10.0
rsf_cr,9,0.0011503355416671826,0.000839703861459747,28,temporal,10.0
rsf_cr,10,0.0012779300667959763,0.0009202690487710274,29,temporal,10.0
rsf_cr,11,0.001408556441672933,0.0009858029397080321,30,temporal,10.0
rsf_cr,12,0.0015493346474838774,0.0011154868170019168,29,temporal,10.0
rsf_cr,13,0.0016946466311953863,0.0011757265588506944,29,temporal,10.0
rsf_cr,14,0.0018403228541483208,0.0012638726452895877,29,temporal,10.0
rsf_cr,15,0.0019929164078833833,0.0014490192503949118,29,temporal,10.0
rsf_cr,16,0.002153078158691813,0.0015435132437887817,29,temporal,10.0
rsf_cr,17,0.00231786034773023,0.0016270177571291974,29,temporal,10.0
rsf_cr,18,0.0024887914890966653,0.00181535882864019,29,temporal,10.0
rsf_cr,19,0.002669639359008129,0.0019419436223522602,29,temporal,10.0
rsf_cr,20,0.0028561702593005536,0.0020582615605488352,30,temporal,10.0
rsf_cr,21,0.0030542212034350715,0.0021951821694375004,28,temporal,10.0
rsf_cr,22,0.0032555535556737466,0.002364618769133453,28,temporal,10.0
rsf_cr,23,0.0034711285988996976,0.002521656132938725,29,temporal,10.0
rsf_cr,24,0.0037006695813952663,0.0027372945379707655,28,temporal,10.0
rsf_cr,25,0.003944054610669251,0.002901123830444959,28,temporal,10.0
rsf_cr,26,0.004201683127240696,0.003133275873206202,28,temporal,10.0
rsf_cr,27,0.004460201624648721,0.0032929764057204308,30,temporal,10.0
rsf_cr,28,0.004728945167144023,0.0035028494757909073,30,temporal,10.0
rsf_cr,29,0.005003538898501298,0.003706183627502905,28,temporal,10.0
rsf_cr,30,0.005306872798760788,0.0039420718196314245,29,temporal,10.0
rsf_cr,31,0.005621237927904566,0.004209151423838697,29,temporal,10.0
rsf_cr,32,0.005960348445461478,0.004494831564240502,28,temporal,10.0
rsf_cr,33,0.006313046436167868,0.004728271369477259,28,temporal,10.0
rsf_cr,34,0.006690648356806187,0.0050769733717011215,29,temporal,10.0
rsf_cr,35,0.007094469500090745,0.005324033426839873,27,temporal,10.0
rsf_cr,36,0.0075092804159156415,0.005707549824657639,27,temporal,10.0
rsf_cr,37,0.00796505286750267,0.006037476851759201,29,temporal,10.0
rsf_cr,38,0.00844127571672285,0.006454724168546607,29,temporal,10.0
rsf_cr,39,0.008958840303470677,0.006878445615940317,29,temporal,10.0
rsf_cr,40,0.009503126002860565,0.007307416832200705,28,temporal,10.0
rsf_cr,41,0.01009834651907484,0.0077617457037434355,29,temporal,10.0
rsf_cr,42,0.010703611775679304,0.008276076346660428,29,temporal,10.0
rsf_cr,43,0.01136068828014972,0.008842398356566184,28,temporal,10.0
rsf_cr,44,0.012083422394910866,0.009390702328014911,29,temporal,10.0
rsf_cr,45,0.012844551153088912,0.01002418376871087,29,temporal,10.0
rsf_cr,46,0.013647558358695876,0.01066653093592298,30,temporal,10.0
rsf_cr,47,0.014458870005764622,0.011346864717568869,29,temporal,10.0
rsf_cr,48,0.015342554158262061,0.012031761710689053,29,temporal,10.0
rsf_cr,49,0.016287020808238708,0.012824438860486013,29,temporal,10.0
rsf_cr,50,0.017267185288196655,0.013556516204813247,28,temporal,10.0
rsf_cr,51,0.018322744199397337,0.014437038855446135,29,temporal,10.0
rsf_cr,52,0.019461509874106962,0.015349753069750945,29,temporal,10.0
rsf_cr,53,0.020660595179041515,0.016362912298778967,29,temporal,10.0
rsf_cr,54,0.021841285549392776,0.017279324996057423,29,temporal,10.0
rsf_cr,55,0.02313305224872705,0.018326577009371476,29,temporal,10.0
rsf_cr,56,0.02444199898093258,0.01939870189924142,27,temporal,10.0
rsf_cr,57,0.025820288825160635,0.020384663217184285,28,temporal,10.0
rsf_cr,58,0.027256322837478565,0.02160584750048652,29,temporal,10.0
rsf_cr,59,0.02870253390325738,0.022671190715142762,29,temporal,10.0
rsf_cr,60,0.030189477697411624,0.02397633599938474,29,temporal,10.0
rsf_cr,61,0.03178580598175573,0.025157008068509127,29,temporal,10.0
rsf_cr,62,0.03341390125439737,0.026449474177170196,30,temporal,10.0
rsf_cr,63,0.03515681653840134,0.02781767639843695,30,temporal,10.0
rsf_cr,64,0.036942534875663895,0.029199641462279543,29,temporal,10.0
rsf_cr,65,0.038804713476465316,0.03067222515591881,30,temporal,10.0
rsf_cr,66,0.04078689613911465,0.03221722228151539,30,temporal,10.0
rsf_cr,67,0.04287109803706235,0.03383938629538473,30,temporal,10.0
rsf_cr,68,0.04508245412340945,0.03555602985906522,30,temporal,10.0
rsf_cr,69,0.047298215407539694,0.03727160373221303,30,temporal,10.0
rsf_cr,70,0.049704458090230844,0.03917982857201984,29,temporal,10.0
rsf_cr,71,0.05212514735974054,0.04095121622454044,29,temporal,10.0
rsf_cr,72,0.05473779514746361,0.04301053830019956,30,temporal,10.0
rsf_cr,73,0.0574372316222093,0.04513844349526841,29,temporal,10.0
rsf_cr,74,0.06032897718348071,0.04724680910652097,29,temporal,10.0
rsf_cr,75,0.06331967764289415,0.04958938978410375,30,temporal,10.0
rsf_cr,76,0.06642841374947879,0.052012111437532524,29,temporal,10.0
rsf_cr,77,0.06960978030732551,0.0543429547635687,29,temporal,10.0
rsf_cr,78,0.07284142622998875,0.05685162953465463,30,temporal,10.0
rsf_cr,79,0.07624484502479915,0.05943984176711609,30,temporal,10.0
rsf_cr,80,0.07973350895427428,0.06208864169153186,30,temporal,10.0
rsf_cr,81,0.08358780502895395,0.0650099869511212,30,temporal,10.0
rsf_cr,82,0.0875788718074548,0.06803292280142,30,temporal,10.0
rsf_cr,83,0.09167989528878663,0.07113518165474243,30,temporal,10.0
rsf_cr,84,0.0961969406147969,0.07454805556306385,30,temporal,10.0
rsf_cr,85,0.10082911822314798,0.07804656026570064,30,temporal,10.0
rsf_cr,86,0.10588541238737774,0.08186363254827338,30,temporal,10.0
rsf_cr,87,0.11139623284521975,0.08601870637867975,30,temporal,10.0
rsf_cr,88,0.11761136887939909,0.09069882002077732,30,temporal,10.0
rsf_cr,89,0.12418882933082014,0.09565429100879297,30,temporal,10.0
rsf_cr,90,0.13133056364095946,0.10103847126541309,30,temporal,10.0
rsf_cr,91,0.13867027309551413,0.10656098918176037,30,temporal,10.0
rsf_cr,92,0.14657050399808025,0.1125102733336662,30,temporal,10.0
rsf_cr,93,0.15431673151289263,0.11834461545186689,30,temporal,10.0
rsf_cr,94,0.16303337613358823,0.12493280252668847,30,temporal,10.0
rsf_cr,95,0.17251598151589317,0.13209028542127862,30,temporal,10.0
rsf_cr,96,0.18340337310433535,0.14029070184345596,30,temporal,10.0
rsf_cr,97,0.19695860827104877,0.1505623803887268,30,temporal,10.0
rsf_cr,98,0.21493108241583514,0.1641947998037686,30,temporal,10.0
rsf_cr,99,0.2500248499180158,0.19093318479531157,30,temporal,10.0
rsf_naive,0,7.91379508487388e-05,3.060008112874731e-05,29,temporal,10.0
rsf_naive,1,0.00021171357345785483,8.746568416669875e-05,27,temporal,10.0
rsf_naive,2,0.0003292180860609205,0.00016291295215150974,28,temporal,10.0
rsf_naive,3,0.0004449604306925335,0.0002091942704435838,28,temporal,10.0
rsf_naive,4,0.0005547956898116086,0.00027915211639574223,29,temporal,10.0
rsf_naive,5,0.0006620796967140554,0.00034896284484440263,29,temporal,10.0
rsf_naive,6,0.0007756948063096595,0.00040558243355020006,30,temporal,10.0
rsf_naive,7,0.0008902778749797645,0.00047479598404398526,29,temporal,10.0
rsf_naive,8,0.0010101511093438694,0.0005419383017937393,29,temporal,10.0
rsf_naive,9,0.0011316603360680645,0.0006303965908105447,29,temporal,10.0
rsf_naive,10,0.0012569993448905688,0.0007216681369037229,29,temporal,10.0
rsf_naive,11,0.0013878912279217126,0.0007973348131750694,30,temporal,10.0
rsf_naive,12,0.0015281363001681863,0.0008876524507586543,29,temporal,10.0
rsf_naive,13,0.001666011191586255,0.0010177732686609709,27,temporal,10.0
rsf_naive,14,0.0018103716971752538,0.0010862746112836109,29,temporal,10.0
rsf_naive,15,0.0019615562895577447,0.0011943518591931287,29,temporal,10.0
rsf_naive,16,0.0021209212988768434,0.0013474855675855342,28,temporal,10.0
rsf_naive,17,0.0022860395771086995,0.0014393531800456956,28,temporal,10.0
rsf_naive,18,0.0024605185092804066,0.001565132998147852,30,temporal,10.0
rsf_naive,19,0.0026419798357722847,0.0016882691672921854,29,temporal,10.0
rsf_naive,20,0.002818896023647446,0.0018523839900171626,28,temporal,10.0
rsf_naive,21,0.0030040685844889697,0.0019271609716644581,27,temporal,10.0
rsf_naive,22,0.003209276985092901,0.0022275570010769114,27,temporal,10.0
rsf_naive,23,0.0034210508054206136,0.002262499264054411,28,temporal,10.0
rsf_naive,24,0.0036456672722314193,0.002479214140188335,30,temporal,10.0
rsf_naive,25,0.0038861568382883367,0.002667531734621065,29,temporal,10.0
rsf_naive,26,0.004133882222740956,0.002855166665380345,29,temporal,10.0
rsf_naive,27,0.004394286755695437,0.0030944858391283286,29,temporal,10.0
rsf_naive,28,0.004662531671206903,0.003236797657366686,27,temporal,10.0
rsf_naive,29,0.004942474129843441,0.0035563641384861898,28,temporal,10.0
rsf_naive,30,0.0052435226151464715,0.0037757746020067834,30,temporal,10.0
rsf_naive,31,0.005561239217170439,0.0040842279934275505,29,temporal,10.0
rsf_naive,32,0.005887077533952327,0.004241042667063666,27,temporal,10.0
rsf_naive,33,0.006221648908629335,0.004539805987978437,27,temporal,10.0
rsf_naive,34,0.006577269205376254,0.00488671649022403,29,temporal,10.0
rsf_naive,35,0.006966792325456499,0.005222355213520687,29,temporal,10.0
rsf_naive,36,0.007388561210952827,0.005543634861737593,29,temporal,10.0
rsf_naive,37,0.007844454007804017,0.0059283758466304294,28,temporal,10.0
rsf_naive,38,0.00832163483257307,0.00635780826166115,29,temporal,10.0
rsf_naive,39,0.008829658713457127,0.006795441953213551,29,temporal,10.0
rsf_naive,40,0.009362711694118255,0.007235338040247463,28,temporal,10.0
rsf_naive,41,0.009921295803371623,0.007710957230593015,29,temporal,10.0
rsf_naive,42,0.01054464967990178,0.00826177516202427,29,temporal,10.0
rsf_naive,43,0.011202358724376959,0.008801569868055895,30,temporal,10.0
rsf_naive,44,0.011885436333284642,0.009362450352968328,29,temporal,10.0
rsf_naive,45,0.012632472661594951,0.009951771372842248,28,temporal,10.0
rsf_naive,46,0.013399867805325023,0.010658825557197223,28,temporal,10.0
rsf_naive,47,0.014227453573397685,0.01135144953072137,28,temporal,10.0
rsf_naive,48,0.015084880242444186,0.012078691992015762,28,temporal,10.0
rsf_naive,49,0.016037653679141665,0.01284097457760041,30,temporal,10.0
rsf_naive,50,0.017047446124929467,0.013665297287546608,29,temporal,10.0
rsf_naive,51,0.018117343473887475,0.014480563710227923,28,temporal,10.0
rsf_naive,52,0.019227207711065022,0.015445605020758943,27,temporal,10.0
rsf_naive,53,0.02044448513564737,0.01639829167847246,30,temporal,10.0
rsf_naive,54,0.0217180765255949,0.017399828854163357,27,temporal,10.0
rsf_naive,55,0.023114483587142416,0.018514446902183287,28,temporal,10.0
rsf_naive,56,0.024500060889261547,0.0195742158326312,27,temporal,10.0
rsf_naive,57,0.025923218700740526,0.020627544190967694,29,temporal,10.0
rsf_naive,58,0.02744139658893197,0.021805009128552006,29,temporal,10.0
rsf_naive,59,0.028997121394095438,0.02298540409194955,28,temporal,10.0
rsf_naive,60,0.030640803483486672,0.024185570155594745,28,temporal,10.0
rsf_naive,61,0.03233948333990737,0.025446923881818295,29,temporal,10.0
rsf_naive,62,0.03405892821533176,0.026675021575516156,29,temporal,10.0
rsf_naive,63,0.035904651593274495,0.027993099861137863,29,temporal,10.0
rsf_naive,64,0.037860263963192566,0.029465762360182297,29,temporal,10.0
rsf_naive,65,0.03987864995225344,0.030837691231981944,30,temporal,10.0
rsf_naive,66,0.04209393581265944,0.032384336863394446,30,temporal,10.0
rsf_naive,67,0.04447562362433317,0.03402625356735177,30,temporal,10.0
rsf_naive,68,0.04692906694723257,0.03570028469269044,30,temporal,10.0
rsf_naive,69,0.049540602001976596,0.03744046427916382,29,temporal,10.0
rsf_naive,70,0.05224370688243681,0.039296758567833164,29,temporal,10.0
rsf_naive,71,0.05514543773024568,0.04119193730251221,30,temporal,10.0
rsf_naive,72,0.058075513945473285,0.04310920824310027,30,temporal,10.0
rsf_naive,73,0.06130997803225013,0.0452048097185413,30,temporal,10.0
rsf_naive,74,0.06466221002291654,0.04735182042954045,30,temporal,10.0
rsf_naive,75,0.06813713673734575,0.049554929067999166,30,temporal,10.0
rsf_naive,76,0.07178663854679941,0.0518558929588401,29,temporal,10.0
rsf_naive,77,0.07551893742251362,0.054158402513003676,29,temporal,10.0
rsf_naive,78,0.07945761826794072,0.056594919208404995,30,temporal,10.0
rsf_naive,79,0.08354820513995097,0.059093703542229696,30,temporal,10.0
rsf_naive,80,0.0877649137518466,0.06164627233571747,30,temporal,10.0
rsf_naive,81,0.09231114558729846,0.06437375211446242,30,temporal,10.0
rsf_naive,82,0.09710222804303369,0.06722258846251865,30,temporal,10.0
rsf_naive,83,0.10234361929745214,0.07031737452984173,30,temporal,10.0
rsf_naive,84,0.10780527319755516,0.07351471486038226,30,temporal,10.0
rsf_naive,85,0.11381627977036711,0.07700602239849713,30,temporal,10.0
rsf_naive,86,0.12011643434640046,0.08063774622381487,30,temporal,10.0
rsf_naive,87,0.12734796005185464,0.08477222085267484,30,temporal,10.0
rsf_naive,88,0.13554022374759206,0.0894230455047984,30,temporal,10.0
rsf_naive,89,0.14459520276073873,0.09452850781928343,30,temporal,10.0
rsf_naive,90,0.15440616376353059,0.10001870758151772,30,temporal,10.0
rsf_naive,91,0.1649497786398908,0.10587969364823142,30,temporal,10.0
rsf_naive,92,0.1761221341896326,0.11206448640310267,30,temporal,10.0
rsf_naive,93,0.18744013427184922,0.11829428108829117,30,temporal,10.0
rsf_naive,94,0.200995867711993,0.12573099842436214,30,temporal,10.0
rsf_naive,95,0.2161656822532553,0.13400703246447213,30,temporal,10.0
rsf_naive,96,0.2329466128491893,0.14313868309941483,30,temporal,10.0
rsf_naive,97,0.252070701843331,0.15351365056176255,30,temporal,10.0
rsf_naive,98,0.27821287136615347,0.16768395416588444,30,temporal,10.0
rsf_naive,99,0.33081440003648005,0.19626572305085058,30,temporal,10.0
