state,split,contrast,horizon_y,metric,est,lo,hi,lo_rubin,hi_rubin,se,fmi,df,m,ci_excludes_zero
single_seed,cv,deephit - nfg,5.0,mean_pred,0.0014498076091210047,0.000635486375540495,0.002786253998056054,0.000444208818345991,0.0024554063998960185,0.00048799225708165514,1.0682242078286843,24.72844563900654,30,True
single_seed,cv,deephit - nfg,5.0,obs_cif,0.0,0.0,0.0,0.0,0.0,0.0,4.860149189361204e-05,41148.00014579739,30,False
single_seed,cv,deephit - nfg,5.0,eo,0.09140791495641072,0.040044309198856355,0.1721729755401611,0.028012860567473305,0.15480296934534815,0.030994392895347823,1.044130535546747,28.953701136730704,30,True
single_seed,cv,deephit - nfg,5.0,calib_intercept,-0.06720247715711594,-0.1371103435754776,-0.0005229634582065149,-0.13655742413581973,0.0021524698215878574,0.03409043852325725,0.9869806155197529,33.0322418345862,30,True
single_seed,cv,deephit - nfg,5.0,calib_slope,0.05254635413487752,-0.04953379482030869,0.14121950417757032,-0.0459011002353528,0.15099380850510785,0.04916349221793716,0.7447665756389474,57.01979380565065,30,False
single_seed,cv,deephit - nfg,5.0,ici,0.0006467845640145242,-0.0009029239212395623,0.0017813249025493852,-0.000807131816780861,0.0021007009448099096,0.000740347798993733,0.21831141996860265,614.990562558765,30,False
single_seed,cv,deephit - nfg,5.0,e50,0.00015648964278322335,-0.00032529400123166853,0.000792920238745864,-0.00046254189424829576,0.0007755211798147425,0.0003149955610211154,0.255351667515328,453.6369627719804,30,False
single_seed,cv,deephit - nfg,5.0,e90,0.0022028279413158695,-0.003319034696323797,0.005958193668629973,-0.002824592479606421,0.0072302483622381595,0.0025603718332373572,0.2100822466575591,662.5570644528376,30,False
single_seed,cv,deephit - nfg,5.0,obs_concordant,0.0,0.0,0.0,0.0,0.0,0.0,4.860149189361204e-05,41148.00014579739,30,False
single_seed,cv,deephit - nfg,5.0,eo_concordant,0.09140791495641072,0.040044309198856355,0.1721729755401611,0.028012860567473305,0.15480296934534815,0.030994392895347823,1.044130535546747,28.953701136730704,30,True
single_seed,cv,deephit - nfg,5.0,calib_intercept_concordant,-0.06720247715711594,-0.1371103435754776,-0.0005229634582065149,-0.13655742413581973,0.0021524698215878574,0.03409043852325725,0.9869806155197529,33.0322418345862,30,True
single_seed,cv,deephit - nfg,5.0,calib_slope_concordant,0.05254635413487752,-0.04953379482030869,0.14121950417757032,-0.0459011002353528,0.15099380850510785,0.04916349221793716,0.7447665756389474,57.01979380565065,30,False
single_seed,cv,deephit - nfg,5.0,ici_concordant,0.0006467845640145242,-0.0009029239212395623,0.0017813249025493852,-0.000807131816780861,0.0021007009448099096,0.000740347798993733,0.21831141996860265,614.990562558765,30,False
single_seed,cv,deephit - nfg,5.0,e50_concordant,0.00015648964278322335,-0.00032529400123166853,0.000792920238745864,-0.00046254189424829576,0.0007755211798147425,0.0003149955610211154,0.255351667515328,453.6369627719804,30,False
single_seed,cv,deephit - nfg,5.0,e90_concordant,0.0022028279413158695,-0.003319034696323797,0.005958193668629973,-0.002824592479606421,0.0072302483622381595,0.0025603718332373572,0.2100822466575591,662.5570644528376,30,False
single_seed,cv,deephit - nfg,5.0,auc,1.8010536829630535e-05,-0.0037792623043060303,0.004187361896038054,-0.004083971654033933,0.004119992727693195,0.0020750685430563636,0.4640393043985607,142.14563351292696,30,False
single_seed,cv,deephit - nfg,5.0,cindex,0.00017180442810058594,-0.004628892242908478,0.00557805299758911,-0.005052754187385416,0.005396363043586587,0.002636929774282312,0.5239782660309793,112.35392110436179,30,False
single_seed,cv,deephit - nfg,5.0,auc_marginal_ipcw,9.626746177673339e-05,-0.003686131536960602,0.004355552792549133,-0.004029517664425631,0.004222052587979098,0.0020857239703300245,0.4822303640946876,131.9413842363431,30,False
single_seed,cv,deephit - nfg,5.0,cindex_marginal_ipcw,4.143516222635905e-05,-0.0037014588713645937,0.0043010801076889035,-0.004074325787987039,0.004157196112439757,0.0020803209848055766,0.48654964958983543,129.6824558302765,30,False
single_seed,cv,deephit - nfg,5.0,at_risk_fraction,0.0,0.0,0.0,0.0,0.0,0.0,4.860149189361204e-05,41148.00014579739,30,False
single_seed,cv,deephit - nfg,5.0,nb_at_0.01,7.360841458042463e-05,-0.0002044943394139409,0.00033441698178648943,-0.00019692419567011646,0.00034414102483096574,0.00013722432964216851,0.3818395002836051,207.50051209958505,30,False
single_seed,cv,deephit - nfg,5.0,nb_at_0.02,-0.00012756972573697568,-0.00041568330489099025,0.0001785159343853592,-0.0004355457211767196,0.00018040626970276824,0.00015600287168227798,0.42546858615700495,168.19298270689188,30,False
single_seed,cv,deephit - nfg,5.0,nb_at_0.03,-0.0001702197672178348,-0.00046966742957010865,0.000143761816434562,-0.0004838367409317738,0.00014339720649610417,0.0001592680458305134,0.3396941500794608,260.4464513907719,30,False
single_seed,cv,deephit - nfg,5.0,nb_at_0.05,2.0892731845378877e-05,-0.0003751191310584545,0.0004169388732407241,-0.0003833493131647959,0.0004251347768555537,0.00020417643130809227,0.5056161837152968,120.38242822768561,30,False
single_seed,cv,deephit - nfg,5.0,nb_at_0.075,-3.86737830316027e-05,-0.00040483155462425204,0.0003471728647127748,-0.0004287161353576594,0.000351368569294454,0.0001969404180294887,0.5139093346519341,116.65153071967217,30,False
single_seed,cv,deephit - nfg,5.0,nb_at_0.2,-3.42783764002282e-05,-0.0001670565139647806,8.821876162983227e-05,-0.0001607036888397415,9.21469360392851e-05,6.377300184562566e-05,0.537908681481305,106.79508411520364,30,False
single_seed,cv,deephit - nfg,5.0,frac_above_0.01,0.05506846209367116,0.04080906435847283,0.07600462436676025,0.03718904452542145,0.07294787966192087,0.008724584140246463,1.0545479614109627,27.727465369681912,30,True
single_seed,cv,deephit - nfg,5.0,frac_above_0.02,0.044588628907998404,0.03386715054512024,0.06024155057966709,0.030690831939137384,0.05848642587685943,0.006789653136826195,1.0488904857002295,28.462619398259832,30,True
single_seed,cv,deephit - nfg,5.0,frac_above_0.03,0.034421197573343915,0.021554768085479736,0.04757276177406311,0.02101958858524803,0.0478228065614398,0.0065441041508510645,1.051435885107717,28.157662938395195,30,True
single_seed,cv,deephit - nfg,5.0,frac_above_0.05,0.01589376851916313,0.006626002490520477,0.02634200472384691,0.005498878915845547,0.026288658122480716,0.005076981425296508,1.0503507862487713,28.29211833578981,30,True
single_seed,cv,deephit - nfg,5.0,frac_above_0.075,0.0006717808544635772,-0.00544336810708046,0.007970642298460007,-0.006810651378509293,0.008154213087436447,0.0036560524589905217,1.0479795398671057,28.563607729307588,30,False
single_seed,cv,deephit - nfg,5.0,frac_above_0.2,0.000699321477926181,0.0001863057113951072,0.0015714482869952917,-4.4243716708954354e-05,0.0014428866725613163,0.00036527038579372,0.9945734544736631,32.51990803886615,30,True
single_seed,cv,deephit - nfg,5.0,nb_all_at_0.01,0.0,0.0,0.0,0.0,0.0,0.0,4.860149189361204e-05,41148.00014579739,30,False
single_seed,cv,deephit - nfg,5.0,nb_all_at_0.02,0.0,0.0,0.0,0.0,0.0,0.0,4.860149189361204e-05,41148.00014579739,30,False
single_seed,cv,deephit - nfg,5.0,nb_all_at_0.03,0.0,0.0,0.0,0.0,0.0,0.0,4.860149189361204e-05,41148.00014579739,30,False
single_seed,cv,deephit - nfg,5.0,nb_all_at_0.05,0.0,0.0,0.0,0.0,0.0,0.0,4.860149189361204e-05,41148.00014579739,30,False
single_seed,cv,deephit - nfg,5.0,nb_all_at_0.075,0.0,0.0,0.0,0.0,0.0,0.0,4.860149189361204e-05,41148.00014579739,30,False
single_seed,cv,deephit - nfg,5.0,nb_all_at_0.2,0.0,0.0,0.0,0.0,0.0,0.0,4.860149189361204e-05,41148.00014579739,30,False
single_seed,cv,deephit - nfg,10.0,mean_pred,0.0033270930250485736,0.0013455249369144439,0.006140002142637967,0.00132537081648741,0.005328815233609737,0.0009695446763375288,1.071328032700475,23.84683723811722,30,True
single_seed,cv,deephit - nfg,10.0,obs_cif,0.0,0.0,0.0,0.0,0.0,0.0,4.860149189361204e-05,41148.00014579739,30,False
single_seed,cv,deephit - nfg,10.0,eo,0.09045238693555196,0.036789515614509584,0.16448667049407958,0.03619952707832931,0.14470524679277463,0.02649825973936947,1.0502411814807648,28.30531415362598,30,True
single_seed,cv,deephit - nfg,10.0,calib_intercept,-0.09055540226399898,-0.14478777796030046,-0.0442816980183125,-0.13739857949014933,-0.04371222503784864,0.02296685038059737,1.0177027050551712,30.967752497133567,30,True
single_seed,cv,deephit - nfg,10.0,calib_slope,0.022935583194096883,-0.05454080849885941,0.0803241580724716,-0.04785828739843376,0.09372945378662753,0.03520894908354964,0.8148321258128559,47.95977897580561,30,False
single_seed,cv,deephit - nfg,10.0,ici,0.0018098943517543375,-0.0014701378997415305,0.003967956674750893,-0.0011270044559155699,0.004746793159424245,0.0014914346551147136,0.34088549213699826,258.6799946847204,30,False
single_seed,cv,deephit - nfg,10.0,e50,0.00040810415133213005,-0.000634774453646969,0.001735877047758548,-0.0009518250981044227,0.0017680334007686828,0.000688867895448302,0.4251963741832286,168.40194584564682,30,False
single_seed,cv,deephit - nfg,10.0,e90,0.006125297203349571,-0.005255927750840783,0.012703251745551822,-0.003429674265165799,0.01568026867186494,0.004860515713873539,0.27060392041835374,405.2600726000304,30,False
single_seed,cv,deephit - nfg,10.0,obs_concordant,0.0,0.0,0.0,0.0,0.0,0.0,4.860149189361204e-05,41148.00014579739,30,False
single_seed,cv,deephit - nfg,10.0,eo_concordant,0.09045238693555196,0.036789515614509584,0.16448667049407958,0.03619952707832931,0.14470524679277463,0.02649825973936947,1.0502411814807648,28.30531415362598,30,True
single_seed,cv,deephit - nfg,10.0,calib_intercept_concordant,-0.09055540226399898,-0.14478777796030046,-0.0442816980183125,-0.13739857949014933,-0.04371222503784864,0.02296685038059737,1.0177027050551712,30.967752497133567,30,True
single_seed,cv,deephit - nfg,10.0,calib_slope_concordant,0.022935583194096883,-0.05454080849885941,0.0803241580724716,-0.04785828739843376,0.09372945378662753,0.03520894908354964,0.8148321258128559,47.95977897580561,30,False
single_seed,cv,deephit - nfg,10.0,ici_concordant,0.0018098943517543375,-0.0014701378997415305,0.003967956674750893,-0.0011270044559155699,0.004746793159424245,0.0014914346551147136,0.34088549213699826,258.6799946847204,30,False
single_seed,cv,deephit - nfg,10.0,e50_concordant,0.00040810415133213005,-0.000634774453646969,0.001735877047758548,-0.0009518250981044227,0.0017680334007686828,0.000688867895448302,0.4251963741832286,168.40194584564682,30,False
single_seed,cv,deephit - nfg,10.0,e90_concordant,0.006125297203349571,-0.005255927750840783,0.012703251745551822,-0.003429674265165799,0.01568026867186494,0.004860515713873539,0.27060392041835374,405.2600726000304,30,False
single_seed,cv,deephit - nfg,10.0,auc,0.0008418202400207519,-0.0016547054052352904,0.003638786077499386,-0.0018566330069654186,0.0035402734870069227,0.00136931711313264,0.36789018053586897,223.05745281084728,30,False
single_seed,cv,deephit - nfg,10.0,cindex,0.0010193049907684325,-0.002054812014102936,0.004715684056282043,-0.002404014032602661,0.0044426240141395255,0.0017349682598049876,0.4092587322161807,181.3606429021677,30,False
single_seed,cv,deephit - nfg,10.0,auc_marginal_ipcw,0.0007020890712738037,-0.0019105687737464906,0.0034554481506347615,-0.0020266637499670227,0.00343084189251463,0.0013834364967992693,0.3982127797267615,191.25375706133244,30,False
single_seed,cv,deephit - nfg,10.0,cindex_marginal_ipcw,0.0007640540599822998,-0.0017427057027816772,0.0034235194325447074,-0.0018588615794376659,0.0033869696994022654,0.0013304512917301607,0.3815954302461676,207.75836701842664,30,False
single_seed,cv,deephit - nfg,10.0,at_risk_fraction,0.0,0.0,0.0,0.0,0.0,0.0,4.860149189361204e-05,41148.00014579739,30,False
single_seed,cv,deephit - nfg,10.0,nb_at_0.01,-3.415104001760483e-05,-0.0002883516252040863,0.00026761167682707297,-0.00031676655954435194,0.00024846447950914224,0.00014330857674938082,0.39215059785673434,197.03610204047612,30,False
single_seed,cv,deephit - nfg,10.0,nb_at_0.02,-5.4376448194185896e-05,-0.0003838708158582449,0.00032636313699185816,-0.0004120622851887356,0.00030330938880036384,0.00018162266889325994,0.34489557264615633,252.8657386720558,30,False
single_seed,cv,deephit - nfg,10.0,nb_at_0.03,-1.7811357975006103e-05,-0.00046652667224407197,0.0004170930944383144,-0.0004645705725582349,0.0004289478566082227,0.00022621319013427487,0.43725372355974335,159.51118853702465,30,False
single_seed,cv,deephit - nfg,10.0,nb_at_0.05,3.175977617502213e-05,-0.0004598590778186917,0.0005660731811076399,-0.0004995173805417359,0.0005630369328917803,0.0002691481635803701,0.4216508705106064,171.16012242763625,30,False
single_seed,cv,deephit - nfg,10.0,nb_at_0.075,-0.00015541206424434978,-0.0006634430028498173,0.00037995940074324607,-0.0006834073444984043,0.0003725832160097047,0.00026847572166805524,0.2890490782224985,356.4941498723628,30,False
single_seed,cv,deephit - nfg,10.0,nb_at_0.2,-6.934992416063324e-05,-0.0006242557748919353,0.0005687904529622743,-0.0006796305283827334,0.0005409306800614669,0.000307631026409468,0.5545657444417913,100.68156461637031,30,False
single_seed,cv,deephit - nfg,10.0,frac_above_0.01,0.032084278265635174,0.012174463272094727,0.06625193357467651,0.008464969532109706,0.05570358699916064,0.011495110817208762,1.0625115489368422,26.21044498278029,30,True
single_seed,cv,deephit - nfg,10.0,frac_above_0.02,0.039217083652814226,0.018995076417922974,0.06443747878074646,0.019812858108527714,0.058621309197100735,0.009455390285459074,1.0593218561150683,26.900236518551996,30,True
single_seed,cv,deephit - nfg,10.0,frac_above_0.03,0.037290579080581664,0.01777195930480957,0.05894550681114197,0.019600308201296223,0.0549808499598671,0.008624958670360864,1.057631924533774,27.219745618227076,30,True
single_seed,cv,deephit - nfg,10.0,frac_above_0.05,0.03254356185595195,0.015041953697800637,0.05070776604115961,0.01713627423458325,0.047950849477320645,0.007516917368485865,1.0552561939536673,27.61879015102012,30,True
single_seed,cv,deephit - nfg,10.0,frac_above_0.075,0.02588623414436976,0.010951533913612366,0.03986962996423243,0.011532813097685427,0.040239655191054095,0.0070022196122559496,1.0555489814929728,27.572552437063354,30,True
single_seed,cv,deephit - nfg,10.0,frac_above_0.2,0.003783626388758421,-7.290206849575043e-05,0.007193223945796472,-7.964155268911201e-05,0.007646894330205954,0.0018931070045665886,1.0236170073739301,30.560700907964453,30,False
single_seed,cv,deephit - nfg,10.0,nb_all_at_0.01,0.0,0.0,0.0,0.0,0.0,0.0,4.860149189361204e-05,41148.00014579739,30,False
single_seed,cv,deephit - nfg,10.0,nb_all_at_0.02,0.0,0.0,0.0,0.0,0.0,0.0,4.860149189361204e-05,41148.00014579739,30,False
single_seed,cv,deephit - nfg,10.0,nb_all_at_0.03,0.0,0.0,0.0,0.0,0.0,0.0,4.860149189361204e-05,41148.00014579739,30,False
single_seed,cv,deephit - nfg,10.0,nb_all_at_0.05,0.0,0.0,0.0,0.0,0.0,0.0,4.860149189361204e-05,41148.00014579739,30,False
single_seed,cv,deephit - nfg,10.0,nb_all_at_0.075,0.0,0.0,0.0,0.0,0.0,0.0,4.860149189361204e-05,41148.00014579739,30,False
single_seed,cv,deephit - nfg,10.0,nb_all_at_0.2,0.0,0.0,0.0,0.0,0.0,0.0,4.860149189361204e-05,41148.00014579739,30,False
single_seed,cv,deephit - nfg,15.0,mean_pred,0.005365739266077678,0.0012714050710201264,0.010596830211579799,0.0019231916410976046,0.00880828689105775,0.001663028400458738,1.075241066964595,22.72426956766416,30,True
single_seed,cv,deephit - nfg,15.0,obs_cif,0.0,0.0,0.0,0.0,0.0,0.0,4.860149189361204e-05,41148.00014579739,30,False
single_seed,cv,deephit - nfg,15.0,eo,0.08360219796498616,0.019876481592655183,0.1632464826107025,0.030293048239377035,0.1369113476905953,0.02600257120670478,1.0561104264059091,27.481655190215896,30,True
single_seed,cv,deephit - nfg,15.0,calib_intercept,-0.11237876539429029,-0.17238252013921737,-0.06881181243807079,-0.15881029752706283,-0.06594723326151773,0.022713388368960842,1.039951642752314,29.32809592790356,30,True
single_seed,cv,deephit - nfg,15.0,calib_slope,-0.02671749790509542,-0.10368241667747498,0.023842529952526087,-0.08778788390571356,0.03435288809552273,0.030326291597288,0.8396640889517418,45.265878901705925,30,False
single_seed,cv,deephit - nfg,15.0,ici,0.00242903265170753,-0.0030767313786782325,0.006552805949468164,-0.0026016330658040626,0.007459698369219123,0.0025574066357348033,0.2989996236397921,333.786921373235,30,False
single_seed,cv,deephit - nfg,15.0,e50,-0.0001971346364977459,-0.002067048428580165,0.002596967743011191,-0.002689783364606039,0.0022955140916105475,0.0012567492111640502,0.5498212644265826,102.3673801120281,30,False
single_seed,cv,deephit - nfg,15.0,e90,0.010449574096128345,-0.009090774180367588,0.022450838610529895,-0.006036424051941436,0.026935572244198125,0.00839632606399327,0.20785981551110017,676.3546054023105,30,False
single_seed,cv,deephit - nfg,15.0,obs_concordant,0.0,0.0,0.0,0.0,0.0,0.0,4.860149189361204e-05,41148.00014579739,30,False
single_seed,cv,deephit - nfg,15.0,eo_concordant,0.08360219796498616,0.019876481592655183,0.1632464826107025,0.030293048239377035,0.1369113476905953,0.02600257120670478,1.0561104264059091,27.481655190215896,30,True
single_seed,cv,deephit - nfg,15.0,calib_intercept_concordant,-0.11237876539429029,-0.17238252013921737,-0.06881181243807079,-0.15881029752706283,-0.06594723326151773,0.022713388368960842,1.039951642752314,29.32809592790356,30,True
single_seed,cv,deephit - nfg,15.0,calib_slope_concordant,-0.02671749790509542,-0.10368241667747498,0.023842529952526087,-0.08778788390571356,0.03435288809552273,0.030326291597288,0.8396640889517418,45.265878901705925,30,False
single_seed,cv,deephit - nfg,15.0,ici_concordant,0.00242903265170753,-0.0030767313786782325,0.006552805949468164,-0.0026016330658040626,0.007459698369219123,0.0025574066357348033,0.2989996236397921,333.786921373235,30,False
single_seed,cv,deephit - nfg,15.0,e50_concordant,-0.0001971346364977459,-0.002067048428580165,0.002596967743011191,-0.002689783364606039,0.0022955140916105475,0.0012567492111640502,0.5498212644265826,102.3673801120281,30,False
single_seed,cv,deephit - nfg,15.0,e90_concordant,0.010449574096128345,-0.009090774180367588,0.022450838610529895,-0.006036424051941436,0.026935572244198125,0.00839632606399327,0.20785981551110017,676.3546054023105,30,False
single_seed,cv,deephit - nfg,15.0,auc,0.0013319313526153564,-0.0016110673546791076,0.0045992448925971955,-0.0018521750946751993,0.004516037799905912,0.001609650329972689,0.48261810663577626,131.73615939693067,30,False
single_seed,cv,deephit - nfg,15.0,cindex,0.0005701184272766113,-0.003947880864143371,0.006288079917430875,-0.004793321706625533,0.005933558561178756,0.0027145666496696933,0.44980757503640656,150.99209283319303,30,False
single_seed,cv,deephit - nfg,15.0,auc_marginal_ipcw,0.00027149319648742674,-0.0024149104952812194,0.00312054306268692,-0.002566597791264561,0.003109584184239415,0.0014334237997884803,0.5065533524311485,119.95176655182165,30,False
single_seed,cv,deephit - nfg,15.0,cindex_marginal_ipcw,8.59995683034261e-05,-0.0023832395672798157,0.002573668956756592,-0.0024421478876186066,0.002614147024225459,0.0012797060891785467,0.44643852684159785,153.2090621309941,30,False
single_seed,cv,deephit - nfg,15.0,at_risk_fraction,0.0,0.0,0.0,0.0,0.0,0.0,4.860149189361204e-05,41148.00014579739,30,False
single_seed,cv,deephit - nfg,15.0,nb_at_0.01,0.0001815256973107656,-0.00027149273082613943,0.0006944495253264898,-0.0003177490523728164,0.0006808004469943476,0.00025125225976641274,0.5929906553935868,88.46171134696671,30,False
single_seed,cv,deephit - nfg,15.0,nb_at_0.02,-3.979864219824473e-05,-0.0005167909897863865,0.0004718228243291372,-0.0005547077856706279,0.00047511050127413846,0.0002599222990109785,0.5203000585129918,113.89542706248432,30,False
single_seed,cv,deephit - nfg,15.0,nb_at_0.03,-0.00013653375208377838,-0.0007746553979814053,0.00035494565963745085,-0.000685470932046712,0.00041240342787915527,0.00027702038617533883,0.5273987539084971,110.94879531731787,30,False
single_seed,cv,deephit - nfg,15.0,nb_at_0.05,-0.00018092033763726553,-0.0007645991630852222,0.0004401454702019689,-0.0007913742261879274,0.0004295335509133964,0.0003091642677871243,0.43096108428805163,164.0595790446625,30,False
single_seed,cv,deephit - nfg,15.0,nb_at_0.075,-7.260224471489588e-05,-0.0007648867089301348,0.0006506070494651788,-0.0008030085106332867,0.0006578040212034949,0.00037011894910716396,0.4140986249248925,177.26936097657915,30,False
single_seed,cv,deephit - nfg,15.0,nb_at_0.2,0.0003468288263926903,-0.0008734180475585163,0.0016928254161030051,-0.0009582026623059195,0.0016518603150913003,0.0006618966105722872,0.3850928730857252,204.10932931507776,30,False
single_seed,cv,deephit - nfg,15.0,frac_above_0.01,-0.05880726178487142,-0.10428255945444107,-0.027030527591705322,-0.09914756573032588,-0.018466957839416966,0.01950614118539052,1.0738695021332185,23.116227139067668,30,True
single_seed,cv,deephit - nfg,15.0,frac_above_0.02,0.015513328711191814,-0.0054190754890441895,0.05180128812789915,-0.008241999987868572,0.0392686574102522,0.011547550127311854,1.065069021748879,25.57963001106996,30,False
single_seed,cv,deephit - nfg,15.0,frac_above_0.03,0.020409387350082398,-0.002956598997116089,0.05373704433441162,-0.002245592182938797,0.0430643668831036,0.011011899345150672,1.0652077542066682,25.54368780643246,30,False
single_seed,cv,deephit - nfg,15.0,frac_above_0.05,0.018123759826024374,-0.005994171649217605,0.04472148418426514,-0.001531703376841203,0.03777922302888995,0.009562256379077415,1.0633899775360294,26.00098619760064,30,False
single_seed,cv,deephit - nfg,15.0,frac_above_0.075,0.019638513525327046,-0.001093536615371704,0.043943852186203,0.00147534671487283,0.03780168033578126,0.008842496954120442,1.0617590086023794,26.383382053605185,30,False
single_seed,cv,deephit - nfg,15.0,frac_above_0.2,0.024011566738287606,0.010092913918197156,0.03466096520423889,0.01143212367963859,0.03659100979693662,0.006141703908032161,1.0521681404301146,28.062742733495185,30,True
single_seed,cv,deephit - nfg,15.0,nb_all_at_0.01,0.0,0.0,0.0,0.0,0.0,0.0,4.860149189361204e-05,41148.00014579739,30,False
single_seed,cv,deephit - nfg,15.0,nb_all_at_0.02,0.0,0.0,0.0,0.0,0.0,0.0,4.860149189361204e-05,41148.00014579739,30,False
single_seed,cv,deephit - nfg,15.0,nb_all_at_0.03,0.0,0.0,0.0,0.0,0.0,0.0,4.860149189361204e-05,41148.00014579739,30,False
single_seed,cv,deephit - nfg,15.0,nb_all_at_0.05,0.0,0.0,0.0,0.0,0.0,0.0,4.860149189361204e-05,41148.00014579739,30,False
single_seed,cv,deephit - nfg,15.0,nb_all_at_0.075,0.0,0.0,0.0,0.0,0.0,0.0,4.860149189361204e-05,41148.00014579739,30,False
single_seed,cv,deephit - nfg,15.0,nb_all_at_0.2,0.0,0.0,0.0,0.0,0.0,0.0,4.860149189361204e-05,41148.00014579739,30,False
single_seed,temporal,deephit - nfg,5.0,mean_pred,0.0017687083532412847,-0.004390047676861286,0.006703211646527052,-0.004154262815203664,0.007691679521686234,0.0027108385105701883,1.1339111367768264,11.704838382887525,30,False
single_seed,temporal,deephit - nfg,5.0,obs_cif,0.0,0.0,0.0,0.0,0.0,0.0,0.00021438523551789654,9326.000643017896,30,False
single_seed,temporal,deephit - nfg,5.0,eo,0.12790913581848146,-0.30439727008342743,0.46395315527915953,-0.2790715548833686,0.5348898265203315,0.1970902912404342,1.062018238216353,23.772258219687167,30,False
single_seed,temporal,deephit - nfg,5.0,calib_intercept,-0.039500254889329275,-0.2389539048075676,0.21888464577496053,-0.3079313043380446,0.22893079455938603,0.13152533033279137,1.0053024684518088,30.486164576900702,30,False
single_seed,temporal,deephit - nfg,5.0,calib_slope,0.04420483907063802,-0.23549028486013412,0.4740592062473297,-0.30597343830905965,0.39438311645033575,0.17556321573474695,0.6659560240231648,69.67761944571839,30,False
single_seed,temporal,deephit - nfg,5.0,ici,0.0015281200408935546,-0.0038728810148313643,0.006090822664555163,-0.004014311461408326,0.007070551543195436,0.002726602731004114,0.9624374212437417,33.78353317776469,30,False
single_seed,temporal,deephit - nfg,5.0,e50,0.001436362840468064,-0.0010356527287513017,0.004364543629344553,-0.0016906410679556657,0.004563366748891793,0.0015622226376087252,0.731821775049956,58.108626883968,30,False
single_seed,temporal,deephit - nfg,5.0,e90,0.0033480354584753515,-0.01565217012539506,0.023319016722962264,-0.0183587760839715,0.0250548470009222,0.010607968754807788,1.026245531695458,28.663180860008158,30,False
single_seed,temporal,deephit - nfg,5.0,obs_concordant,0.0,0.0,0.0,0.0,0.0,0.0,0.00021438523551789654,9326.000643017896,30,False
single_seed,temporal,deephit - nfg,5.0,eo_concordant,0.12790913581848146,-0.30439727008342743,0.46395315527915953,-0.2790715548833686,0.5348898265203315,0.1970902912404342,1.062018238216353,23.772258219687167,30,False
single_seed,temporal,deephit - nfg,5.0,calib_intercept_concordant,-0.039500254889329275,-0.2389539048075676,0.21888464577496053,-0.3079313043380446,0.22893079455938603,0.13152533033279137,1.0053024684518088,30.486164576900702,30,False
single_seed,temporal,deephit - nfg,5.0,calib_slope_concordant,0.04420483907063802,-0.23549028486013412,0.4740592062473297,-0.30597343830905965,0.39438311645033575,0.17556321573474695,0.6659560240231648,69.67761944571839,30,False
single_seed,temporal,deephit - nfg,5.0,ici_concordant,0.0015281200408935546,-0.0038728810148313643,0.006090822664555163,-0.004014311461408326,0.007070551543195436,0.002726602731004114,0.9624374212437417,33.78353317776469,30,False
single_seed,temporal,deephit - nfg,5.0,e50_concordant,0.001436362840468064,-0.0010356527287513017,0.004364543629344553,-0.0016906410679556657,0.004563366748891793,0.0015622226376087252,0.731821775049956,58.108626883968,30,False
single_seed,temporal,deephit - nfg,5.0,e90_concordant,0.0033480354584753515,-0.01565217012539506,0.023319016722962264,-0.0183587760839715,0.0250548470009222,0.010607968754807788,1.026245531695458,28.663180860008158,30,False
single_seed,temporal,deephit - nfg,5.0,auc,0.00021340449651082358,-0.012564028799533843,0.014203661680221568,-0.013195528515945378,0.013622337508967026,0.006804200936905953,0.36318262321207795,222.47251765203166,30,False
single_seed,temporal,deephit - nfg,5.0,cindex,0.00018242200215657552,-0.01248074471950531,0.01413587033748627,-0.01315196823790574,0.01351681224221889,0.006766481442063908,0.36263402430601,223.11361116579366,30,False
single_seed,temporal,deephit - nfg,5.0,auc_marginal_ipcw,0.00021340449651082358,-0.012564028799533843,0.014203661680221568,-0.013195528515945378,0.013622337508967026,0.006804200936905953,0.36318262321207795,222.47251765203166,30,False
single_seed,temporal,deephit - nfg,5.0,cindex_marginal_ipcw,0.00018242200215657552,-0.01248074471950531,0.01413587033748627,-0.01315196823790574,0.01351681224221889,0.006766481442063908,0.36263402430601,223.11361116579366,30,False
single_seed,temporal,deephit - nfg,5.0,at_risk_fraction,0.0,0.0,0.0,0.0,0.0,0.0,0.00021438523551789654,9326.000643017896,30,False
single_seed,temporal,deephit - nfg,5.0,nb_at_0.01,2.544466406106949e-05,-0.0008044857531785965,0.0010340577224269526,-0.000910256315640975,0.0009611456437631139,0.00047308695978106485,0.47409143907156565,133.72700247131684,30,False
single_seed,temporal,deephit - nfg,5.0,nb_at_0.02,-0.0002097912753621737,-0.0011813067831099033,0.0007590986788272858,-0.001220974592919429,0.0008013920421950815,0.0005093070070085929,0.5685104759874345,94.4131255348045,30,False
single_seed,temporal,deephit - nfg,5.0,nb_at_0.03,-0.00020267140741149584,-0.0015879976563155651,0.0010199877433478832,-0.001563356592333722,0.0011580137775107303,0.0006794831913162923,0.7397327196403056,56.91591889715273,30,False
single_seed,temporal,deephit - nfg,5.0,nb_at_0.05,-0.0003375627566128969,-0.0017602157313376665,0.001105776522308588,-0.0018719699273880108,0.001196844414162217,0.0007660385135490402,0.7442365568367723,56.25313817345636,30,False
single_seed,temporal,deephit - nfg,5.0,nb_at_0.075,-0.000131335102681381,-0.0019178788643330336,0.0015151823172345757,-0.0019661640298294044,0.0017034938244666425,0.0009138226225295911,0.7852482785675192,50.711480620107956,30,False
single_seed,temporal,deephit - nfg,5.0,nb_at_0.2,-0.0002402901340246899,-0.001045128097757697,0.0006163575453683734,-0.0010472630970753787,0.0005666828290259988,0.0003981668150793788,0.9250157138428866,36.71644284733559,30,False
single_seed,temporal,deephit - nfg,5.0,frac_above_0.01,0.06608425776163737,-0.03398007154464722,0.1536070115864277,-0.04665453746998209,0.17882305299325685,0.05299365174997869,1.1056186019942797,15.33494510543014,30,False
single_seed,temporal,deephit - nfg,5.0,frac_above_0.02,0.039936398963133495,-0.04480651021003723,0.11362418532371521,-0.03851926081682402,0.118392058743091,0.03734561940957484,1.0901546705187233,18.014655813969195,30,False
single_seed,temporal,deephit - nfg,5.0,frac_above_0.03,0.03085003743569056,-0.032693758606910706,0.09089934825897217,-0.0337900177167622,0.09549009258814332,0.030956789416389383,1.081742850922275,19.689596983173157,30,False
single_seed,temporal,deephit - nfg,5.0,frac_above_0.05,0.016847107311089835,-0.03590953350067139,0.053060345351696014,-0.03538123170976052,0.06907544633194018,0.025123149275886318,1.074924255332544,21.120270598053253,30,False
single_seed,temporal,deephit - nfg,5.0,frac_above_0.075,0.0010004644592603049,-0.03633829951286316,0.045449674129486084,-0.043387358929105814,0.04538828784762642,0.021373905579334294,1.0731777997668586,21.490123741920847,30,False
single_seed,temporal,deephit - nfg,5.0,frac_above_0.2,0.0013184692812501452,-0.0019294671947136521,0.004716475494205952,-0.002006659036878891,0.004643597599379181,0.001632508513630456,0.9853168355961663,32.044896074429715,30,False
single_seed,temporal,deephit - nfg,5.0,nb_all_at_0.01,0.0,0.0,0.0,0.0,0.0,0.0,0.00021438523551789654,9326.000643017896,30,False
single_seed,temporal,deephit - nfg,5.0,nb_all_at_0.02,0.0,0.0,0.0,0.0,0.0,0.0,0.00021438523551789654,9326.000643017896,30,False
single_seed,temporal,deephit - nfg,5.0,nb_all_at_0.03,0.0,0.0,0.0,0.0,0.0,0.0,0.00021438523551789654,9326.000643017896,30,False
single_seed,temporal,deephit - nfg,5.0,nb_all_at_0.05,0.0,0.0,0.0,0.0,0.0,0.0,0.00021438523551789654,9326.000643017896,30,False
single_seed,temporal,deephit - nfg,5.0,nb_all_at_0.075,0.0,0.0,0.0,0.0,0.0,0.0,0.00021438523551789654,9326.000643017896,30,False
single_seed,temporal,deephit - nfg,5.0,nb_all_at_0.2,0.0,0.0,0.0,0.0,0.0,0.0,0.00021438523551789654,9326.000643017896,30,False
single_seed,temporal,deephit - nfg,10.0,mean_pred,0.003078195701042811,-0.007795787043869495,0.011511434148997069,-0.007941071016191936,0.014097462418277558,0.004980013371411707,1.1459121506666896,10.54236844738224,30,False
single_seed,temporal,deephit - nfg,10.0,obs_cif,0.0,0.0,0.0,0.0,0.0,0.0,0.00021438523551789654,9326.000643017896,30,False
single_seed,temporal,deephit - nfg,10.0,eo,0.09338961442311605,-0.23081374764442444,0.3408917546272278,-0.22365043064841766,0.41042965949464977,0.15138261882529458,1.0859720636160672,18.830989649903525,30,False
single_seed,temporal,deephit - nfg,10.0,calib_intercept,-0.05460457950830459,-0.24686744175851344,0.1371211551129818,-0.3054106294626774,0.19620147044606817,0.12181982669364241,1.0542191668889358,25.17136440007456,30,False
single_seed,temporal,deephit - nfg,10.0,calib_slope,0.007260338465372721,-0.1803771212697029,0.19823078811168676,-0.18816350296939677,0.2026841799001422,0.09722051613141662,0.8035854677862981,48.49087333047097,30,False
single_seed,temporal,deephit - nfg,10.0,ici,0.0024922839055458706,-0.006495788029860705,0.00990114351734519,-0.0069341025456405355,0.011918670356732277,0.004624649545332325,0.9928717544469833,31.465177726609063,30,False
single_seed,temporal,deephit - nfg,10.0,e50,0.0017669084287869434,-0.002919772209133953,0.006927042489405721,-0.0038546105036395403,0.007388427361213428,0.0028070284395961182,0.740867697043077,56.74780362801573,30,False
single_seed,temporal,deephit - nfg,10.0,e90,0.005309854572017988,-0.02158234459348023,0.035874911397695546,-0.03195263435888636,0.04257234350292234,0.01802866879416652,1.06407789251401,23.370095509623646,30,False
single_seed,temporal,deephit - nfg,10.0,obs_concordant,0.0,0.0,0.0,0.0,0.0,0.0,0.00021438523551789654,9326.000643017896,30,False
single_seed,temporal,deephit - nfg,10.0,eo_concordant,0.09338961442311605,-0.23081374764442444,0.3408917546272278,-0.22365043064841766,0.41042965949464977,0.15138261882529458,1.0859720636160672,18.830989649903525,30,False
single_seed,temporal,deephit - nfg,10.0,calib_intercept_concordant,-0.05460457950830459,-0.24686744175851344,0.1371211551129818,-0.3054106294626774,0.19620147044606817,0.12181982669364241,1.0542191668889358,25.17136440007456,30,False
single_seed,temporal,deephit - nfg,10.0,calib_slope_concordant,0.007260338465372721,-0.1803771212697029,0.19823078811168676,-0.18816350296939677,0.2026841799001422,0.09722051613141662,0.8035854677862981,48.49087333047097,30,False
single_seed,temporal,deephit - nfg,10.0,ici_concordant,0.0024922839055458706,-0.006495788029860705,0.00990114351734519,-0.0069341025456405355,0.011918670356732277,0.004624649545332325,0.9928717544469833,31.465177726609063,30,False
single_seed,temporal,deephit - nfg,10.0,e50_concordant,0.0017669084287869434,-0.002919772209133953,0.006927042489405721,-0.0038546105036395403,0.007388427361213428,0.0028070284395961182,0.740867697043077,56.74780362801573,30,False
single_seed,temporal,deephit - nfg,10.0,e90_concordant,0.005309854572017988,-0.02158234459348023,0.035874911397695546,-0.03195263435888636,0.04257234350292234,0.01802866879416652,1.06407789251401,23.370095509623646,30,False
single_seed,temporal,deephit - nfg,10.0,auc,0.0017600854237874348,-0.00766724944114685,0.011915409564971925,-0.0083394943376539,0.011859665185228772,0.005097152516421313,0.5206144972593021,111.77153624901966,30,False
single_seed,temporal,deephit - nfg,10.0,cindex,0.001561566193898519,-0.007532556354999542,0.011431795358657843,-0.00832209289921462,0.011445225287011659,0.004986530358740728,0.5287618526915245,108.49334938233761,30,False
single_seed,temporal,deephit - nfg,10.0,auc_marginal_ipcw,0.0016988495985666911,-0.007728686928749084,0.011805953085422516,-0.008417252766756249,0.011814951963889632,0.005105574593934254,0.520209429195108,111.93842468930318,30,False
single_seed,temporal,deephit - nfg,10.0,cindex_marginal_ipcw,0.0016469796498616537,-0.007581382989883423,0.011594069004058839,-0.008328477543462496,0.011622436843185804,0.0050317526616797505,0.5340437774714055,106.4453707404878,30,False
single_seed,temporal,deephit - nfg,10.0,at_risk_fraction,0.0,0.0,0.0,0.0,0.0,0.0,0.00021438523551789654,9326.000643017896,30,False
single_seed,temporal,deephit - nfg,10.0,nb_at_0.01,-2.0045600831508636e-05,-0.0008951293304562568,0.0008524116128683093,-0.0009267466870630505,0.0008866554854000332,0.00045721872374058137,0.5410630674288691,103.81322445146014,30,False
single_seed,temporal,deephit - nfg,10.0,nb_at_0.02,1.5355522433916726e-05,-0.0010834916029125452,0.0011811761651188137,-0.0011307168095794342,0.0011614278544472677,0.0005808296978232306,0.4047990811700159,180.90329318137913,30,False
single_seed,temporal,deephit - nfg,10.0,nb_at_0.03,6.578701237837473e-05,-0.0011701291892677545,0.0015858760103583337,-0.0013277797363068732,0.0014593537610636225,0.0007046945902204244,0.46974734829531617,136.10480351724425,30,False
single_seed,temporal,deephit - nfg,10.0,nb_at_0.05,0.00021840697154402734,-0.0013396834023296834,0.0017698210198432208,-0.0013913350876214674,0.001828149030709522,0.0008135627026049922,0.4845448393352399,128.25670418451972,30,False
single_seed,temporal,deephit - nfg,10.0,nb_at_0.075,-0.00018402628290156524,-0.002439505781512707,0.001725109072867781,-0.0023213444490877305,0.0019532918832845998,0.0010684675716159722,0.7203126287720049,59.91167297875593,30,False
single_seed,temporal,deephit - nfg,10.0,nb_at_0.2,0.00010893751265636334,-0.003163349884562194,0.003060047334292904,-0.003063614735210746,0.003281489760523473,0.001576847950360484,0.8183145444857658,46.80809702072873,30,False
single_seed,temporal,deephit - nfg,10.0,frac_above_0.01,0.06088183621565501,-0.05445384979248047,0.1517847180366516,-0.05593595350850979,0.1776996259398198,0.05502159113902673,1.103270300963859,15.706770010147542,30,False
single_seed,temporal,deephit - nfg,10.0,frac_above_0.02,0.05332118570804596,-0.029585182666778564,0.10847893357276917,-0.03740947658670139,0.1440518480027933,0.04317914359345126,1.0904439404578552,17.959549453459037,30,False
single_seed,temporal,deephit - nfg,10.0,frac_above_0.03,0.03595598042011261,-0.049844563007354736,0.09797406196594238,-0.046051104237135626,0.11796306507736085,0.039051050079250534,1.0896495888384465,18.111307715415588,30,False
single_seed,temporal,deephit - nfg,10.0,frac_above_0.05,0.02336442122856776,-0.053489118814468384,0.07621394135057927,-0.043694053579635156,0.09042289603677067,0.032079920275575435,1.0833244199290857,19.365069452633062,30,False
single_seed,temporal,deephit - nfg,10.0,frac_above_0.075,0.016300423940022787,-0.04084038734436035,0.06185014545917511,-0.041847064648911844,0.07444791252895742,0.02790960835223896,1.0783919518620146,20.387936379448107,30,False
single_seed,temporal,deephit - nfg,10.0,frac_above_0.2,-0.00032872399315238,-0.028191663324832916,0.03398006409406662,-0.03765772678392117,0.0370002787976164,0.01797048774934843,1.073595200618986,21.401769818350953,30,False
single_seed,temporal,deephit - nfg,10.0,nb_all_at_0.01,0.0,0.0,0.0,0.0,0.0,0.0,0.00021438523551789654,9326.000643017896,30,False
single_seed,temporal,deephit - nfg,10.0,nb_all_at_0.02,0.0,0.0,0.0,0.0,0.0,0.0,0.00021438523551789654,9326.000643017896,30,False
single_seed,temporal,deephit - nfg,10.0,nb_all_at_0.03,0.0,0.0,0.0,0.0,0.0,0.0,0.00021438523551789654,9326.000643017896,30,False
single_seed,temporal,deephit - nfg,10.0,nb_all_at_0.05,0.0,0.0,0.0,0.0,0.0,0.0,0.00021438523551789654,9326.000643017896,30,False
single_seed,temporal,deephit - nfg,10.0,nb_all_at_0.075,0.0,0.0,0.0,0.0,0.0,0.0,0.00021438523551789654,9326.000643017896,30,False
single_seed,temporal,deephit - nfg,10.0,nb_all_at_0.2,0.0,0.0,0.0,0.0,0.0,0.0,0.00021438523551789654,9326.000643017896,30,False
single_seed,temporal,deephit - nfg,15.0,mean_pred,,,,,,,,,0,False
single_seed,temporal,deephit - nfg,15.0,obs_cif,,,,,,,,,0,False
single_seed,temporal,deephit - nfg,15.0,eo,,,,,,,,,0,False
single_seed,temporal,deephit - nfg,15.0,calib_intercept,,,,,,,,,0,False
single_seed,temporal,deephit - nfg,15.0,calib_slope,,,,,,,,,0,False
single_seed,temporal,deephit - nfg,15.0,ici,,,,,,,,,0,False
single_seed,temporal,deephit - nfg,15.0,e50,,,,,,,,,0,False
single_seed,temporal,deephit - nfg,15.0,e90,,,,,,,,,0,False
single_seed,temporal,deephit - nfg,15.0,obs_concordant,,,,,,,,,0,False
single_seed,temporal,deephit - nfg,15.0,eo_concordant,,,,,,,,,0,False
single_seed,temporal,deephit - nfg,15.0,calib_intercept_concordant,,,,,,,,,0,False
single_seed,temporal,deephit - nfg,15.0,calib_slope_concordant,,,,,,,,,0,False
single_seed,temporal,deephit - nfg,15.0,ici_concordant,,,,,,,,,0,False
single_seed,temporal,deephit - nfg,15.0,e50_concordant,,,,,,,,,0,False
single_seed,temporal,deephit - nfg,15.0,e90_concordant,,,,,,,,,0,False
single_seed,temporal,deephit - nfg,15.0,auc,,,,,,,,,0,False
single_seed,temporal,deephit - nfg,15.0,cindex,,,,,,,,,0,False
single_seed,temporal,deephit - nfg,15.0,auc_marginal_ipcw,,,,,,,,,0,False
single_seed,temporal,deephit - nfg,15.0,cindex_marginal_ipcw,,,,,,,,,0,False
single_seed,temporal,deephit - nfg,15.0,at_risk_fraction,,,,,,,,,0,False
single_seed,temporal,deephit - nfg,15.0,nb_at_0.01,,,,,,,,,0,False
single_seed,temporal,deephit - nfg,15.0,nb_at_0.02,,,,,,,,,0,False
single_seed,temporal,deephit - nfg,15.0,nb_at_0.03,,,,,,,,,0,False
single_seed,temporal,deephit - nfg,15.0,nb_at_0.05,,,,,,,,,0,False
single_seed,temporal,deephit - nfg,15.0,nb_at_0.075,,,,,,,,,0,False
single_seed,temporal,deephit - nfg,15.0,nb_at_0.2,,,,,,,,,0,False
single_seed,temporal,deephit - nfg,15.0,frac_above_0.01,,,,,,,,,0,False
single_seed,temporal,deephit - nfg,15.0,frac_above_0.02,,,,,,,,,0,False
single_seed,temporal,deephit - nfg,15.0,frac_above_0.03,,,,,,,,,0,False
single_seed,temporal,deephit - nfg,15.0,frac_above_0.05,,,,,,,,,0,False
single_seed,temporal,deephit - nfg,15.0,frac_above_0.075,,,,,,,,,0,False
single_seed,temporal,deephit - nfg,15.0,frac_above_0.2,,,,,,,,,0,False
single_seed,temporal,deephit - nfg,15.0,nb_all_at_0.01,,,,,,,,,0,False
single_seed,temporal,deephit - nfg,15.0,nb_all_at_0.02,,,,,,,,,0,False
single_seed,temporal,deephit - nfg,15.0,nb_all_at_0.03,,,,,,,,,0,False
single_seed,temporal,deephit - nfg,15.0,nb_all_at_0.05,,,,,,,,,0,False
single_seed,temporal,deephit - nfg,15.0,nb_all_at_0.075,,,,,,,,,0,False
single_seed,temporal,deephit - nfg,15.0,nb_all_at_0.2,,,,,,,,,0,False
