split,model,horizon_y,metric,fmi_single,df_single,m_single,se_single,m_required_von_hippel_single,fmi_ens,df_ens,m_ens,se_ens,m_required_von_hippel_ens
cv,deephit,5.0,mean_pred,0.957247256288309,35.10887277346424,30,0.0004341391627294,191.0,0.5681194768728827,96.09229968708205,30,0.0001977911890852,96.0
cv,deephit,5.0,obs_cif,4.860149189361204e-05,41148.00014579739,30,0.0006290996904501,2.0,4.860149189361204e-05,41148.00014579739,30,0.0006290996904501,2.0
cv,deephit,5.0,eo,0.2803284381575555,378.3749044074029,30,0.0496407026006503,32.0,0.045743757213876,10308.576068835577,30,0.0432515512875267,3.0
cv,deephit,5.0,calib_intercept,0.2830913340177148,371.22760740236765,30,0.0573919985104042,33.0,0.0416380006045012,11813.01340943454,30,0.0493165739109869,2.0
cv,deephit,5.0,calib_slope,0.247934539753515,480.3792625810312,30,0.0687768316045459,26.0,0.0369138462958873,13917.40045545488,30,0.0707617441076617,2.0
cv,deephit,5.0,ici,0.2671426544345229,415.5303367448879,30,0.0006006433472903,30.0,0.0484167123702627,9464.031415801452,30,0.0006152688810232,3.0
cv,deephit,5.0,e50,0.1508794811340297,1254.559301869026,30,0.0003008236372879,12.0,0.045206593282304,10490.39116492636,30,0.0003376516052521,3.0
cv,deephit,5.0,e90,0.3011505381555978,329.1666789667834,30,0.0020509360571637,36.0,0.0487785126348039,9356.979732083732,30,0.00182541519279,3.0
cv,deephit,5.0,obs_concordant,4.860149189361204e-05,41148.00014579739,30,0.0006290996904501,2.0,4.860149189361204e-05,41148.00014579739,30,0.0006290996904501,2.0
cv,deephit,5.0,eo_concordant,0.2803284381575555,378.3749044074029,30,0.0496407026006503,32.0,0.045743757213876,10308.576068835577,30,0.0432515512875267,3.0
cv,deephit,5.0,calib_intercept_concordant,0.2830913340177148,371.22760740236765,30,0.0573919985104042,33.0,0.0416380006045012,11813.01340943454,30,0.0493165739109869,2.0
cv,deephit,5.0,calib_slope_concordant,0.247934539753515,480.3792625810312,30,0.0687768316045459,26.0,0.0369138462958873,13917.40045545488,30,0.0707617441076617,2.0
cv,deephit,5.0,ici_concordant,0.2671426544345229,415.5303367448879,30,0.0006006433472903,30.0,0.0484167123702627,9464.031415801452,30,0.0006152688810232,3.0
cv,deephit,5.0,e50_concordant,0.1508794811340297,1254.559301869026,30,0.0003008236372879,12.0,0.045206593282304,10490.39116492636,30,0.0003376516052521,3.0
cv,deephit,5.0,e90_concordant,0.3011505381555978,329.1666789667834,30,0.0020509360571637,36.0,0.0487785126348039,9356.979732083732,30,0.00182541519279,3.0
cv,deephit,5.0,auc,0.0292812687233699,18389.4953592733,30,0.0072103217734671,2.0,0.0299771430471195,17918.707649943666,30,0.0071570430753512,2.0
cv,deephit,5.0,cindex,0.0535368389001924,8090.974238355785,30,0.0072397784569799,3.0,0.0324840681946114,16332.334728856797,30,0.0070780558300732,2.0
cv,deephit,5.0,auc_marginal_ipcw,0.0272922380133247,19810.9205970853,30,0.0072703372905611,2.0,0.0294423146488439,18279.33527911031,30,0.0072289059009176,2.0
cv,deephit,5.0,cindex_marginal_ipcw,0.0262529036092319,20599.08863401657,30,0.0072353401325768,2.0,0.0288409718237934,18694.40687321995,30,0.0071982276636539,2.0
cv,deephit,5.0,at_risk_fraction,4.860149189361204e-05,41148.00014579739,30,0.001962049614007,2.0,4.860149189361204e-05,41148.00014579739,30,0.001962049614007,2.0
cv,deephit,5.0,nb_at_0.01,0.0137551888192015,32148.80706274302,30,0.0006055214100209,2.0,0.006057340013018,38920.79606658807,30,0.0006083334407873,2.0
cv,deephit,5.0,nb_at_0.02,0.0166152312902426,29280.151396631805,30,0.0005708810872307,2.0,0.0139358874592595,31967.990643008503,30,0.0005752787835591,2.0
cv,deephit,5.0,nb_at_0.03,0.0360261647094869,14364.39606700553,30,0.0005462639040699,2.0,0.0202754862082407,25726.31273365749,30,0.0005507098134568,2.0
cv,deephit,5.0,nb_at_0.05,0.0720893446696026,4917.23228673783,30,0.0004879292441817,4.0,0.0336349096408279,15659.253828621368,30,0.0004963076617962,2.0
cv,deephit,5.0,nb_at_0.075,0.1074539508649115,2385.6545644749613,30,0.0003698748324298,7.0,0.0875515636374082,3478.4997965630787,30,0.0003794361675656,5.0
cv,deephit,5.0,nb_at_0.2,0.5391318509393279,106.32712309549528,30,6.426913877359337e-05,89.0,0.2016624275594267,717.1978202152874,30,4.2283534642640925e-05,19.0
cv,deephit,5.0,frac_above_0.01,0.9325899987682216,36.94958616967276,30,0.0069628722252436,185.0,0.628753158561191,79.01052801276217,30,0.0039165122745792,110.0
cv,deephit,5.0,frac_above_0.02,0.8975180904219415,39.80384972153232,30,0.0054986195287981,177.0,0.5016974551969346,122.20900884845078,30,0.003045062934697,80.0
cv,deephit,5.0,frac_above_0.03,0.912197234615608,38.57233688364895,30,0.0051612027983683,180.0,0.5458146648065867,103.8247922461844,30,0.0028705793762227,90.0
cv,deephit,5.0,frac_above_0.05,0.9137546175104764,38.44490282054324,30,0.0039807112476746,181.0,0.6527674333180841,73.5022536304894,30,0.0024783008655256,116.0
cv,deephit,5.0,frac_above_0.075,0.9599960426831792,34.91099212715158,30,0.0031988545722347,192.0,0.7042511746293191,63.502127512654106,30,0.0017905487288867,129.0
cv,deephit,5.0,frac_above_0.2,0.9934119719333364,32.597972625642534,30,0.0003646526227623,200.0,0.7064835928943526,63.11632872716788,30,0.0001166359535103,129.0
cv,deephit,5.0,nb_all_at_0.01,4.860149189361204e-05,41148.00014579739,30,0.0006354542394474,2.0,4.860149189361204e-05,41148.00014579739,30,0.0006354542394474,2.0
cv,deephit,5.0,nb_all_at_0.02,4.860149189361204e-05,41148.00014579739,30,0.0006419384490491,2.0,4.860149189361204e-05,41148.00014579739,30,0.0006419384490491,2.0
cv,deephit,5.0,nb_all_at_0.03,4.860149189361204e-05,41148.00014579739,30,0.0006485563622315,2.0,4.860149189361204e-05,41148.00014579739,30,0.0006485563622315,2.0
cv,deephit,5.0,nb_all_at_0.05,4.860149189361204e-05,41148.00014579739,30,0.0006622101893576,2.0,4.860149189361204e-05,41148.00014579739,30,0.0006622101893576,2.0
cv,deephit,5.0,nb_all_at_0.075,4.860149189361204e-05,41148.00014579739,30,0.0006801078130975,2.0,4.860149189361204e-05,41148.00014579739,30,0.0006801078130975,2.0
cv,deephit,5.0,nb_all_at_0.2,4.860149189361204e-05,41148.00014579739,30,0.0007863746300046,2.0,4.860149189361204e-05,41148.00014579739,30,0.0007863746300046,2.0
cv,deephit,10.0,mean_pred,0.9302623283411552,37.12994376478829,30,0.0008034502778493,185.0,0.5156616689973261,115.88577077516696,30,0.0003901109135147,83.0
cv,deephit,10.0,obs_cif,4.860149189361204e-05,41148.00014579739,30,0.0011106379883628,2.0,4.860149189361204e-05,41148.00014579739,30,0.0011106379883628,2.0
cv,deephit,10.0,eo,0.2994491203519061,332.8133035923144,30,0.0378321438947194,36.0,0.0531099031905791,8194.595970580507,30,0.0325788294949303,3.0
cv,deephit,10.0,calib_intercept,0.2329263971641547,542.31945957618,30,0.0399825327046112,24.0,0.0519822700490783,8477.238307884149,30,0.0357965967299759,3.0
cv,deephit,10.0,calib_slope,0.1994226871085564,732.875750612838,30,0.0500861754206883,19.0,0.0327549987111309,16170.844777904736,30,0.0504112783308496,2.0
cv,deephit,10.0,ici,0.347576151568944,249.08899875813492,30,0.0011626455867389,46.0,0.0825477857355665,3868.284085929857,30,0.0010411145808759,5.0
cv,deephit,10.0,e50,0.301739721633415,327.9179839371154,30,0.0006595262769913,36.0,0.0539829410714209,7984.6255619730355,30,0.000682656716454,3.0
cv,deephit,10.0,e90,0.2851818811591465,365.95446224843175,30,0.0038305804259271,33.0,0.0809485760008397,4006.30379231812,30,0.003224765718723,5.0
cv,deephit,10.0,obs_concordant,4.860149189361204e-05,41148.00014579739,30,0.0011106379883628,2.0,4.860149189361204e-05,41148.00014579739,30,0.0011106379883628,2.0
cv,deephit,10.0,eo_concordant,0.2994491203519061,332.8133035923144,30,0.0378321438947194,36.0,0.0531099031905791,8194.595970580507,30,0.0325788294949303,3.0
cv,deephit,10.0,calib_intercept_concordant,0.2329263971641547,542.31945957618,30,0.0399825327046112,24.0,0.0519822700490783,8477.238307884149,30,0.0357965967299759,3.0
cv,deephit,10.0,calib_slope_concordant,0.1994226871085564,732.875750612838,30,0.0500861754206883,19.0,0.0327549987111309,16170.844777904736,30,0.0504112783308496,2.0
cv,deephit,10.0,ici_concordant,0.347576151568944,249.08899875813492,30,0.0011626455867389,46.0,0.0825477857355665,3868.284085929857,30,0.0010411145808759,5.0
cv,deephit,10.0,e50_concordant,0.301739721633415,327.9179839371154,30,0.0006595262769913,36.0,0.0539829410714209,7984.6255619730355,30,0.000682656716454,3.0
cv,deephit,10.0,e90_concordant,0.2851818811591465,365.95446224843175,30,0.0038305804259271,33.0,0.0809485760008397,4006.30379231812,30,0.003224765718723,5.0
cv,deephit,10.0,auc,0.0233580139191289,22959.386355462502,30,0.0055413002013735,2.0,0.0251237652442992,21490.9752889018,30,0.0055322994278315,2.0
cv,deephit,10.0,cindex,0.0307069147764749,17439.41438711703,30,0.0058715494150455,2.0,0.0224127178512745,23781.471842729155,30,0.0058044369408606,2.0
cv,deephit,10.0,auc_marginal_ipcw,0.0215968211138866,24510.32123424002,30,0.0056028831904182,2.0,0.0221786125808698,23988.8076424994,30,0.005594866127039,2.0
cv,deephit,10.0,cindex_marginal_ipcw,0.0178294283700935,28077.14405828813,30,0.0054439008612943,2.0,0.0205204014489015,25497.75909998265,30,0.0054428741405301,2.0
cv,deephit,10.0,at_risk_fraction,4.860149189361204e-05,41148.00014579739,30,0.0023999912885427,2.0,4.860149189361204e-05,41148.00014579739,30,0.0023999912885427,2.0
cv,deephit,10.0,nb_at_0.01,0.0045175377058654,39841.03444593724,30,0.0010978440340103,2.0,0.0032011538624672,40449.99490615635,30,0.0011002329610839,2.0
cv,deephit,10.0,nb_at_0.02,0.005516240546237,39267.95739904489,30,0.0010739750129343,2.0,0.0044315701814526,39886.0385004707,30,0.0010815188989645,2.0
cv,deephit,10.0,nb_at_0.03,0.0137927614344498,32111.231950511374,30,0.001053495748647,2.0,0.0064297927549814,38667.86322880758,30,0.0010604361633787,2.0
cv,deephit,10.0,nb_at_0.05,0.0222646795843458,23912.41240817861,30,0.0010046350086236,2.0,0.0103819689220862,35420.18448882896,30,0.0010114296006308,2.0
cv,deephit,10.0,nb_at_0.075,0.026599285900632,20332.9229177819,30,0.000936284383044,2.0,0.0200549420730484,25933.29548952966,30,0.0009485769628671,2.0
cv,deephit,10.0,nb_at_0.2,0.212641972506594,647.1841473316196,30,0.0004233611485221,21.0,0.1703605335783765,993.479583824536,30,0.000434664742054,14.0
cv,deephit,10.0,frac_above_0.01,0.968856012682138,34.28207516435004,30,0.0082182528974768,194.0,0.6176061913937135,81.78413263952578,30,0.0038367431886675,108.0
cv,deephit,10.0,frac_above_0.02,0.9403156939876364,36.359446192095206,30,0.0073613791708499,187.0,0.5406232092884283,105.7607781196371,30,0.0036375383079518,89.0
cv,deephit,10.0,frac_above_0.03,0.9059076967995544,39.093180188320325,30,0.0062543704991132,179.0,0.5596191837524175,98.93212767976468,30,0.0035587354474481,94.0
cv,deephit,10.0,frac_above_0.05,0.8892102641354619,40.52625108882226,30,0.0054398504232171,175.0,0.4278233229283757,166.40172545018956,30,0.002887185136992,63.0
cv,deephit,10.0,frac_above_0.075,0.9153506689631704,38.31492587986004,30,0.0052844028072988,181.0,0.4965414323621013,124.67741444598364,30,0.0027648286221859,79.0
cv,deephit,10.0,frac_above_0.2,0.966806180207343,34.42641812160593,30,0.0021612908971805,193.0,0.7622208398982371,54.53363546016804,30,0.001296453579518,143.0
cv,deephit,10.0,nb_all_at_0.01,4.860149189361204e-05,41148.00014579739,30,0.001121856576804,2.0,4.860149189361204e-05,41148.00014579739,30,0.001121856576804,2.0
cv,deephit,10.0,nb_all_at_0.02,4.860149189361204e-05,41148.00014579739,30,0.0011333041013021,2.0,4.860149189361204e-05,41148.00014579739,30,0.0011333041013021,2.0
cv,deephit,10.0,nb_all_at_0.03,4.860149189361204e-05,41148.00014579739,30,0.0011449875959322,2.0,4.860149189361204e-05,41148.00014579739,30,0.0011449875959322,2.0
cv,deephit,10.0,nb_all_at_0.05,4.860149189361204e-05,41148.00014579739,30,0.0011690925953551,2.0,4.860149189361204e-05,41148.00014579739,30,0.0011690925953551,2.0
cv,deephit,10.0,nb_all_at_0.075,4.860149189361204e-05,41148.00014579739,30,0.0012006896463603,2.0,4.860149189361204e-05,41148.00014579739,30,0.0012006896463603,2.0
cv,deephit,10.0,nb_all_at_0.2,4.860149189361204e-05,41148.00014579739,30,0.001388297690177,2.0,4.860149189361204e-05,41148.00014579739,30,0.001388297690177,2.0
cv,deephit,15.0,mean_pred,0.9428566061794692,36.16812281983716,30,0.0013179269710115,188.0,0.4932962216645226,126.27022249482314,30,0.0005972011471887,78.0
cv,deephit,15.0,obs_cif,4.860149189361204e-05,41148.00014579739,30,0.0017197974801951,2.0,4.860149189361204e-05,41148.00014579739,30,0.0017197974801951,2.0
cv,deephit,15.0,eo,0.324131095883949,285.30877667192414,30,0.0344309652898357,41.0,0.0491922435907857,9236.566827205195,30,0.0290637705558608,3.0
cv,deephit,15.0,calib_intercept,0.2535832978943517,459.8048911677645,30,0.0363428280829912,27.0,0.0444268633399406,10761.989653344106,30,0.0320682876641102,3.0
cv,deephit,15.0,calib_slope,0.1783323515752638,909.630850941007,30,0.0437113532753917,16.0,0.0442036435376594,10841.459512554584,30,0.0441979977316587,3.0
cv,deephit,15.0,ici,0.4041344670860662,185.8508816633788,30,0.0019172362931733,58.0,0.0664300989762501,5663.151291849811,30,0.0016217998667617,4.0
cv,deephit,15.0,e50,0.3159954747397612,299.7648798642909,30,0.0013942721696314,39.0,0.0516426894553382,8564.979825603361,30,0.0013322009631099,3.0
cv,deephit,15.0,e90,0.2968300152122928,338.547533418822,30,0.0061284100594001,35.0,0.0634861128459648,6116.360517253307,30,0.0050675286498023,4.0
cv,deephit,15.0,obs_concordant,4.860149189361204e-05,41148.00014579739,30,0.0017197974801951,2.0,4.860149189361204e-05,41148.00014579739,30,0.0017197974801951,2.0
cv,deephit,15.0,eo_concordant,0.324131095883949,285.30877667192414,30,0.0344309652898357,41.0,0.0491922435907857,9236.566827205195,30,0.0290637705558608,3.0
cv,deephit,15.0,calib_intercept_concordant,0.2535832978943517,459.8048911677645,30,0.0363428280829912,27.0,0.0444268633399406,10761.989653344106,30,0.0320682876641102,3.0
cv,deephit,15.0,calib_slope_concordant,0.1783323515752638,909.630850941007,30,0.0437113532753917,16.0,0.0442036435376594,10841.459512554584,30,0.0441979977316587,3.0
cv,deephit,15.0,ici_concordant,0.4041344670860662,185.8508816633788,30,0.0019172362931733,58.0,0.0664300989762501,5663.151291849811,30,0.0016217998667617,4.0
cv,deephit,15.0,e50_concordant,0.3159954747397612,299.7648798642909,30,0.0013942721696314,39.0,0.0516426894553382,8564.979825603361,30,0.0013322009631099,3.0
cv,deephit,15.0,e90_concordant,0.2968300152122928,338.547533418822,30,0.0061284100594001,35.0,0.0634861128459648,6116.360517253307,30,0.0050675286498023,4.0
cv,deephit,15.0,auc,0.02639020058343,20493.16957258092,30,0.0054408870275997,2.0,0.0246972490678618,21837.49437438236,30,0.0054494815156944,2.0
cv,deephit,15.0,cindex,0.0727770235276883,4836.345576536079,30,0.0052010033236409,4.0,0.0505045790847477,8868.296567103278,30,0.0049908185310197,3.0
cv,deephit,15.0,auc_marginal_ipcw,0.021058658838419,25000.43921073584,30,0.0054432131600088,2.0,0.0144087880717234,31493.748768415277,30,0.0054246002254799,2.0
cv,deephit,15.0,cindex_marginal_ipcw,0.0196238229701755,26341.00488390465,30,0.0050992179326023,2.0,0.0121309803792246,33755.79961396801,30,0.0050845409708041,2.0
cv,deephit,15.0,at_risk_fraction,4.860149189361204e-05,41148.00014579739,30,0.0023392404352275,2.0,4.860149189361204e-05,41148.00014579739,30,0.0023392404352275,2.0
cv,deephit,15.0,nb_at_0.01,0.0058891714459585,39031.31960972718,30,0.001729372172106,2.0,0.0038996735432487,40148.50982636112,30,0.0017330178465274,2.0
cv,deephit,15.0,nb_at_0.02,0.005259789901192,39423.71883096795,30,0.0017170790924322,2.0,0.004891601818283,39637.07568935857,30,0.0017237545528877,2.0
cv,deephit,15.0,nb_at_0.03,0.0067611897952912,38433.69905431121,30,0.0017007382636529,2.0,0.0073063513389934,38030.80409806081,30,0.0017084697460033,2.0
cv,deephit,15.0,nb_at_0.05,0.0103609708843405,35439.560775474165,30,0.0016668234380183,2.0,0.0074122452733681,37950.10615045697,30,0.0016822783610435,2.0
cv,deephit,15.0,nb_at_0.075,0.0199898411483601,25994.601520361222,30,0.0016390525720477,2.0,0.0103154045027416,35481.54972076018,30,0.0016458678318818,2.0
cv,deephit,15.0,nb_at_0.2,0.0387103328655706,13064.82172072796,30,0.0012427165273325,2.0,0.0315938340578337,16876.415933555218,30,0.0012651685413812,2.0
cv,deephit,15.0,frac_above_0.01,1.027789565163399,30.26575839065879,30,0.0119086349484529,,0.917340508363937,38.15375257987867,30,0.0061465216189965,181.0
cv,deephit,15.0,frac_above_0.02,0.9776663303198369,33.66900639467274,30,0.0086732354193669,196.0,0.5286471709541654,110.4426187368808,30,0.003519838667837,86.0
cv,deephit,15.0,frac_above_0.03,0.9693348917660964,34.24845073244905,30,0.0085558267276963,194.0,0.4566533587888384,146.6351461180368,30,0.0034193372171546,69.0
cv,deephit,15.0,frac_above_0.05,0.9294106266382296,37.19623977706111,30,0.0069950409218574,184.0,0.4344933403950776,161.48248883336845,30,0.0032737300551865,64.0
cv,deephit,15.0,frac_above_0.075,0.8961938195890605,39.91773610051676,30,0.0059160386676345,176.0,0.465725627427097,141.14997254246748,30,0.003156038508732,71.0
cv,deephit,15.0,frac_above_0.2,0.9533125350333196,35.39453158209645,30,0.0048227066698903,190.0,0.6492192444136886,74.27852373918347,30,0.0025326400250819,115.0
cv,deephit,15.0,nb_all_at_0.01,4.860149189361204e-05,41148.00014579739,30,0.0017371690759822,2.0,4.860149189361204e-05,41148.00014579739,30,0.0017371690759822,2.0
cv,deephit,15.0,nb_all_at_0.02,4.860149189361204e-05,41148.00014579739,30,0.00175489523621,2.0,4.860149189361204e-05,41148.00014579739,30,0.00175489523621,2.0
cv,deephit,15.0,nb_all_at_0.03,4.860149189361204e-05,41148.00014579739,30,0.0017729870634419,2.0,4.860149189361204e-05,41148.00014579739,30,0.0017729870634419,2.0
cv,deephit,15.0,nb_all_at_0.05,4.860149189361204e-05,41148.00014579739,30,0.0018103130090129,2.0,4.860149189361204e-05,41148.00014579739,30,0.0018103130090129,2.0
cv,deephit,15.0,nb_all_at_0.075,4.860149189361204e-05,41148.00014579739,30,0.001859240361193,2.0,4.860149189361204e-05,41148.00014579739,30,0.001859240361193,2.0
cv,deephit,15.0,nb_all_at_0.2,4.860149189361204e-05,41148.00014579739,30,0.0021497465957405,2.0,4.860149189361204e-05,41148.00014579739,30,0.0021497465957405,2.0
cv,nfg,5.0,mean_pred,0.8732323662064964,41.9707615879976,30,0.0003075419034646,171.0,0.4520245585841105,149.55976620206266,30,0.0001676336162822,68.0
cv,nfg,5.0,obs_cif,4.860149189361204e-05,41148.00014579739,30,0.0006290996904501,2.0,4.860149189361204e-05,41148.00014579739,30,0.0006290996904501,2.0
cv,nfg,5.0,eo,0.1745031672183666,948.5249110032428,30,0.0425130268471213,15.0,0.0321543979276386,16531.398094988388,30,0.0391221897106345,2.0
cv,nfg,5.0,calib_intercept,0.1457542243767788,1340.3526261030856,30,0.0538041291850287,11.0,0.0299817459728364,17915.638543719193,30,0.0501492874572717,2.0
cv,nfg,5.0,calib_slope,0.1500877333468926,1267.267289570296,30,0.0589896977811801,12.0,0.0495013126249832,9147.985701276297,30,0.0637119494225464,3.0
cv,nfg,5.0,ici,0.2475633017902241,481.7798423345343,30,0.0004548459493363,26.0,0.040486839810641,12285.954945601885,30,0.0004462378499487,2.0
cv,nfg,5.0,e50,0.1528306525325487,1224.043174242193,30,0.0002152530425455,12.0,0.0314456925802415,16968.984110467565,30,0.0002224062752822,2.0
cv,nfg,5.0,e90,0.310386091761662,310.388849736634,30,0.0013839233334554,38.0,0.0628737473993968,6217.0677526598665,30,0.0013331501348694,4.0
cv,nfg,5.0,obs_concordant,4.860149189361204e-05,41148.00014579739,30,0.0006290996904501,2.0,4.860149189361204e-05,41148.00014579739,30,0.0006290996904501,2.0
cv,nfg,5.0,eo_concordant,0.1745031672183666,948.5249110032428,30,0.0425130268471213,15.0,0.0321543979276386,16531.398094988388,30,0.0391221897106345,2.0
cv,nfg,5.0,calib_intercept_concordant,0.1457542243767788,1340.3526261030856,30,0.0538041291850287,11.0,0.0299817459728364,17915.638543719193,30,0.0501492874572717,2.0
cv,nfg,5.0,calib_slope_concordant,0.1500877333468926,1267.267289570296,30,0.0589896977811801,12.0,0.0495013126249832,9147.985701276297,30,0.0637119494225464,3.0
cv,nfg,5.0,ici_concordant,0.2475633017902241,481.7798423345343,30,0.0004548459493363,26.0,0.040486839810641,12285.954945601885,30,0.0004462378499487,2.0
cv,nfg,5.0,e50_concordant,0.1528306525325487,1224.043174242193,30,0.0002152530425455,12.0,0.0314456925802415,16968.984110467565,30,0.0002224062752822,2.0
cv,nfg,5.0,e90_concordant,0.310386091761662,310.388849736634,30,0.0013839233334554,38.0,0.0628737473993968,6217.0677526598665,30,0.0013331501348694,4.0
cv,nfg,5.0,auc,0.0270062648732051,20024.65421605166,30,0.0072547822003255,2.0,0.0219589847929686,24184.642376115306,30,0.0071774903172062,2.0
cv,nfg,5.0,cindex,0.034571644801089,15135.760412411304,30,0.0071287779164251,2.0,0.0251315830045058,21484.672899471505,30,0.0070229108962072,2.0
cv,nfg,5.0,auc_marginal_ipcw,0.0252596459331229,21381.685338112417,30,0.0073353805526717,2.0,0.0202624855880507,25738.48341699382,30,0.0072561452485497,2.0
cv,nfg,5.0,cindex_marginal_ipcw,0.0245124821881623,21989.2344595729,30,0.0072996463334818,2.0,0.0192640357499615,26684.26303225507,30,0.0072220166930494,2.0
cv,nfg,5.0,at_risk_fraction,4.860149189361204e-05,41148.00014579739,30,0.001962049614007,2.0,4.860149189361204e-05,41148.00014579739,30,0.001962049614007,2.0
cv,nfg,5.0,nb_at_0.01,0.0109916366191848,34850.647266827415,30,0.0005912323519057,2.0,0.0086160265800331,36981.94897758947,30,0.0005932752993761,2.0
cv,nfg,5.0,nb_at_0.02,0.0190122890187124,26925.9918368344,30,0.0005508716113776,2.0,0.0171377608465332,28760.26825061388,30,0.000557501489715,2.0
cv,nfg,5.0,nb_at_0.03,0.0218053307088205,24322.402223861787,30,0.0005178039754955,2.0,0.0209232455735976,25124.89610849112,30,0.0005280902262027,2.0
cv,nfg,5.0,nb_at_0.05,0.0670515394656253,5573.623904913502,30,0.0004567296274408,4.0,0.0527503148586471,8283.298198572998,30,0.0004701069391038,3.0
cv,nfg,5.0,nb_at_0.075,0.1209675703549335,1910.139893619995,30,0.0003744515951266,8.0,0.1069904223708207,2404.9644228368734,30,0.000381941756796,7.0
cv,nfg,5.0,nb_at_0.2,0.5673422226816086,96.3467685669822,30,4.721995117493548e-06,95.0,0.5376702594939481,106.88666564498688,30,5.214562366893381e-07,88.0
cv,nfg,5.0,frac_above_0.01,0.8710579677198029,42.17320422778182,30,0.0055118607293061,170.0,0.4671512818488156,140.31648245735892,30,0.0031671393939031,72.0
cv,nfg,5.0,frac_above_0.02,0.8712503413554679,42.15523538311811,30,0.004751244285188,170.0,0.4233018620856277,169.86727026332275,30,0.0026610959763333,62.0
cv,nfg,5.0,frac_above_0.03,0.891596932042517,40.31677236687382,30,0.0044080996607514,175.0,0.4831104546956223,131.4762690904271,30,0.0024598051944964,75.0
cv,nfg,5.0,frac_above_0.05,0.8916295130915439,40.313923687567055,30,0.0034120748214446,175.0,0.4879289280040305,128.97351561293436,30,0.0019202920127477,77.0
cv,nfg,5.0,frac_above_0.075,0.8911457942568932,40.356247256207055,30,0.0024597946153341,175.0,0.5079764009480285,119.30230386698852,30,0.0014027008499989,81.0
cv,nfg,5.0,frac_above_0.2,0.4915679670983116,127.13117270829994,30,1.1298273474968236e-05,77.0,0.5376702594939481,106.88666564498688,30,2.085824946757353e-06,88.0
cv,nfg,5.0,nb_all_at_0.01,4.860149189361204e-05,41148.00014579739,30,0.0006354542394474,2.0,4.860149189361204e-05,41148.00014579739,30,0.0006354542394474,2.0
cv,nfg,5.0,nb_all_at_0.02,4.860149189361204e-05,41148.00014579739,30,0.0006419384490491,2.0,4.860149189361204e-05,41148.00014579739,30,0.0006419384490491,2.0
cv,nfg,5.0,nb_all_at_0.03,4.860149189361204e-05,41148.00014579739,30,0.0006485563622315,2.0,4.860149189361204e-05,41148.00014579739,30,0.0006485563622315,2.0
cv,nfg,5.0,nb_all_at_0.05,4.860149189361204e-05,41148.00014579739,30,0.0006622101893576,2.0,4.860149189361204e-05,41148.00014579739,30,0.0006622101893576,2.0
cv,nfg,5.0,nb_all_at_0.075,4.860149189361204e-05,41148.00014579739,30,0.0006801078130975,2.0,4.860149189361204e-05,41148.00014579739,30,0.0006801078130975,2.0
cv,nfg,5.0,nb_all_at_0.2,4.860149189361204e-05,41148.00014579739,30,0.0007863746300046,2.0,4.860149189361204e-05,41148.00014579739,30,0.0007863746300046,2.0
cv,nfg,10.0,mean_pred,0.8920761488398055,40.27490235244771,30,0.0006511190211915,175.0,0.4231920793421846,169.95277662452068,30,0.0003303855930286,62.0
cv,nfg,10.0,obs_cif,4.860149189361204e-05,41148.00014579739,30,0.0011106379883628,2.0,4.860149189361204e-05,41148.00014579739,30,0.0011106379883628,2.0
cv,nfg,10.0,eo,0.2421644829968542,502.8648744873352,30,0.0333567740726375,26.0,0.0381164838799958,13339.170229325104,30,0.0295752715651314,2.0
cv,nfg,10.0,calib_intercept,0.1852132565859248,845.5089957302752,30,0.0389663132335855,16.0,0.0294382732319122,18282.090808139368,30,0.035556751082584,2.0
cv,nfg,10.0,calib_slope,0.1852458213602243,845.2218554554964,30,0.04636584869593,16.0,0.0488561439600685,9334.223977029167,30,0.0478214172822157,3.0
cv,nfg,10.0,ici,0.3456184565350312,251.83873528124084,30,0.000770975807582,45.0,0.0305549802794957,17537.995494109717,30,0.0007748146586116,2.0
cv,nfg,10.0,e50,0.247313268503426,482.7266272364247,30,0.0004238919367636,26.0,0.0393294338972722,12786.399361025484,30,0.0004571602231188,2.0
cv,nfg,10.0,e90,0.3464021281116217,250.73250419622357,30,0.0022637047599663,45.0,0.0583942319195794,7030.284428863023,30,0.0024746129797484,3.0
cv,nfg,10.0,obs_concordant,4.860149189361204e-05,41148.00014579739,30,0.0011106379883628,2.0,4.860149189361204e-05,41148.00014579739,30,0.0011106379883628,2.0
cv,nfg,10.0,eo_concordant,0.2421644829968542,502.8648744873352,30,0.0333567740726375,26.0,0.0381164838799958,13339.170229325104,30,0.0295752715651314,2.0
cv,nfg,10.0,calib_intercept_concordant,0.1852132565859248,845.5089957302752,30,0.0389663132335855,16.0,0.0294382732319122,18282.090808139368,30,0.035556751082584,2.0
cv,nfg,10.0,calib_slope_concordant,0.1852458213602243,845.2218554554964,30,0.04636584869593,16.0,0.0488561439600685,9334.223977029167,30,0.0478214172822157,3.0
cv,nfg,10.0,ici_concordant,0.3456184565350312,251.83873528124084,30,0.000770975807582,45.0,0.0305549802794957,17537.995494109717,30,0.0007748146586116,2.0
cv,nfg,10.0,e50_concordant,0.247313268503426,482.7266272364247,30,0.0004238919367636,26.0,0.0393294338972722,12786.399361025484,30,0.0004571602231188,2.0
cv,nfg,10.0,e90_concordant,0.3464021281116217,250.73250419622357,30,0.0022637047599663,45.0,0.0583942319195794,7030.284428863023,30,0.0024746129797484,3.0
cv,nfg,10.0,auc,0.0317431260523364,16783.7189612592,30,0.0056118385986194,2.0,0.0209773505001291,25075.11511380585,30,0.0055911426243694,2.0
cv,nfg,10.0,cindex,0.0374388250155613,13661.19446892119,30,0.0057680429852782,2.0,0.0188387134714205,27093.371706254507,30,0.0057398637897854,2.0
cv,nfg,10.0,auc_marginal_ipcw,0.030452210659155,17605.03436931862,30,0.0057054079396094,2.0,0.0194329250670484,26522.801656673277,30,0.0056811309514333,2.0
cv,nfg,10.0,cindex_marginal_ipcw,0.0278890859790703,19372.47118662877,30,0.0055515950565153,2.0,0.0176591949172772,28244.672015430944,30,0.0055309743031312,2.0
cv,nfg,10.0,at_risk_fraction,4.860149189361204e-05,41148.00014579739,30,0.0023999912885427,2.0,4.860149189361204e-05,41148.00014579739,30,0.0023999912885427,2.0
cv,nfg,10.0,nb_at_0.01,0.0031546912649972,40468.25593512646,30,0.0010948140937215,2.0,0.0020823929740594,40825.30361280795,30,0.0010960677195628,2.0
cv,nfg,10.0,nb_at_0.02,0.0090442016622135,36617.14296052248,30,0.0010642874200107,2.0,0.0046187683126337,39787.13706007802,30,0.0010689483956362,2.0
cv,nfg,10.0,nb_at_0.03,0.0134234629939317,32479.97563097813,30,0.001032934616003,2.0,0.0149426532451047,30957.322230584203,30,0.001045345224862,2.0
cv,nfg,10.0,nb_at_0.05,0.029667793697004,18126.32393922159,30,0.0009716002130888,2.0,0.0182175613153165,27696.816318696398,30,0.0009817964454518,2.0
cv,nfg,10.0,nb_at_0.075,0.0238874722699833,22509.769181069463,30,0.0008889798647749,2.0,0.0164141331361722,29480.940292029605,30,0.0009041038013593,2.0
cv,nfg,10.0,nb_at_0.2,0.2395050633485255,513.7670219438426,30,0.0003937111671879,25.0,0.1165379189023711,2049.216274332128,30,0.0003727591156926,8.0
cv,nfg,10.0,frac_above_0.01,0.9135029307783832,38.46545658418332,30,0.0067247629592279,180.0,0.5425147585169009,105.04905579195668,30,0.0036342487642172,89.0
cv,nfg,10.0,frac_above_0.02,0.8270410329449541,46.60595778535492,30,0.0052730313045706,159.0,0.3269629711821066,280.52392502074093,30,0.0030179277896909,41.0
cv,nfg,10.0,frac_above_0.03,0.8582584852545309,43.39481760564248,30,0.0053028687371871,167.0,0.3810872799577263,208.29678180156688,30,0.0029283706724741,53.0
cv,nfg,10.0,frac_above_0.05,0.8840774604164798,40.98220003103823,30,0.0051080975313444,173.0,0.3739862783171273,216.04800838792855,30,0.0026400763156462,51.0
cv,nfg,10.0,frac_above_0.075,0.8998253518168197,39.60655207869769,30,0.0046966405490772,177.0,0.398717986441143,190.78355265025743,30,0.0023768839303127,56.0
cv,nfg,10.0,frac_above_0.2,0.9541681661517186,35.33216771903021,30,0.0018473351282386,190.0,0.7065452454394948,63.105724914502,30,0.0010340228638434,129.0
cv,nfg,10.0,nb_all_at_0.01,4.860149189361204e-05,41148.00014579739,30,0.001121856576804,2.0,4.860149189361204e-05,41148.00014579739,30,0.001121856576804,2.0
cv,nfg,10.0,nb_all_at_0.02,4.860149189361204e-05,41148.00014579739,30,0.0011333041013021,2.0,4.860149189361204e-05,41148.00014579739,30,0.0011333041013021,2.0
cv,nfg,10.0,nb_all_at_0.03,4.860149189361204e-05,41148.00014579739,30,0.0011449875959322,2.0,4.860149189361204e-05,41148.00014579739,30,0.0011449875959322,2.0
cv,nfg,10.0,nb_all_at_0.05,4.860149189361204e-05,41148.00014579739,30,0.0011690925953551,2.0,4.860149189361204e-05,41148.00014579739,30,0.0011690925953551,2.0
cv,nfg,10.0,nb_all_at_0.075,4.860149189361204e-05,41148.00014579739,30,0.0012006896463603,2.0,4.860149189361204e-05,41148.00014579739,30,0.0012006896463603,2.0
cv,nfg,10.0,nb_all_at_0.2,4.860149189361204e-05,41148.00014579739,30,0.001388297690177,2.0,4.860149189361204e-05,41148.00014579739,30,0.001388297690177,2.0
cv,nfg,15.0,mean_pred,0.9186402661208216,38.04899262965151,30,0.0010705144236601,182.0,0.4430707559926315,155.47510788586752,30,0.0005087514669446,66.0
cv,nfg,15.0,obs_cif,4.860149189361204e-05,41148.00014579739,30,0.0017197974801951,2.0,4.860149189361204e-05,41148.00014579739,30,0.0017197974801951,2.0
cv,nfg,15.0,eo,0.2645393343913926,423.51643078165694,30,0.0305181769212281,29.0,0.0380710597658019,13360.45450337584,30,0.0267062581468148,2.0
cv,nfg,15.0,calib_intercept,0.1760162876573383,932.8629648577864,30,0.0344155622723483,15.0,0.0249351745618212,21643.5460112188,30,0.0315493168151106,2.0
cv,nfg,15.0,calib_slope,0.2610170314394124,434.6962912904201,30,0.0443757186635932,29.0,0.0193425592895859,26609.121189321293,30,0.0421411309446055,2.0
cv,nfg,15.0,ici,0.249897267595751,473.0755949780588,30,0.0013439188080204,27.0,0.0140246885035346,31879.040652225183,30,0.0013854601305539,2.0
cv,nfg,15.0,e50,0.1620339240774736,1094.0609688720283,30,0.0011087888438803,13.0,0.0293927126293824,18313.186787842194,30,0.0010502488287613,2.0
cv,nfg,15.0,e90,0.2153463428142754,631.5187458024097,30,0.0036153280940943,21.0,0.0339412222567109,15485.706823185832,30,0.0046051200020018,2.0
cv,nfg,15.0,obs_concordant,4.860149189361204e-05,41148.00014579739,30,0.0017197974801951,2.0,4.860149189361204e-05,41148.00014579739,30,0.0017197974801951,2.0
cv,nfg,15.0,eo_concordant,0.2645393343913926,423.51643078165694,30,0.0305181769212281,29.0,0.0380710597658019,13360.45450337584,30,0.0267062581468148,2.0
cv,nfg,15.0,calib_intercept_concordant,0.1760162876573383,932.8629648577864,30,0.0344155622723483,15.0,0.0249351745618212,21643.5460112188,30,0.0315493168151106,2.0
cv,nfg,15.0,calib_slope_concordant,0.2610170314394124,434.6962912904201,30,0.0443757186635932,29.0,0.0193425592895859,26609.121189321293,30,0.0421411309446055,2.0
cv,nfg,15.0,ici_concordant,0.249897267595751,473.0755949780588,30,0.0013439188080204,27.0,0.0140246885035346,31879.040652225183,30,0.0013854601305539,2.0
cv,nfg,15.0,e50_concordant,0.1620339240774736,1094.0609688720283,30,0.0011087888438803,13.0,0.0293927126293824,18313.186787842194,30,0.0010502488287613,2.0
cv,nfg,15.0,e90_concordant,0.2153463428142754,631.5187458024097,30,0.0036153280940943,21.0,0.0339412222567109,15485.706823185832,30,0.0046051200020018,2.0
cv,nfg,15.0,auc,0.0489518392255838,9306.276483351336,30,0.005519706090259,3.0,0.0231766078074,23115.24183930378,30,0.0054782840293743,2.0
cv,nfg,15.0,cindex,0.0955686082958898,2964.1316961791463,30,0.0051823918546845,6.0,0.0406034238953718,12236.954034215183,30,0.004952823555536,2.0
cv,nfg,15.0,auc_marginal_ipcw,0.0293345999223544,18352.934485142945,30,0.0054440227116278,2.0,0.0130718557925886,32829.63495511548,30,0.0054245614172969,2.0
cv,nfg,15.0,cindex_marginal_ipcw,0.0276605922600757,19539.1083828128,30,0.0051088625047601,2.0,0.0117944084583095,34082.77488325805,30,0.0050980871367444,2.0
cv,nfg,15.0,at_risk_fraction,4.860149189361204e-05,41148.00014579739,30,0.0023392404352275,2.0,4.860149189361204e-05,41148.00014579739,30,0.0023392404352275,2.0
cv,nfg,15.0,nb_at_0.01,0.0079076603135309,37562.60971989447,30,0.001737140637012,2.0,0.0011014781719397,41040.212380573976,30,0.0017349267818192,2.0
cv,nfg,15.0,nb_at_0.02,0.0058993191867589,39024.71658366883,30,0.0017148668833631,2.0,0.0022343956314392,40782.32548808967,30,0.0017178220754864,2.0
cv,nfg,15.0,nb_at_0.03,0.0076314156172645,37780.66923827023,30,0.0016955205632285,2.0,0.0058342644204977,39066.898169213,30,0.0017019262600269,2.0
cv,nfg,15.0,nb_at_0.05,0.0109821202859577,34859.63484890294,30,0.0016531561679832,2.0,0.0092970699751701,36397.215245405525,30,0.0016655363359496,2.0
cv,nfg,15.0,nb_at_0.075,0.019753760355843,26217.70039489424,30,0.0016176689524789,2.0,0.0090915778858938,36576.1839119338,30,0.0016254506578953,2.0
cv,nfg,15.0,nb_at_0.2,0.0694436611081625,5247.2375458884,30,0.0011147398137416,4.0,0.0392873877634613,12805.067305126357,30,0.001128772029573,2.0
cv,nfg,15.0,frac_above_0.01,1.0548736969003756,27.67802988920613,30,0.0192074249429985,,0.9399888133761982,36.38415714036409,30,0.0062694389998358,187.0
cv,nfg,15.0,frac_above_0.02,0.910419867566552,38.7185094888127,30,0.0066245409479064,180.0,0.4464653501725253,153.19121603390067,30,0.0033140894270385,67.0
cv,nfg,15.0,frac_above_0.03,0.8558310518815528,43.63243900052623,30,0.0058040927531082,166.0,0.3312547219090466,273.5010149721816,30,0.003114621622772,42.0
cv,nfg,15.0,frac_above_0.05,0.8585026895251167,43.37101947773404,30,0.0056022277810202,167.0,0.3414399059674954,257.8641313889915,30,0.0030183051473455,44.0
cv,nfg,15.0,frac_above_0.075,0.896927987867748,39.85453966403687,30,0.0057833750975731,176.0,0.4285163314296849,165.880078047178,30,0.0029876252626161,63.0
cv,nfg,15.0,frac_above_0.2,0.9396758053016032,36.407840426895,30,0.0040445989891698,187.0,0.4934693198422069,126.18448157078986,30,0.0019223982981253,78.0
cv,nfg,15.0,nb_all_at_0.01,4.860149189361204e-05,41148.00014579739,30,0.0017371690759822,2.0,4.860149189361204e-05,41148.00014579739,30,0.0017371690759822,2.0
cv,nfg,15.0,nb_all_at_0.02,4.860149189361204e-05,41148.00014579739,30,0.00175489523621,2.0,4.860149189361204e-05,41148.00014579739,30,0.00175489523621,2.0
cv,nfg,15.0,nb_all_at_0.03,4.860149189361204e-05,41148.00014579739,30,0.0017729870634419,2.0,4.860149189361204e-05,41148.00014579739,30,0.0017729870634419,2.0
cv,nfg,15.0,nb_all_at_0.05,4.860149189361204e-05,41148.00014579739,30,0.0018103130090129,2.0,4.860149189361204e-05,41148.00014579739,30,0.0018103130090129,2.0
cv,nfg,15.0,nb_all_at_0.075,4.860149189361204e-05,41148.00014579739,30,0.001859240361193,2.0,4.860149189361204e-05,41148.00014579739,30,0.001859240361193,2.0
cv,nfg,15.0,nb_all_at_0.2,4.860149189361204e-05,41148.00014579739,30,0.0021497465957405,2.0,4.860149189361204e-05,41148.00014579739,30,0.0021497465957405,2.0
temporal,deephit,5.0,mean_pred,1.027949848878223,28.49719701732352,30,0.0017848805038617,,0.6793763898268085,67.0548455975424,30,0.0005685537059217,123.0
temporal,deephit,5.0,obs_cif,0.0002143852355178,9326.000643017896,30,0.001222234562529,2.0,0.0002143852355178,9326.000643017896,30,0.001222234562529,2.0
temporal,deephit,5.0,eo,0.4815913574553372,129.76739489622864,30,0.1855907415471037,75.0,0.0554091395676,4593.968299694187,30,0.1414721858848125,3.0
temporal,deephit,5.0,calib_intercept,0.3905091097926649,193.74713494308335,30,0.1381535702769978,55.0,0.08124806914296,2937.229193139007,30,0.1105767029384488,5.0
temporal,deephit,5.0,calib_slope,0.4127622057771941,174.29664285119028,30,0.1807287684159027,59.0,0.1384491650011603,1297.6774053385232,30,0.1272472852929137,10.0
temporal,deephit,5.0,ici,0.6833999897947289,66.29746722293865,30,0.0021746145170719,124.0,0.136625734680592,1327.0270224689082,30,0.0013312283880436,10.0
temporal,deephit,5.0,e50,0.5610256175341277,96.84434481018762,30,0.0014268851905239,94.0,0.241697061942941,479.2720814509192,30,0.0009841516111592,25.0
temporal,deephit,5.0,e90,0.7270380512251204,58.84806083408196,30,0.0076538780812218,134.0,0.1961125697905911,703.6666914352129,30,0.0046687888124622,18.0
temporal,deephit,5.0,obs_concordant,0.0002143852355178,9326.000643017896,30,0.001222234562529,2.0,0.0002143852355178,9326.000643017896,30,0.001222234562529,2.0
temporal,deephit,5.0,eo_concordant,0.4815913574553372,129.76739489622864,30,0.1855907415471037,75.0,0.0554091395676,4593.968299694187,30,0.1414721858848125,3.0
temporal,deephit,5.0,calib_intercept_concordant,0.3905091097926649,193.74713494308335,30,0.1381535702769978,55.0,0.08124806914296,2937.229193139007,30,0.1105767029384488,5.0
temporal,deephit,5.0,calib_slope_concordant,0.4127622057771941,174.29664285119028,30,0.1807287684159027,59.0,0.1384491650011603,1297.6774053385232,30,0.1272472852929137,10.0
temporal,deephit,5.0,ici_concordant,0.6833999897947289,66.29746722293865,30,0.0021746145170719,124.0,0.136625734680592,1327.0270224689082,30,0.0013312283880436,10.0
temporal,deephit,5.0,e50_concordant,0.5610256175341277,96.84434481018762,30,0.0014268851905239,94.0,0.241697061942941,479.2720814509192,30,0.0009841516111592,25.0
temporal,deephit,5.0,e90_concordant,0.7270380512251204,58.84806083408196,30,0.0076538780812218,134.0,0.1961125697905911,703.6666914352129,30,0.0046687888124622,18.0
temporal,deephit,5.0,auc,0.1148666116827614,1763.5433955927772,30,0.014268234720698,8.0,0.049111875579242,5139.311223215676,30,0.0131329234991913,3.0
temporal,deephit,5.0,cindex,0.1165820671544829,1722.3180513773225,30,0.0141609728076618,8.0,0.0497240704407064,5083.722603280732,30,0.0130202277670236,3.0
temporal,deephit,5.0,auc_marginal_ipcw,0.1148666116827614,1763.5433955927772,30,0.014268234720698,8.0,0.049111875579242,5139.311223215676,30,0.0131329234991913,3.0
temporal,deephit,5.0,cindex_marginal_ipcw,0.1165820671544829,1722.3180513773225,30,0.0141609728076618,8.0,0.0497240704407064,5083.722603280732,30,0.0130202277670236,3.0
temporal,deephit,5.0,at_risk_fraction,0.0002143852355178,9326.000643017896,30,0.0,2.0,0.0002143852355178,9326.000643017896,30,0.0,2.0
temporal,deephit,5.0,nb_at_0.01,0.0269698987083142,7421.040164689844,30,0.0011906133026143,2.0,0.0138220344731879,8689.984439082247,30,0.00118581831055,2.0
temporal,deephit,5.0,nb_at_0.02,0.0553658419056929,4597.516124275739,30,0.0011321419876298,3.0,0.0246094030405628,7671.846442819521,30,0.0011185426082391,2.0
temporal,deephit,5.0,nb_at_0.03,0.1130472146475344,1808.7838947662551,30,0.0011240257899651,8.0,0.0355032286248525,6499.681620851729,30,0.0010841445131824,2.0
temporal,deephit,5.0,nb_at_0.05,0.1770026681142917,846.2366403189966,30,0.0010595106455382,15.0,0.1052160345516158,2023.0114445390896,30,0.0010346268568329,7.0
temporal,deephit,5.0,nb_at_0.075,0.3411639447450784,250.56764630423723,30,0.0010154457189813,44.0,0.1514936073190534,1112.5029581434624,30,0.0009347664090876,12.0
temporal,deephit,5.0,nb_at_0.2,0.8646590027417422,42.02359739408815,30,0.0003316334892523,168.0,0.6756723975676638,67.76365079765282,30,0.0001396579259424,122.0
temporal,deephit,5.0,frac_above_0.01,1.0466591630783222,26.32314021753725,30,0.0340354324188876,,0.8834583869914836,40.27345028319309,30,0.0124582027744241,173.0
temporal,deephit,5.0,frac_above_0.02,1.0191361489447712,29.32003923277862,30,0.0226726363832796,,0.6526632444849917,72.43113983062712,30,0.0077133611461144,116.0
temporal,deephit,5.0,frac_above_0.03,1.0161835377601467,29.579143276660343,30,0.0205818967541343,,0.651713980948301,72.63403350674768,30,0.0072404576995965,116.0
temporal,deephit,5.0,frac_above_0.05,1.0174945405295883,29.46494096963904,30,0.0176740863387436,,0.6692869211399158,69.01240056180087,30,0.0063455115269019,120.0
temporal,deephit,5.0,frac_above_0.075,1.0348377381455935,27.78233341392714,30,0.0161188145684026,,0.8010938187962454,48.78418217155005,30,0.0059272584056694,153.0
temporal,deephit,5.0,frac_above_0.2,0.9690172469339604,33.28292236939565,30,0.0014969388322411,194.0,0.7214988687212155,59.72199146269125,30,0.0005781293751387,133.0
temporal,deephit,5.0,nb_all_at_0.01,0.0002143852355178,9326.000643017896,30,0.0012345803469536,2.0,0.0002143852355178,9326.000643017896,30,0.0012345803469536,2.0
temporal,deephit,5.0,nb_all_at_0.02,0.0002143852355178,9326.000643017896,30,0.0012471780929677,2.0,0.0002143852355178,9326.000643017896,30,0.0012471780929677,2.0
temporal,deephit,5.0,nb_all_at_0.03,0.0002143852355178,9326.000643017896,30,0.0012600356266929,2.0,0.0002143852355178,9326.000643017896,30,0.0012600356266929,2.0
temporal,deephit,5.0,nb_all_at_0.05,0.0002143852355178,9326.000643017896,30,0.0012865626773271,2.0,0.0002143852355178,9326.000643017896,30,0.0012865626773271,2.0
temporal,deephit,5.0,nb_all_at_0.075,0.0002143852355178,9326.000643017896,30,0.0013213347802227,2.0,0.0002143852355178,9326.000643017896,30,0.0013213347802227,2.0
temporal,deephit,5.0,nb_all_at_0.2,0.0002143852355178,9326.000643017896,30,0.0015277938449685,2.0,0.0002143852355178,9326.000643017896,30,0.0015277938449685,2.0
temporal,deephit,10.0,mean_pred,1.017768590600739,29.44090219664017,30,0.0031402859433056,,0.6189674925518011,80.19563899332866,30,0.0010228801667272,108.0
temporal,deephit,10.0,obs_cif,0.0002143852355178,9326.000643017896,30,0.0018554273645042,2.0,0.0002143852355178,9326.000643017896,30,0.0018554273645042,2.0
temporal,deephit,10.0,eo,0.6278165349395265,78.03887136555099,30,0.119955259945473,110.0,0.0917593969558348,2480.0460113894774,30,0.0793685768330029,6.0
temporal,deephit,10.0,calib_intercept,0.5707021032868675,93.71874340019802,30,0.1015862461052777,96.0,0.1133491750279453,1801.1646164893766,30,0.0711707607236665,8.0
temporal,deephit,10.0,calib_slope,0.3885735433134231,195.59224303015085,30,0.0998180601344698,54.0,0.1505473844226359,1124.6113168069662,30,0.0916719548514728,12.0
temporal,deephit,10.0,ici,0.7745002697553033,52.08297046271529,30,0.0034297359361148,146.0,0.1654705965566648,953.6384028826076,30,0.0019625243870045,14.0
temporal,deephit,10.0,e50,0.6578612573399047,71.33516005918936,30,0.0022777653800676,117.0,0.2681919074166116,394.69265258769263,30,0.001605301554634,30.0
temporal,deephit,10.0,e90,0.7643047597873319,53.43512147859072,30,0.0119593522559275,144.0,0.2137283942863983,601.4757515086831,30,0.0070363595934648,21.0
temporal,deephit,10.0,obs_concordant,0.0002143852355178,9326.000643017896,30,0.0018554273645042,2.0,0.0002143852355178,9326.000643017896,30,0.0018554273645042,2.0
temporal,deephit,10.0,eo_concordant,0.6278165349395265,78.03887136555099,30,0.119955259945473,110.0,0.0917593969558348,2480.0460113894774,30,0.0793685768330029,6.0
temporal,deephit,10.0,calib_intercept_concordant,0.5707021032868675,93.71874340019802,30,0.1015862461052777,96.0,0.1133491750279453,1801.1646164893766,30,0.0711707607236665,8.0
temporal,deephit,10.0,calib_slope_concordant,0.3885735433134231,195.59224303015085,30,0.0998180601344698,54.0,0.1505473844226359,1124.6113168069662,30,0.0916719548514728,12.0
temporal,deephit,10.0,ici_concordant,0.7745002697553033,52.08297046271529,30,0.0034297359361148,146.0,0.1654705965566648,953.6384028826076,30,0.0019625243870045,14.0
temporal,deephit,10.0,e50_concordant,0.6578612573399047,71.33516005918936,30,0.0022777653800676,117.0,0.2681919074166116,394.69265258769263,30,0.001605301554634,30.0
temporal,deephit,10.0,e90_concordant,0.7643047597873319,53.43512147859072,30,0.0119593522559275,144.0,0.2137283942863983,601.4757515086831,30,0.0070363595934648,21.0
temporal,deephit,10.0,auc,0.0996297238966568,2197.6344728295016,30,0.0106612058770341,6.0,0.0264504006902122,7476.648568808974,30,0.0100138670687171,2.0
temporal,deephit,10.0,cindex,0.1028968736352612,2093.123768052578,30,0.0103028325259026,7.0,0.0262837081507002,7494.449060428948,30,0.0096461121390357,2.0
temporal,deephit,10.0,auc_marginal_ipcw,0.1046213974610242,2040.6783773413667,30,0.0106109870139692,7.0,0.0269077415390187,7427.703660232775,30,0.0099317201581418,2.0
temporal,deephit,10.0,cindex_marginal_ipcw,0.1096495970430457,1897.6819797800492,30,0.0102514004369095,7.0,0.0264676797245248,7474.802163950641,30,0.0095592034698125,2.0
temporal,deephit,10.0,at_risk_fraction,0.0002143852355178,9326.000643017896,30,0.0042967326153523,2.0,0.0002143852355178,9326.000643017896,30,0.0042967326153523,2.0
temporal,deephit,10.0,nb_at_0.01,0.016358860987018,8478.302152849974,30,0.0018536059779723,2.0,0.0051266684386289,9209.179937187557,30,0.0018439937228184,2.0
temporal,deephit,10.0,nb_at_0.02,0.0302279609699702,7069.221789098406,30,0.0018252619617241,2.0,0.0100669543045354,8957.806109680901,30,0.0018104530723554,2.0
temporal,deephit,10.0,nb_at_0.03,0.0334671948456306,6718.41659527124,30,0.0017929298592379,2.0,0.0183405466402123,8298.749351607337,30,0.001788094664838,2.0
temporal,deephit,10.0,nb_at_0.05,0.0729559553108127,3376.516588488982,30,0.0017488435502337,4.0,0.0407325497007828,5951.91211189852,30,0.001735041753744,2.0
temporal,deephit,10.0,nb_at_0.075,0.0884652665358433,2612.6324213422145,30,0.0016763702432864,5.0,0.0316903680410771,6910.645917484111,30,0.0016320333318727,2.0
temporal,deephit,10.0,nb_at_0.2,0.4499558453041132,147.79279130682175,30,0.0012909613733852,68.0,0.129986651179412,1442.269948789526,30,0.0010400526894667,9.0
temporal,deephit,10.0,frac_above_0.01,1.0565030786714236,24.78358555217287,30,0.0403170524282479,,0.9419252281412496,35.367679493752085,30,0.015155580552362,187.0
temporal,deephit,10.0,frac_above_0.02,1.039175794808042,27.287002937506955,30,0.0308228254243674,,0.8206277557382982,46.55148735202143,30,0.0108180931007076,158.0
temporal,deephit,10.0,frac_above_0.03,1.0211390132815,29.14012179744685,30,0.024256264943488,,0.7567885798126435,54.46547338034295,30,0.0093097724364606,142.0
temporal,deephit,10.0,frac_above_0.05,1.004904987970562,30.518206225654502,30,0.019912947458553,,0.556059062206009,98.51035599544782,30,0.0068823192617397,93.0
temporal,deephit,10.0,frac_above_0.075,0.9989071561721364,30.995072907505968,30,0.0177026075146717,201.0,0.5479848550917051,101.31309347060116,30,0.006358198492652,91.0
temporal,deephit,10.0,frac_above_0.2,1.0349268884278056,27.77254523295164,30,0.011531306507182,,0.852271810775721,43.23304457249812,30,0.0045227342686257,165.0
temporal,deephit,10.0,nb_all_at_0.01,0.0002143852355178,9326.000643017896,30,0.0018741690066556,2.0,0.0002143852355178,9326.000643017896,30,0.0018741690066556,2.0
temporal,deephit,10.0,nb_all_at_0.02,0.0002143852355178,9326.000643017896,30,0.0018932932105291,2.0,0.0002143852355178,9326.000643017896,30,0.0018932932105291,2.0
temporal,deephit,10.0,nb_all_at_0.03,0.0002143852355178,9326.000643017896,30,0.0019128117405117,2.0,0.0002143852355178,9326.000643017896,30,0.0019128117405117,2.0
temporal,deephit,10.0,nb_all_at_0.05,0.0002143852355178,9326.000643017896,30,0.0019530814601843,2.0,0.0002143852355178,9326.000643017896,30,0.0019530814601843,2.0
temporal,deephit,10.0,nb_all_at_0.075,0.0002143852355178,9326.000643017896,30,0.0020058675221026,2.0,0.0002143852355178,9326.000643017896,30,0.0020058675221026,2.0
temporal,deephit,10.0,nb_all_at_0.2,0.0002143852355178,9326.000643017896,30,0.0023192840769578,2.0,0.0002143852355178,9326.000643017896,30,0.0023192840769578,2.0
temporal,nfg,5.0,mean_pred,1.043731896716852,26.718787512424864,30,0.0022006477691298,,0.8584773755292433,42.621288657109424,30,0.0007715698564274,167.0
temporal,nfg,5.0,obs_cif,0.0002143852355178,9326.000643017896,30,0.001222234562529,2.0,0.0002143852355178,9326.000643017896,30,0.001222234562529,2.0
temporal,nfg,5.0,eo,0.640603046043474,75.07414291734048,30,0.200532480992306,113.0,0.1423465936496529,1237.981910618097,30,0.1342462441692814,11.0
temporal,nfg,5.0,calib_intercept,0.5320316670814804,107.2185656295619,30,0.1583517010393777,87.0,0.1056568718236212,2010.0490046775303,30,0.1150408145856461,7.0
temporal,nfg,5.0,calib_slope,0.2591685820398007,420.80594276273496,30,0.1394903926136912,28.0,0.0944779182908341,2377.271954608336,30,0.1270822697399855,6.0
temporal,nfg,5.0,ici,0.8050746498754693,48.316793381863214,30,0.0023320359924182,154.0,0.2851537085558219,351.74914723406016,30,0.0013792976052617,33.0
temporal,nfg,5.0,e50,0.5706909168555087,93.72226795971264,30,0.0008420240128696,96.0,0.2255455609397462,544.7699827202381,30,0.0006475223723946,23.0
temporal,nfg,5.0,e90,0.8693129237317087,41.58107529373821,30,0.009774577390299,170.0,0.2975076240920842,324.7288851703434,30,0.0050612254631813,36.0
temporal,nfg,5.0,obs_concordant,0.0002143852355178,9326.000643017896,30,0.001222234562529,2.0,0.0002143852355178,9326.000643017896,30,0.001222234562529,2.0
temporal,nfg,5.0,eo_concordant,0.640603046043474,75.07414291734048,30,0.200532480992306,113.0,0.1423465936496529,1237.981910618097,30,0.1342462441692814,11.0
temporal,nfg,5.0,calib_intercept_concordant,0.5320316670814804,107.2185656295619,30,0.1583517010393777,87.0,0.1056568718236212,2010.0490046775303,30,0.1150408145856461,7.0
temporal,nfg,5.0,calib_slope_concordant,0.2591685820398007,420.80594276273496,30,0.1394903926136912,28.0,0.0944779182908341,2377.271954608336,30,0.1270822697399855,6.0
temporal,nfg,5.0,ici_concordant,0.8050746498754693,48.316793381863214,30,0.0023320359924182,154.0,0.2851537085558219,351.74914723406016,30,0.0013792976052617,33.0
temporal,nfg,5.0,e50_concordant,0.5706909168555087,93.72226795971264,30,0.0008420240128696,96.0,0.2255455609397462,544.7699827202381,30,0.0006475223723946,23.0
temporal,nfg,5.0,e90_concordant,0.8693129237317087,41.58107529373821,30,0.009774577390299,170.0,0.2975076240920842,324.7288851703434,30,0.0050612254631813,36.0
temporal,nfg,5.0,auc,0.1347532033670073,1358.1630885315262,30,0.0144474018437219,10.0,0.0566701244977215,4491.869761885795,30,0.013244608599407,3.0
temporal,nfg,5.0,cindex,0.1358275149683136,1340.1738447301975,30,0.0143457837421163,10.0,0.0574270719351736,4431.718685737253,30,0.0131439402312692,3.0
temporal,nfg,5.0,auc_marginal_ipcw,0.1347532033670073,1358.1630885315262,30,0.0144474018437219,10.0,0.0566701244977215,4491.869761885795,30,0.013244608599407,3.0
temporal,nfg,5.0,cindex_marginal_ipcw,0.1358275149683136,1340.1738447301975,30,0.0143457837421163,10.0,0.0574270719351736,4431.718685737253,30,0.0131439402312692,3.0
temporal,nfg,5.0,at_risk_fraction,0.0002143852355178,9326.000643017896,30,0.0,2.0,0.0002143852355178,9326.000643017896,30,0.0,2.0
temporal,nfg,5.0,nb_at_0.01,0.0601815555747253,4219.972561243815,30,0.0011788360639754,3.0,0.0155852415229113,8545.175541736886,30,0.0011603550833994,2.0
temporal,nfg,5.0,nb_at_0.02,0.0734223480073308,3349.723423197159,30,0.0011132783400339,4.0,0.0420254188026795,5820.691629119138,30,0.0011040596525306,2.0
temporal,nfg,5.0,nb_at_0.03,0.134962121544982,1354.637922807418,30,0.001092850516375,10.0,0.0587072734825793,4331.9182431590725,30,0.0010670782957209,3.0
temporal,nfg,5.0,nb_at_0.05,0.252866443339547,440.60417974507726,30,0.0010757797572495,27.0,0.1045858109757345,2041.742357877096,30,0.0009974132230267,7.0
temporal,nfg,5.0,nb_at_0.075,0.3452428673588807,244.9736211705884,30,0.0010232396004339,45.0,0.0927394247262172,2442.325890219695,30,0.0008915321741841,6.0
temporal,nfg,5.0,nb_at_0.2,0.97916083133237,32.5132770708373,30,0.0002361665801722,196.0,0.6528132692380569,72.39915221873085,30,6.333170511043762e-05,116.0
temporal,nfg,5.0,frac_above_0.01,1.0380332527292784,27.421420845985757,30,0.0291937880610389,,0.8567515585950366,42.790223138639966,30,0.0112511972383204,167.0
temporal,nfg,5.0,frac_above_0.02,1.033188074761213,27.960769281399845,30,0.0253766327926287,,0.8279772507851522,45.74942684385639,30,0.0098581897949363,159.0
temporal,nfg,5.0,frac_above_0.03,1.0285878188787796,28.434070012776665,30,0.0221704982443541,,0.8143755115692228,47.24976417157893,30,0.0088585093721658,156.0
temporal,nfg,5.0,frac_above_0.05,1.033022763057887,27.978377786595843,30,0.0197798721289456,,0.835441898335942,44.95479229283682,30,0.0078712675689706,161.0
temporal,nfg,5.0,frac_above_0.075,1.0414111565215602,27.01496792681596,30,0.0174969716556279,,0.8183629606866621,46.802705318255725,30,0.0058736628690664,157.0
temporal,nfg,5.0,frac_above_0.2,0.9879308675796008,31.845115796200417,30,0.0009499468395461,199.0,0.6528132692380569,72.39915221873085,30,0.0002533268204417,116.0
temporal,nfg,5.0,nb_all_at_0.01,0.0002143852355178,9326.000643017896,30,0.0012345803469536,2.0,0.0002143852355178,9326.000643017896,30,0.0012345803469536,2.0
temporal,nfg,5.0,nb_all_at_0.02,0.0002143852355178,9326.000643017896,30,0.0012471780929677,2.0,0.0002143852355178,9326.000643017896,30,0.0012471780929677,2.0
temporal,nfg,5.0,nb_all_at_0.03,0.0002143852355178,9326.000643017896,30,0.0012600356266929,2.0,0.0002143852355178,9326.000643017896,30,0.0012600356266929,2.0
temporal,nfg,5.0,nb_all_at_0.05,0.0002143852355178,9326.000643017896,30,0.0012865626773271,2.0,0.0002143852355178,9326.000643017896,30,0.0012865626773271,2.0
temporal,nfg,5.0,nb_all_at_0.075,0.0002143852355178,9326.000643017896,30,0.0013213347802227,2.0,0.0002143852355178,9326.000643017896,30,0.0013213347802227,2.0
temporal,nfg,5.0,nb_all_at_0.2,0.0002143852355178,9326.000643017896,30,0.0015277938449685,2.0,0.0002143852355178,9326.000643017896,30,0.0015277938449685,2.0
temporal,nfg,10.0,mean_pred,1.040721683245111,27.100202653111715,30,0.0039707782311425,,0.8569421438045748,42.77152238475362,30,0.0014505993529328,167.0
temporal,nfg,10.0,obs_cif,0.0002143852355178,9326.000643017896,30,0.0018554273645042,2.0,0.0002143852355178,9326.000643017896,30,0.0018554273645042,2.0
temporal,nfg,10.0,eo,0.7765247264985532,51.820500912900165,30,0.1382264156764231,147.0,0.2451918404582232,466.64713682525576,30,0.0808560830262077,26.0
temporal,nfg,10.0,calib_intercept,0.7073632950444378,62.04238721164001,30,0.1201765285504593,130.0,0.1467804069353594,1174.7476964377036,30,0.0730149158702333,11.0
temporal,nfg,10.0,calib_slope,0.3403644125245942,251.68669393012004,30,0.1077675066847182,44.0,0.1392704836683889,1284.7600683187045,30,0.0955210997767829,10.0
temporal,nfg,10.0,ici,0.8440864052234274,44.05869841640815,30,0.0038540192125853,163.0,0.3790168168833877,205.1033269526166,30,0.0021809141716354,52.0
temporal,nfg,10.0,e50,0.5069859975237866,117.60099980193267,30,0.0013503648606113,81.0,0.2927676949751981,334.7156796978333,30,0.0011455335938793,35.0
temporal,nfg,10.0,e90,0.8937532481763082,39.35506140551807,30,0.0161027959437702,176.0,0.3255364690924424,273.882331527955,30,0.0077304454331973,41.0
temporal,nfg,10.0,obs_concordant,0.0002143852355178,9326.000643017896,30,0.0018554273645042,2.0,0.0002143852355178,9326.000643017896,30,0.0018554273645042,2.0
temporal,nfg,10.0,eo_concordant,0.7765247264985532,51.820500912900165,30,0.1382264156764231,147.0,0.2451918404582232,466.64713682525576,30,0.0808560830262077,26.0
temporal,nfg,10.0,calib_intercept_concordant,0.7073632950444378,62.04238721164001,30,0.1201765285504593,130.0,0.1467804069353594,1174.7476964377036,30,0.0730149158702333,11.0
temporal,nfg,10.0,calib_slope_concordant,0.3403644125245942,251.68669393012004,30,0.1077675066847182,44.0,0.1392704836683889,1284.7600683187045,30,0.0955210997767829,10.0
temporal,nfg,10.0,ici_concordant,0.8440864052234274,44.05869841640815,30,0.0038540192125853,163.0,0.3790168168833877,205.1033269526166,30,0.0021809141716354,52.0
temporal,nfg,10.0,e50_concordant,0.5069859975237866,117.60099980193267,30,0.0013503648606113,81.0,0.2927676949751981,334.7156796978333,30,0.0011455335938793,35.0
temporal,nfg,10.0,e90_concordant,0.8937532481763082,39.35506140551807,30,0.0161027959437702,176.0,0.3255364690924424,273.882331527955,30,0.0077304454331973,41.0
temporal,nfg,10.0,auc,0.089030391091379,2589.2331723617626,30,0.0108685549261748,5.0,0.0253013097360341,7598.871469851151,30,0.0102226532961875,2.0
temporal,nfg,10.0,cindex,0.0941578627231635,2389.073085932535,30,0.010519034671405,6.0,0.0256420226221489,7562.755752015448,30,0.009851398116333,2.0
temporal,nfg,10.0,auc_marginal_ipcw,0.0902647388579124,2539.076115572207,30,0.0107934098103502,5.0,0.025809784868492,7544.932563901273,30,0.0101359562432422,2.0
temporal,nfg,10.0,cindex_marginal_ipcw,0.0954960921994965,2340.244617727028,30,0.0104441060729001,6.0,0.0256648025049897,7560.337119674044,30,0.0097660133904842,2.0
temporal,nfg,10.0,at_risk_fraction,0.0002143852355178,9326.000643017896,30,0.0042967326153523,2.0,0.0002143852355178,9326.000643017896,30,0.0042967326153523,2.0
temporal,nfg,10.0,nb_at_0.01,0.0132248683965199,8736.448091414806,30,0.001829212496032,2.0,0.0050157970340868,9213.34405317733,30,0.001829852695509,2.0
temporal,nfg,10.0,nb_at_0.02,0.0361442925214033,6431.308718548167,30,0.0018022774969321,2.0,0.0154546275551419,8556.27331059425,30,0.0017945986863699,2.0
temporal,nfg,10.0,nb_at_0.03,0.0564039493431512,4513.223901202653,30,0.0017834626782113,3.0,0.0151097542628544,8585.299610982855,30,0.0017603767115605,2.0
temporal,nfg,10.0,nb_at_0.05,0.0669469592226187,3746.021376855937,30,0.0017063219768137,4.0,0.0373757283304448,6300.804834520561,30,0.0016907475071076,2.0
temporal,nfg,10.0,nb_at_0.075,0.1561823813937317,1055.1962060453106,30,0.0016964146383967,13.0,0.036717676419062,6370.398612031838,30,0.0016030282149911,2.0
temporal,nfg,10.0,nb_at_0.2,0.5452083440579918,102.30487932962644,30,0.0014106410438846,90.0,0.1663019931357358,945.2489621048488,30,0.0010473376824883,14.0
temporal,nfg,10.0,frac_above_0.01,1.0420399944187706,26.936152956939143,30,0.0324860036564771,,0.9421113886478978,35.353078294757175,30,0.0153561596203578,187.0
temporal,nfg,10.0,frac_above_0.02,1.0197791794432944,29.26266591752067,30,0.02418589788921,,0.806638839160769,48.13492013457597,30,0.0103724822737425,154.0
temporal,nfg,10.0,frac_above_0.03,1.022613443580819,29.005266470562574,30,0.024110561180053,,0.8153973438863957,47.13461610179956,30,0.0101740461695082,156.0
temporal,nfg,10.0,frac_above_0.05,1.0241450053105077,28.862823833817377,30,0.0231822886351976,,0.8216076925205246,46.44338900971312,30,0.0098172635921651,158.0
temporal,nfg,10.0,frac_above_0.075,1.0269520055637575,28.59483337296101,30,0.0220831029733226,,0.8026124410937374,48.60510903164047,30,0.0087421879198411,153.0
temporal,nfg,10.0,frac_above_0.2,1.051492041934479,25.60977223351021,30,0.0148175966802158,,0.8809073597981787,40.5052482599872,30,0.0047447420852811,172.0
temporal,nfg,10.0,nb_all_at_0.01,0.0002143852355178,9326.000643017896,30,0.0018741690066556,2.0,0.0002143852355178,9326.000643017896,30,0.0018741690066556,2.0
temporal,nfg,10.0,nb_all_at_0.02,0.0002143852355178,9326.000643017896,30,0.0018932932105291,2.0,0.0002143852355178,9326.000643017896,30,0.0018932932105291,2.0
temporal,nfg,10.0,nb_all_at_0.03,0.0002143852355178,9326.000643017896,30,0.0019128117405117,2.0,0.0002143852355178,9326.000643017896,30,0.0019128117405117,2.0
temporal,nfg,10.0,nb_all_at_0.05,0.0002143852355178,9326.000643017896,30,0.0019530814601843,2.0,0.0002143852355178,9326.000643017896,30,0.0019530814601843,2.0
temporal,nfg,10.0,nb_all_at_0.075,0.0002143852355178,9326.000643017896,30,0.0020058675221026,2.0,0.0002143852355178,9326.000643017896,30,0.0020058675221026,2.0
temporal,nfg,10.0,nb_all_at_0.2,0.0002143852355178,9326.000643017896,30,0.0023192840769578,2.0,0.0002143852355178,9326.000643017896,30,0.0023192840769578,2.0
