model,imp,member,mean_risk10,frac_above_0.01,frac_above_0.02,frac_above_0.03,frac_above_0.05,frac_above_0.075,frac_above_0.2
deephit,1,0,0.045498624444007874,0.5910601350627077,0.4450637796119627,0.3601672204952299,0.281273448386751,0.22274627505627612,0.03537356629863865
deephit,1,1,0.04814338684082031,0.5547218351377425,0.41901597170114696,0.3539500482366813,0.2808446778861614,0.22231750455568658,0.06356522671240218
deephit,1,2,0.04231356829404831,0.6352234966234324,0.44452781648622575,0.3519133883588809,0.26444420623861076,0.19187479901382784,0.026476578411405296
deephit,1,3,0.045856304466724396,0.5846285775538643,0.4547111158752278,0.38117697502411835,0.2985314610354808,0.22671240218672956,0.035159181048343875
deephit,1,4,0.0454070158302784,0.6014578197020045,0.44334869760960444,0.3709936756351163,0.287597813270447,0.21953049630185442,0.03548075892378604
deephit,1,5,0.0454096794128418,0.57658913066781,0.4404544967306249,0.37142244613570585,0.28041590738557187,0.21577875442169578,0.03826776717761818
deephit,1,6,0.04753268137574196,0.6012434344517097,0.4493514846178583,0.3733519133883589,0.2895272805231,0.22585486118555043,0.041590738557187264
deephit,1,7,0.04462509974837303,0.617000750348376,0.4540679601243435,0.37388787651409583,0.2949941044056169,0.23732447207632115,0.01511416014578197
deephit,1,8,0.04578219726681709,0.5847357701790117,0.45717654625361775,0.38514310215457176,0.2907063993997213,0.22006645942759137,0.038696537678207736
deephit,1,9,0.046561598777770996,0.6129274305927752,0.4695036981455676,0.39232500803944687,0.3013184692893129,0.23217922606924643,0.0317290170436274
deephit,2,0,0.0445411279797554,0.6237538857326616,0.4282345374638225,0.3460177939757745,0.270554185872012,0.21267016829242147,0.035051988423196484
deephit,2,1,0.04576494172215462,0.58151999142459,0.4250187587094008,0.3522349662343231,0.2729124236252546,0.21202701254153714,0.04609282881337764
deephit,2,2,0.04532939940690994,0.5874155858076965,0.4376674884767928,0.367885089505842,0.2673384071175903,0.20130775002679815,0.04587844356308286
deephit,2,3,0.04473235085606575,0.5933111801908029,0.4354164433486976,0.3626326508736199,0.2852395755172044,0.22478293493407653,0.029263586665237432
deephit,2,4,0.041969265788793564,0.5626540893986494,0.4250187587094008,0.3500911137313753,0.2546896773501983,0.190266909636617,0.03301532854539608
deephit,2,5,0.04626304656267166,0.5351055847357702,0.4175152749490835,0.35041269160681743,0.2736627720012863,0.21835137742523314,0.051881230571336694
deephit,2,6,0.045747626572847366,0.601886590202594,0.4314503162182442,0.3507342694822596,0.2629435094865473,0.19777039339693428,0.053703505198842316
deephit,2,7,0.043615859001874924,0.5641547861507128,0.39168185228856256,0.3223282238182013,0.2564047593525565,0.20248686890341944,0.04084039018115554
deephit,2,8,0.049013901501894,0.6190374102261764,0.46896773501983063,0.3974702540465216,0.3139671990567049,0.24075463608103762,0.03858934505306035
deephit,2,9,0.04448956251144409,0.5552577982634794,0.41462107407010396,0.3443027119734162,0.2673384071175903,0.21063350841462108,0.04427055418587201
deephit,3,0,0.045594215393066406,0.5503269375066996,0.4230892914567478,0.36284703612391467,0.29585164540679604,0.23507342694822597,0.0401972344302712
deephit,3,1,0.04888562858104706,0.570800728909851,0.45503269375066996,0.3850359095294244,0.30399828491799763,0.23936113195412156,0.053703505198842316
deephit,3,2,0.042064014822244644,0.5434666094972666,0.39993568442491156,0.33036767070425554,0.2536177510987244,0.19616250401972343,0.03558795154893343
deephit,3,3,0.04567994922399521,0.5300675313538429,0.4037946189302176,0.34194447422017366,0.28255975988851967,0.23539500482366812,0.037517418801586454
deephit,3,4,0.049240998923778534,0.5719798477864723,0.4271626112123486,0.3530925072355022,0.2748418908779076,0.21813699217493837,0.06828170221888734
deephit,3,5,0.04410572350025177,0.5915960981884446,0.45428234537463824,0.37260156501232716,0.28041590738557187,0.21920891842641227,0.020902561903741023
deephit,3,6,0.04865286871790886,0.5304963018544324,0.40540250830742847,0.3446242898488584,0.283738878765141,0.22992818094115125,0.06077821845857005
deephit,3,7,0.04477439448237419,0.5621181262729125,0.43370136134633935,0.3582377532425769,0.2687319112445064,0.202915639404009,0.04319862793439811
deephit,3,8,0.04729842394590378,0.6441204845106656,0.46328652588701896,0.37828277414513883,0.29017043627398437,0.22714117268731912,0.035695144174080824
deephit,3,9,0.04408580809831619,0.6046735984564262,0.4677886161432093,0.38407117590309786,0.28609711651838354,0.20838246328652588,0.03001393504126916
deephit,4,0,0.041939426213502884,0.5463608103762461,0.39596955729445815,0.33036767070425554,0.25951334548183086,0.20559545503269375,0.02937077929038482
deephit,4,1,0.044914375990629196,0.564476364026155,0.42962804159073853,0.36316861399935685,0.28781219852074175,0.22424697180833958,0.03119305391789045
deephit,4,2,0.04956500232219696,0.5824847250509165,0.4425983492335727,0.374209454389538,0.2948869117804695,0.2420409475828063,0.05113088219530496
deephit,4,3,0.048790689557790756,0.5410011791188766,0.414085110944367,0.3540572408618287,0.2892057026476578,0.23292957444527818,0.059170329081359205
deephit,4,4,0.04027721658349037,0.5905241719369707,0.42962804159073853,0.34419551934826886,0.264229820988316,0.19101725801264874,0.021760102904920142
deephit,4,5,0.04648616909980774,0.545503269375067,0.4342373244720763,0.3657412370028942,0.29156394040090045,0.23378711544645728,0.043627398434987676
deephit,4,6,0.04119635373353958,0.48418908779076,0.37474541751527496,0.32061314181584305,0.25211705434666093,0.19948547539929254,0.042341086933218995
deephit,4,7,0.04638954624533653,0.5680137206560189,0.4430271197341623,0.38332082752706614,0.30689248579697714,0.23625254582484725,0.03130024654303784
deephit,4,8,0.04228659346699715,0.5482902776288991,0.38910922928502517,0.3161110515596527,0.24343445170972236,0.19101725801264874,0.04394897631042984
deephit,4,9,0.05008229240775108,0.532854539607675,0.426733840711759,0.3600600278700825,0.29402937077929037,0.23957551720441633,0.06731696859256084
deephit,5,0,0.051214758306741714,0.609282881337764,0.4842962804159074,0.4119412584414192,0.3296173223282238,0.25436809947475614,0.05166684532104191
deephit,5,1,0.04114922881126404,0.5400364454925501,0.4067960124343445,0.3392646585914889,0.26272912423625255,0.20313002465430377,0.02422553328331011
deephit,5,2,0.04710536077618599,0.5630828598992389,0.44763640261550003,0.3875013399078143,0.3045342480437346,0.23528781219852074,0.03665987780040733
deephit,5,3,0.046137865632772446,0.661807267659985,0.4775431450316218,0.37978347089720227,0.28255975988851967,0.21213420516668452,0.035159181048343875
deephit,5,4,0.047551412135362625,0.5447529209990353,0.41140529531568226,0.34719691285239573,0.278808018008361,0.22628363168614,0.055418587201200555
deephit,5,5,0.045282032340765,0.5482902776288991,0.4206238610783578,0.3536284703612391,0.2797727516346875,0.22253188980598135,0.03473041054775432
deephit,5,6,0.04400227218866348,0.5791617536713474,0.45063779611962695,0.3603816057455247,0.27741451388144495,0.21631471754743273,0.03044270554185872
deephit,5,7,0.046118784695863724,0.5366062814878336,0.42341086933218997,0.36070318362096687,0.28909851002251047,0.23078572194233038,0.04255547218351378
deephit,5,8,0.04804385080933571,0.6133562010933648,0.4723978990245471,0.3910386965376782,0.2970307642834173,0.22478293493407653,0.044699324686461574
deephit,5,9,0.04922448471188545,0.6100332297137957,0.4519241076213956,0.3741022617643906,0.2855611533926466,0.22896344731482474,0.05316754207310537
deephit,6,0,0.04654262587428093,0.6011362418265623,0.4460285132382892,0.35995283524493515,0.2747346982527602,0.21524279129595883,0.047164755064851537
deephit,6,1,0.04962768778204918,0.5746596634151571,0.4421695787329832,0.36831386000643157,0.28245256726337226,0.22006645942759137,0.06013506270768571
deephit,6,2,0.04773937165737152,0.6400471647550648,0.467145460392325,0.3745310322649802,0.27891521063350844,0.21395647979419016,0.04673598456426198
deephit,6,3,0.042448729276657104,0.5801264872976739,0.43820345160252977,0.359631257369493,0.2698038374959803,0.20698895915960983,0.023260799656983598
deephit,6,4,0.0422370620071888,0.5092721620752492,0.37399506913924324,0.31353842855611536,0.2505091649694501,0.19626969664487084,0.0454496730624933
deephit,6,5,0.042935099452733994,0.5854861185550434,0.4224461357058634,0.3391574659663415,0.25790545610462,0.19584092614428128,0.04094758280630292
deephit,6,6,0.04488150775432587,0.6722049522992818,0.47443455890234754,0.3672419337549577,0.2762353950048237,0.19702004502090256,0.03183620966877479
deephit,6,7,0.04544981196522713,0.5984564261978775,0.4688605423946832,0.38943080716046735,0.297781112659449,0.22810590631364563,0.02969235716582699
deephit,6,8,0.042550839483737946,0.5783042126701683,0.4313431235930968,0.3458034087254797,0.26122842748418906,0.20795369278593634,0.026476578411405296
deephit,6,9,0.04310081899166107,0.6698467145460393,0.48172365741237005,0.3921106227891521,0.2797727516346875,0.19777039339693428,0.021224139779183193
deephit,7,0,0.04776649922132492,0.6134633937185122,0.4609282881337764,0.3783899667702862,0.2949941044056169,0.23914674670382677,0.035051988423196484
deephit,7,1,0.04347079247236252,0.6672740915425018,0.4650016078893772,0.3597384499946404,0.2769857433808554,0.2135277092936006,0.013291885518276342
deephit,7,2,0.047246053814888,0.5778754421695788,0.42448279558366386,0.3637045771250938,0.2877050058955944,0.22381820130775001,0.04920141494265195
deephit,7,3,0.04348767548799515,0.5425018758709401,0.40754636081037626,0.33572730196162504,0.25833422660520955,0.20313002465430377,0.042448279558366386
deephit,7,4,0.04261065647006035,0.5902025940615285,0.4365955622253189,0.3586665237431665,0.2736627720012863,0.2019509057776825,0.02883481616464787
deephit,7,5,0.039763838052749634,0.6057455247079001,0.40422338943080716,0.323078572194233,0.24279129595883803,0.18640797513131097,0.0158645085218137
deephit,7,6,0.047133367508649826,0.6182870618501447,0.46135705863436594,0.3774252331439597,0.274413120377318,0.21084789366491585,0.048772644442062384
deephit,7,7,0.042159900069236755,0.5651195197770393,0.4252331439596956,0.34301640047164755,0.25544002572623004,0.19841354914781864,0.03365848429628042
deephit,7,8,0.0470644012093544,0.5977060778218458,0.46457283738878763,0.3720656018865902,0.27859363275806626,0.2144924429199271,0.050166148568978455
deephit,7,9,0.04675961658358574,0.6248258119841354,0.4599635545074499,0.37935470039661273,0.2840604566405831,0.21792260692464357,0.03976846392968164
deephit,8,0,0.043751247227191925,0.5957766105691928,0.43616679172472933,0.3605959909958195,0.270554185872012,0.2052738771572516,0.03816057455247079
deephit,8,1,0.04968339949846268,0.6402615500053597,0.47732875978132705,0.3978990245471112,0.2945653339050273,0.22628363168614,0.046521599313967196
deephit,8,2,0.04610662907361984,0.5404652159931397,0.39339693429092076,0.3290813592024869,0.26926787437024335,0.22006645942759137,0.05649051345267445
deephit,8,3,0.04668029397726059,0.5859148890556329,0.4400257262300354,0.3669203558795155,0.28609711651838354,0.22274627505627612,0.04555686568764069
deephit,8,4,0.04564102366566658,0.5616893557723228,0.42684103333690643,0.35662986386536605,0.2797727516346875,0.22081680780362312,0.04201950905777682
deephit,8,5,0.04174957424402237,0.5749812412905992,0.41719369707364135,0.3413013184692893,0.2558687962268196,0.19487619251795477,0.03612391467467038
deephit,8,6,0.046428579837083817,0.5376782077393075,0.4065816271840497,0.3421588594704684,0.27430592775217066,0.22746275056276127,0.0391253081787973
deephit,8,7,0.04410582780838013,0.6441204845106656,0.42105263157894735,0.33969342909207845,0.2718404973737807,0.21384928716904278,0.03001393504126916
deephit,8,8,0.048168860375881195,0.5756243970414835,0.42469718083395863,0.34934076535534353,0.2794511737592454,0.23292957444527818,0.05231000107192625
deephit,8,9,0.04853089153766632,0.6028513238289206,0.42341086933218997,0.34419551934826886,0.27109014899774897,0.22542609068496086,0.05691928395326402
deephit,9,0,0.04453067108988762,0.534248043734591,0.3939328974166577,0.32725908457498126,0.2560831814771144,0.20784650016078893,0.05477543145031622
deephit,9,1,0.04294416680932045,0.5615821631471755,0.40304427055418585,0.3288669739521921,0.25983492335727304,0.20881123378711544,0.03290813592024869
deephit,9,2,0.041350338608026505,0.6001715082002358,0.41172687319112444,0.32168506806731695,0.2483653124665023,0.1912316432629435,0.03130024654303784
deephit,9,3,0.04600640386343002,0.6209668774788295,0.4586772430056812,0.3574874048665452,0.2653017472397899,0.2052738771572516,0.041697931182334655
deephit,9,4,0.05078614875674248,0.583449458677243,0.4661807267659985,0.3985421802979955,0.3147175474327366,0.24965162396827098,0.0528459641976632
deephit,9,5,0.049960795789957047,0.6226819594811877,0.4692893128952728,0.37077929038482155,0.2852395755172044,0.22874906206452997,0.0528459641976632
deephit,9,6,0.04429218918085098,0.570800728909851,0.40883267231214493,0.33240433058205593,0.25447529209990355,0.20484510665666203,0.04598563618823025
deephit,9,7,0.0400005467236042,0.5611533926465859,0.3996141065494694,0.32168506806731695,0.2453639189623754,0.190266909636617,0.026155000535963126
deephit,9,8,0.043273940682411194,0.5726230035373566,0.4378818737270876,0.35920248686890344,0.276878550755708,0.21845857005038052,0.027762889913173973
deephit,9,9,0.04902585223317146,0.6067102583342266,0.4432415049844571,0.3579161753671347,0.28255975988851967,0.23014256619144602,0.05413227569943188
deephit,10,0,0.03670657053589821,0.5211705434666095,0.39586236466931074,0.32597277307321254,0.24997320184371316,0.18329938900203666,0.01618608639725587
deephit,10,1,0.05073433369398117,0.6346875334976954,0.45964197663200773,0.3756029585164541,0.2885625468967735,0.23946832457926895,0.05563297245149534
deephit,10,2,0.0487593375146389,0.5556865687640691,0.42973523421588594,0.3580233679922821,0.28213098938793013,0.22885625468967735,0.059706292207096154
deephit,10,3,0.04446885362267494,0.5631900525243864,0.4220173652052739,0.3436595562225319,0.26155000535963124,0.2060242255332833,0.04191231643262944
deephit,10,4,0.04956023395061493,0.5480758923786043,0.42126701682924217,0.3572730196162504,0.29220709615178475,0.23914674670382677,0.06045664058312788
deephit,10,5,0.04110129177570343,0.5747668560403044,0.4273769964626434,0.35341408511094435,0.26476578411405294,0.19187479901382784,0.026476578411405296
deephit,10,6,0.04698595777153969,0.5982420409475828,0.45932039875656555,0.3836424054025083,0.3000321577875442,0.2315360703183621,0.03537356629863865
deephit,10,7,0.04458651691675186,0.5113088219530496,0.39800621717225854,0.3370136134633937,0.2668024439918534,0.2167434880480223,0.04480651731160896
deephit,10,8,0.04381492733955383,0.5743380855397149,0.43337978347089723,0.3434451709722371,0.2568335298531461,0.1976632007717869,0.042448279558366386
deephit,10,9,0.04328171908855438,0.6053167542073106,0.44131203773180405,0.36209668774788295,0.27784328438203454,0.21363490191874798,0.023582377532425768
deephit,11,0,0.04291856288909912,0.6002787008253833,0.4638224890127559,0.37260156501232716,0.2739843498767285,0.19927109014899774,0.029049201414942653
deephit,11,1,0.04502762109041214,0.5904169793118234,0.4398113409797406,0.3623110729981777,0.276878550755708,0.21384928716904278,0.03816057455247079
deephit,11,2,0.04636629298329353,0.5995283524493514,0.4419551934826884,0.36627720012863113,0.2843820345160253,0.22456854968378176,0.03741022617643906
deephit,11,3,0.03674968704581261,0.5042341086933219,0.37753242576910706,0.31096580555257797,0.23346553757101512,0.1817986922499732,0.019937828277414513
deephit,11,4,0.04325084388256073,0.6553757101511416,0.4535319969986065,0.37174402401114803,0.28245256726337226,0.21191981991638975,0.019187479901382785
deephit,11,5,0.04689185693860054,0.629649480115768,0.45835566513023906,0.37142244613570585,0.29188551827634257,0.22681959481187694,0.042341086933218995
deephit,11,6,0.039957236498594284,0.5446457283738879,0.3986493729231429,0.329938900203666,0.25436809947475614,0.19005252438632222,0.024439918533604887
deephit,11,7,0.04764595255255699,0.5810912209240005,0.45063779611962695,0.3817129381498553,0.28824096902133134,0.2177082216743488,0.05231000107192625
deephit,11,8,0.045759256929159164,0.5582591917676064,0.4185872012005574,0.35480758923786043,0.2877050058955944,0.22585486118555043,0.03976846392968164
deephit,11,9,0.041995495557785034,0.6137849715939543,0.4811876942866331,0.38289205702647655,0.2748418908779076,0.19927109014899774,0.018973094651088006
deephit,12,0,0.045371975749731064,0.5920248686890341,0.4421695787329832,0.3723871797620324,0.29660199378282776,0.2293922178154143,0.027870082538321364
deephit,12,1,0.046956874430179596,0.5701575731589666,0.4317718940936864,0.3589881016186086,0.27741451388144495,0.21610033229713796,0.057240861828706184
deephit,12,2,0.0458640493452549,0.5745524707900096,0.4273769964626434,0.3525565441097652,0.2722692678743702,0.21706506592346447,0.04512809518705113
deephit,12,3,0.05286610871553421,0.6854968378175581,0.49276449780255116,0.40122199592668023,0.30914353092507235,0.24493514846178582,0.05413227569943188
deephit,12,4,0.04885233938694,0.6188230249758817,0.4677886161432093,0.38149855289956053,0.29617322328223816,0.23421588594704684,0.047593525565441094
deephit,12,5,0.04783578962087631,0.5672633722799871,0.4533176117483117,0.3890020366598778,0.29724514953371206,0.23196484081895166,0.04727194768999893
deephit,12,6,0.045248132199048996,0.6164647872226391,0.45213849287169044,0.3669203558795155,0.2716261121234859,0.20870404116196806,0.03676707042555472
deephit,12,7,0.04745995253324509,0.5641547861507128,0.4295208489655912,0.3485904169793118,0.27644978025511846,0.22756994318790869,0.04812948869117805
deephit,12,8,0.044674839824438095,0.5840926144281273,0.48258119841354913,0.3982206024225533,0.2927430592775217,0.21524279129595883,0.030764283417300888
deephit,12,9,0.045912157744169235,0.6177510987244078,0.46328652588701896,0.3826776717761818,0.28245256726337226,0.21717225854861186,0.03419444742201737
deephit,13,0,0.0433233417570591,0.5962053810697824,0.4508521813699217,0.37142244613570585,0.276878550755708,0.20623861078357808,0.028191660413763534
deephit,13,1,0.047534454613924026,0.5574016507664272,0.41429949619466183,0.3560939007396291,0.2829885303891092,0.23078572194233038,0.04255547218351378
deephit,13,2,0.04335331544280052,0.589773823560939,0.42962804159073853,0.3466609497266588,0.26058527173330476,0.1998070532747347,0.03773180405188123
deephit,13,3,0.0480196513235569,0.5149533712080608,0.37903312252117055,0.32061314181584305,0.26155000535963124,0.21234859041697932,0.07096151784757208
deephit,13,4,0.04608750343322754,0.5686568764069032,0.42319648408189514,0.35051988423196484,0.27677135813056064,0.21577875442169578,0.04587844356308286
deephit,13,5,0.04561832547187805,0.6357594597491693,0.4781863007825062,0.3896451924107621,0.2776288991317397,0.2008789795262086,0.03837495980276557
deephit,13,6,0.049318134784698486,0.6027441312037731,0.42233894308071607,0.34934076535534353,0.26991103012112766,0.2167434880480223,0.062064529960338725
deephit,13,7,0.04509677737951279,0.5952406474434558,0.45932039875656555,0.3690642083824633,0.279343981134098,0.21492121342051668,0.034623217922606926
deephit,13,8,0.048133887350559235,0.5520420195090577,0.43584521384928715,0.3677778968806946,0.2896344731482474,0.23057133669203558,0.050702111694715404
deephit,13,9,0.04418949410319328,0.6094972665880587,0.44099045985636187,0.350841462107407,0.26926787437024335,0.20580984028298854,0.03623110729981777
deephit,14,0,0.042056817561388016,0.6463715296387609,0.47722156715617964,0.37399506913924324,0.25865580448065173,0.18212027012541537,0.025726230035373568
deephit,14,1,0.045353278517723083,0.5932039875656555,0.4317718940936864,0.3565226712402187,0.26658805874155855,0.19691285239575518,0.04641440668881981
deephit,14,2,0.04935625568032265,0.5768035159181049,0.4410976524815093,0.37678207739307534,0.29542287490620645,0.2314288776932147,0.054882624075463605
deephit,14,3,0.0461801178753376,0.6024225533283311,0.47700718190588487,0.39446886054239466,0.28491799764176223,0.22070961517847573,0.034516025297459535
deephit,14,4,0.044406741857528687,0.5743380855397149,0.44131203773180405,0.3669203558795155,0.27666416550541323,0.2049522992818094,0.03612391467467038
deephit,14,5,0.043886810541152954,0.6575195626540894,0.4979097438096259,0.4109765248150927,0.30164004716475507,0.22285346768142353,0.004609282881337764
deephit,14,6,0.0457138791680336,0.6329724514953371,0.44056168935577233,0.3731375281380641,0.2930646371529639,0.23089291456747776,0.005788401757959053
deephit,14,7,0.047075316309928894,0.604352020580984,0.4450637796119627,0.36327580662450426,0.27816486225747666,0.22135277092936007,0.04394897631042984
deephit,14,8,0.04896298423409462,0.6077821845857005,0.4540679601243435,0.37152963876085326,0.2872762353950048,0.22553328331010827,0.051881230571336694
deephit,14,9,0.04711318016052246,0.6253617751098725,0.437453103226498,0.34730410547754315,0.26155000535963124,0.20388037303033552,0.05155965269589452
deephit,15,0,0.04832453280687332,0.5978132704469933,0.4672526530174724,0.3881444956586987,0.2892057026476578,0.22017365205273878,0.057455247079000966
deephit,15,1,0.04426189139485359,0.5168828384607139,0.38664379890663525,0.3214706828170222,0.25522564047593527,0.20688176653446244,0.050058955943831064
deephit,15,2,0.04490077123045921,0.6015650123271519,0.4339157465966342,0.3540572408618287,0.2704469932468646,0.21610033229713796,0.03494479579804909
deephit,15,3,0.049496423453092575,0.6006002787008253,0.4691821202701254,0.38728695465751956,0.2910279772751635,0.2251045128095187,0.054346660949726656
deephit,15,4,0.042490992695093155,0.5590095401436381,0.4109765248150927,0.3297245149533712,0.2547968699753457,0.20366598778004075,0.03548075892378604
deephit,15,5,0.04358798637986183,0.5987780040733197,0.45599742737699644,0.37388787651409583,0.2765569728802658,0.20731053703505198,0.025726230035373568
deephit,15,6,0.04896380007266998,0.63983277950477,0.4555686568764069,0.38214170865044483,0.30088969878872335,0.23185764819380428,0.04480651731160896
deephit,15,7,0.04299258068203926,0.5448601136241826,0.3921106227891521,0.3327259084574981,0.2650873619894951,0.20538106978239898,0.039339693429092076
deephit,15,8,0.04845161736011505,0.6300782506163576,0.46360810376246114,0.3751741880158645,0.27891521063350844,0.21063350841462108,0.0528459641976632
deephit,15,9,0.049353353679180145,0.6047807910815736,0.4417408082323936,0.35845213849287166,0.27998713688498233,0.22542609068496086,0.05520420195090578
deephit,16,0,0.04218128323554993,0.5437881873727087,0.3989709507985851,0.32179226069246436,0.2520098617215136,0.2000214385250295,0.034408832672312144
deephit,16,1,0.0423852801322937,0.6201093364776503,0.4760424482795584,0.38771572515810915,0.2761282023796763,0.20323721727945118,0.020688176653446244
deephit,16,2,0.04883401468396187,0.5700503805338193,0.4219101725801265,0.3510558473577018,0.2791295958838032,0.21942330367670704,0.06302926358666523
deephit,16,3,0.04356145113706589,0.5359631257369493,0.403901811555365,0.336263265087362,0.26690963661700073,0.20677457390931503,0.044699324686461574
deephit,16,4,0.04771474376320839,0.5339264658591489,0.4036874263050702,0.336263265087362,0.27569943187908674,0.22885625468967735,0.06624504234108693
deephit,16,5,0.04062439501285553,0.593632758066245,0.45621181262729127,0.372279987136885,0.27677135813056064,0.20977596741344195,0.012755922392539393
deephit,16,6,0.04281971976161003,0.5295315682281059,0.39843498767284813,0.3377639618394255,0.27205488262407546,0.22113838567906527,0.026155000535963126
deephit,16,7,0.04458486661314964,0.5934183728159502,0.4629649480115768,0.37324472076321147,0.28491799764176223,0.21899453317611747,0.03183620966877479
deephit,16,8,0.04232150688767433,0.6149640904705757,0.4576053167542073,0.35984564261978774,0.2613356201093365,0.18876621288455353,0.03097866866759567
deephit,16,9,0.04735974967479706,0.640368742630507,0.4990888626862472,0.39554078679386856,0.27998713688498233,0.21920891842641227,0.035159181048343875
deephit,17,0,0.04311832785606384,0.557616036016722,0.38074820452352875,0.3193268303140744,0.2553328331010826,0.20334440990459857,0.034408832672312144
deephit,17,1,0.042933497577905655,0.5987780040733197,0.4237324472076321,0.3542716261121235,0.27248365312466505,0.1996998606495873,0.03473041054775432
deephit,17,2,0.041078392416238785,0.5651195197770393,0.42855611533926463,0.3477328759781327,0.26047807910815735,0.20216529102797728,0.02390395540786794
deephit,17,3,0.04813767597079277,0.6441204845106656,0.4578197020045021,0.38621502840604566,0.3024975881659342,0.23110729981777253,0.039339693429092076
deephit,17,4,0.04908180609345436,0.6013506270768572,0.43798906635223495,0.36541965912745206,0.28395326401543575,0.2272483653124665,0.05402508307428449
deephit,17,5,0.04500502347946167,0.6054239468324579,0.4385250294779719,0.359631257369493,0.2717333047486333,0.20945438953799977,0.04148354593203987
deephit,17,6,0.04184028133749962,0.5508629006324365,0.4301640047164755,0.36499088862686246,0.2696966448708329,0.1975560081466395,0.02969235716582699
deephit,17,7,0.04228208586573601,0.5793761389216422,0.4328438203451603,0.36349019187479903,0.2751634687533498,0.20377318040518813,0.025940615285668347
deephit,17,8,0.04659689590334892,0.6710258334226605,0.4936220388037303,0.4050809304319863,0.29199271090149,0.21545717654625363,0.03130024654303784
deephit,17,9,0.04662296548485756,0.5870940079322543,0.460821095508629,0.3839639832779505,0.30056812091328117,0.2368957015757316,0.0317290170436274
deephit,18,0,0.046496350318193436,0.567477757530282,0.43080716046735984,0.34719691285239573,0.2624075463608104,0.20945438953799977,0.0539178904491371
deephit,18,1,0.04735221341252327,0.5748740486654518,0.3983277950477007,0.3340122199592668,0.2726980383749598,0.22660520956158217,0.04920141494265195
deephit,18,2,0.045330774039030075,0.5719798477864723,0.4563190052524386,0.3825704791510344,0.29617322328223816,0.2219959266802444,0.03140743916818523
deephit,18,3,0.04478618502616882,0.6308285989923893,0.4497802551184478,0.3625254582484725,0.268624718619359,0.19959266802443992,0.033872869546575195
deephit,18,4,0.045386429876089096,0.5487190481294887,0.4154786150712831,0.33765676921427806,0.26347947261228427,0.20548826240754636,0.05466823882516883
deephit,18,5,0.04591003432869911,0.539714867617108,0.4115124879408297,0.3485904169793118,0.285132382892057,0.23024975881659343,0.0443777468110194
deephit,18,6,0.04437318816781044,0.5315682281059063,0.3978990245471112,0.33754957658913065,0.26412262836316863,0.2081680780362311,0.04984457069353628
deephit,18,7,0.04965222254395485,0.5806624504234109,0.4459213206131418,0.36649158537892595,0.2829885303891092,0.22874906206452997,0.054346660949726656
deephit,18,8,0.04309258610010147,0.5874155858076965,0.41601457819702004,0.34290920784650014,0.2556544109765248,0.20012863115017687,0.03719584092614428
deephit,18,9,0.04692677780985832,0.6085325329617323,0.4656447636402615,0.3935041269160682,0.30260478079108155,0.232607996569836,0.035266373673491266
deephit,19,0,0.04394230619072914,0.6293279022403259,0.4376674884767928,0.3525565441097652,0.26562332511523207,0.20656018865902026,0.026369385786257905
deephit,19,1,0.04502573981881142,0.575731589666631,0.4188015864508522,0.33990781434237327,0.2547968699753457,0.1996998606495873,0.050273341194125847
deephit,19,2,0.04119638353586197,0.5528995605102369,0.41065494693965054,0.3417300889698789,0.25619037410226175,0.19723443027119733,0.026798156286847466
deephit,19,3,0.051173534244298935,0.6410118983813914,0.4728266695251367,0.3925393932897417,0.30624933004609284,0.23721727945117377,0.05402508307428449
deephit,19,4,0.05218575894832611,0.5780898274198735,0.42330367670704255,0.3655268517525994,0.29360060027870083,0.2420409475828063,0.06924643584521385
deephit,19,5,0.042649853974580765,0.5524707900096474,0.4079751313109658,0.33444099045985637,0.2673384071175903,0.2114910494158002,0.025297459534784007
deephit,19,6,0.043897517025470734,0.5093793547003966,0.4003644549255011,0.3371208060885411,0.27312680887554935,0.22124557830421268,0.03473041054775432
deephit,19,7,0.04444694146513939,0.584842962804159,0.4430271197341623,0.36627720012863113,0.28716904276985744,0.2169578732983171,0.0317290170436274
deephit,19,8,0.0431465208530426,0.5730517740379462,0.4328438203451603,0.35770179011683995,0.27452031300246543,0.2113838567906528,0.03054989816700611
deephit,19,9,0.04485131427645683,0.6288991317397363,0.4618930217601029,0.38975238503590953,0.29585164540679604,0.21974488155214922,0.025404652159931398
deephit,20,0,0.04724009335041046,0.6351163039982849,0.4781863007825062,0.39661271304534246,0.30496301854432417,0.24193375495765893,0.024975881659341836
deephit,20,1,0.044392962008714676,0.6325436809947476,0.4790438417836853,0.3940400900418051,0.29660199378282776,0.21760102904920142,0.022081680780362312
deephit,20,2,0.04347506910562515,0.5719798477864723,0.43477328759781325,0.3676707042555472,0.285132382892057,0.219959266802444,0.02304641440668882
deephit,20,3,0.04445435106754303,0.6905348911994855,0.4965162396827098,0.39264658591488905,0.2908135920248687,0.21760102904920142,0.018865902025940615
deephit,20,4,0.043903905898332596,0.5798049094222317,0.4295208489655912,0.3424804373459106,0.26347947261228427,0.20045020902561902,0.04523528781219852
deephit,20,5,0.04231242835521698,0.5525779826347947,0.4363811769750241,0.3623110729981777,0.26476578411405294,0.19616250401972343,0.03473041054775432
deephit,20,6,0.047506220638751984,0.6242898488583986,0.46028513238289204,0.37388787651409583,0.279343981134098,0.21577875442169578,0.04480651731160896
deephit,20,7,0.04691970348358154,0.5526851752599421,0.41848000857541,0.35159181048343874,0.28255975988851967,0.22499732018437132,0.051881230571336694
deephit,20,8,0.048076458275318146,0.5882731268088756,0.4425983492335727,0.3762461142673384,0.3022832029156394,0.2400042877050059,0.0380533819273234
deephit,20,9,0.04458810016512871,0.6249330046092829,0.46135705863436594,0.3727087576374745,0.28824096902133134,0.2259620538106978,0.020580984028298853
deephit,21,0,0.05148288235068321,0.5894522456854968,0.444313431235931,0.3684210526315789,0.2974595347840069,0.2376460499517633,0.06088541108371744
deephit,21,1,0.043219778686761856,0.5470039661271304,0.41580019294672527,0.34591060135062707,0.2728052310001072,0.21417086504448493,0.03194340229392218
deephit,21,2,0.04238075390458107,0.5533283310108265,0.40315146317933326,0.3370136134633937,0.27023260799656984,0.20731053703505198,0.03290813592024869
deephit,21,3,0.04360279068350792,0.511951977703934,0.3960767499196055,0.3243648836960017,0.24750777146532318,0.1989495122735556,0.05348911994854754
deephit,21,4,0.04263145104050636,0.5964197663200772,0.45728373887876517,0.36820666738128416,0.27109014899774897,0.21009754528888414,0.02454711115875228
deephit,21,5,0.04243138059973717,0.5907385571872655,0.42834173008896986,0.3458034087254797,0.25619037410226175,0.1964840818951656,0.03548075892378604
deephit,21,6,0.041940364986658096,0.5425018758709401,0.4115124879408297,0.3423732447207632,0.2589773823560939,0.19434022939221782,0.03247936541965913
deephit,21,7,0.042661238461732864,0.6102476149640905,0.43230785721942333,0.35780898274198736,0.26883910386965376,0.20731053703505198,0.021224139779183193
deephit,21,8,0.046835411339998245,0.5513988637581735,0.40786793868581844,0.33980062171722586,0.2678743702433273,0.21749383642405404,0.05756243970414836
deephit,21,9,0.045566312968730927,0.4907278379247508,0.37828277414513883,0.32500803944688605,0.2685175259942116,0.2229606603065709,0.04984457069353628
deephit,22,0,0.045853354036808014,0.661807267659985,0.4609282881337764,0.3575945974916926,0.2672312144924429,0.20130775002679815,0.042877050058955944
deephit,22,1,0.044868770986795425,0.5457176546253618,0.4249115660842534,0.35984564261978774,0.28148783363704577,0.21727945117375924,0.04384178368528245
deephit,22,2,0.049394719302654266,0.5556865687640691,0.43305820559545505,0.37281595026262193,0.29767392003430165,0.24129059920677456,0.05574016507664273
deephit,22,3,0.048168063163757324,0.6577339479043842,0.47196912852395756,0.3841783685282453,0.2848108050166149,0.22371100868260263,0.039339693429092076
deephit,22,4,0.04356217756867409,0.5634044377746811,0.4115124879408297,0.3395862364669311,0.2683031407439168,0.21020473791403152,0.03419444742201737
deephit,22,5,0.048091206699609756,0.5696216100332298,0.43595240647443456,0.3702433272590846,0.29199271090149,0.23057133669203558,0.05584735770179012
deephit,22,6,0.04509495571255684,0.5802336799228213,0.4529960338728695,0.38010504877264445,0.2910279772751635,0.22639082431128738,0.028191660413763534
deephit,22,7,0.048592403531074524,0.5400364454925501,0.42662664808661166,0.37067209775967414,0.3000321577875442,0.24086182870618503,0.04587844356308286
deephit,22,8,0.0440547876060009,0.5950262621931611,0.43584521384928715,0.354700396612713,0.2751634687533498,0.2113838567906528,0.0328009432951013
deephit,22,9,0.04561169818043709,0.625790545610462,0.45814127987994424,0.38085539714867617,0.2941365634044378,0.23539500482366812,0.019830635652267125
deephit,23,0,0.046410560607910156,0.5935255654410977,0.4376674884767928,0.3614535319969986,0.28105906313645623,0.22542609068496086,0.04555686568764069
deephit,23,1,0.042813897132873535,0.5477543145031621,0.40197234430271195,0.32811662557616034,0.2558687962268196,0.20366598778004075,0.03944688605423947
deephit,23,2,0.043764181435108185,0.5375710151141602,0.4065816271840497,0.3435523635973845,0.2733411941258441,0.21545717654625363,0.03858934505306035
deephit,23,3,0.049415331333875656,0.6006002787008253,0.4568549683781756,0.37067209775967414,0.29370779290384824,0.23539500482366812,0.051988423196484085
deephit,23,4,0.043181389570236206,0.5458248472505092,0.4061528566834602,0.34591060135062707,0.27923678850895056,0.2145996355450745,0.033336906420838246
deephit,23,5,0.040448471903800964,0.5610462000214386,0.4011148033015329,0.3269375066995391,0.24686461571443885,0.1890877907599957,0.032693750669953905
deephit,23,6,0.04587577283382416,0.6473362632650873,0.48258119841354913,0.3989709507985851,0.3017472397899025,0.22756994318790869,0.02304641440668882
deephit,23,7,0.0498926118016243,0.6582699110301211,0.4788294565333905,0.3992925286740272,0.3075356415478615,0.2357165826991103,0.04276985743380855
deephit,23,8,0.0431639663875103,0.5679065280308715,0.4367027548504663,0.36284703612391467,0.27784328438203454,0.21256297566727408,0.028727623539500483
deephit,23,9,0.04519946128129959,0.5970629220709616,0.4250187587094008,0.3497695358559331,0.2695894522456855,0.20656018865902026,0.04394897631042984
deephit,24,0,0.042281195521354675,0.5423946832457927,0.42223175045556866,0.3481616464787223,0.2635866652374317,0.20302283202915639,0.03408725479686998
deephit,24,1,0.04477277398109436,0.5319969986064959,0.39018115553649907,0.32382892057026474,0.25329617322328224,0.20237967627827205,0.059813484832243545
deephit,24,2,0.043854955583810806,0.6168935577232286,0.4659663415157037,0.38664379890663525,0.2898488583985422,0.21502840604566406,0.021224139779183193
deephit,24,3,0.04560692980885506,0.5415371422446136,0.4006860328009433,0.32715189194983385,0.2628363168613999,0.21577875442169578,0.04812948869117805
deephit,24,4,0.04344097524881363,0.5097009325758388,0.39446886054239466,0.3296173223282238,0.26926787437024335,0.2124557830421267,0.03891092292850252
deephit,24,5,0.04225362837314606,0.5487190481294887,0.3924322006645943,0.3232929574445278,0.24965162396827098,0.19937828277414513,0.0412691606817451
deephit,24,6,0.04789567366242409,0.5937399506913924,0.4511737592453639,0.3763533068924858,0.2894200878979526,0.2248901275592239,0.05166684532104191
deephit,24,7,0.04783070459961891,0.5274949083503055,0.4208382463286526,0.36220388037303036,0.28502519026690964,0.22789152106335084,0.05348911994854754
deephit,24,8,0.0451088547706604,0.5617965483974703,0.4134419551934827,0.33905027334119414,0.26669525136670597,0.2063458034087255,0.04995176331868367
deephit,24,9,0.044967588037252426,0.528995605102369,0.405831278808018,0.3417300889698789,0.26883910386965376,0.2103119305391789,0.047057562439704145
deephit,25,0,0.04696190357208252,0.6285775538642941,0.47443455890234754,0.3837495980276557,0.2862043091435309,0.21577875442169578,0.04394897631042984
deephit,25,1,0.0423271581530571,0.592239253939329,0.42984242684103335,0.35159181048343874,0.26197877586022084,0.19273234001500697,0.033336906420838246
deephit,25,2,0.04705215245485306,0.587844356308286,0.4428127344838675,0.359095294243756,0.2737699646264337,0.2198520741772966,0.04491370993675635
deephit,25,3,0.0452595017850399,0.562546896773502,0.41183406581627185,0.3447314824740058,0.2797727516346875,0.22456854968378176,0.04073319755600815
deephit,25,4,0.04707285016775131,0.558151999142459,0.44141923035695146,0.3754957658913067,0.2881337763961839,0.2230678529317183,0.046521599313967196
deephit,25,5,0.04842805117368698,0.5807696430485583,0.4346660949726659,0.36306142137420944,0.2894200878979526,0.2333583449458677,0.04930860756779933
deephit,25,6,0.04140383377671242,0.6162504019723443,0.44238396398327795,0.3589881016186086,0.26476578411405294,0.1870511308821953,0.03054989816700611
deephit,25,7,0.04141644388437271,0.5698359952835245,0.41901597170114696,0.3476256833529853,0.27248365312466505,0.2084896559116733,0.02915639404009004
deephit,25,8,0.04491120204329491,0.5626540893986494,0.4229820988316004,0.3403365848429628,0.25544002572623004,0.19487619251795477,0.056061742952084895
deephit,25,9,0.04480993375182152,0.5744452781648622,0.45599742737699644,0.38428556115339263,0.28888412477221564,0.21610033229713796,0.03558795154893343
deephit,26,0,0.04428982734680176,0.5540786793868582,0.437453103226498,0.36734912638010503,0.28277414513881444,0.20806088541108372,0.041805123807482046
deephit,26,1,0.04495235159993172,0.6132490084682174,0.4278057669632329,0.34087254796869976,0.2571551077285883,0.19809197127237646,0.04480651731160896
deephit,26,2,0.04769882559776306,0.6996462643370136,0.5200986172151356,0.3878229177832565,0.28566834601779395,0.22145996355450745,0.03762461142673384
deephit,26,3,0.05102013051509857,0.5575088433915747,0.4279129595883803,0.36820666738128416,0.29435094865473255,0.2293922178154143,0.06774573909315039
deephit,26,4,0.04531057924032211,0.5799121020473791,0.44334869760960444,0.37067209775967414,0.2830957230142566,0.2049522992818094,0.04137635330689249
deephit,26,5,0.04578831419348717,0.6155000535963125,0.44377746811019403,0.35673705649051346,0.27109014899774897,0.2063458034087255,0.046521599313967196
deephit,26,6,0.04327057674527168,0.5686568764069032,0.41815843069996783,0.34505306034944794,0.2650873619894951,0.19819916389752384,0.040518812305713366
deephit,26,7,0.04480684921145439,0.6531246650230464,0.4850466287919391,0.39479043841783684,0.2883481616464787,0.21481402079536926,0.025083074284489228
deephit,26,8,0.05144200474023819,0.5671561796548398,0.4295208489655912,0.36734912638010503,0.29360060027870083,0.2453639189623754,0.06260049308607568
deephit,26,9,0.04162474721670151,0.5647979419015972,0.43723871797620323,0.36113195412155646,0.276878550755708,0.2093471969128524,0.020152213527709295
deephit,27,0,0.042527828365564346,0.5200986172151356,0.3752813806410119,0.3125736949297888,0.24622145996355452,0.19959266802443992,0.04148354593203987
deephit,27,1,0.05008092522621155,0.6129274305927752,0.4830099689141387,0.40647443455890236,0.3107514203022832,0.23957551720441633,0.04727194768999893
deephit,27,2,0.044066499918699265,0.5837710365526851,0.41783685282452565,0.3417300889698789,0.2653017472397899,0.21074070103976847,0.04073319755600815
deephit,27,3,0.04375022277235985,0.5276021009754529,0.38846607353414087,0.31846928931289525,0.25340336584842965,0.20259406152856682,0.046521599313967196
deephit,27,4,0.0429048016667366,0.5660842534033659,0.43691714010076105,0.36713474112981026,0.28470361239146746,0.218029799549791,0.020366598778004074
deephit,27,5,0.04175162687897682,0.5845213849287169,0.43080716046735984,0.35062707685711225,0.25726230035373565,0.19401865151677564,0.03012112766641655
deephit,27,6,0.048804089426994324,0.5883803194340229,0.4480651731160896,0.38074820452352875,0.2996033872869547,0.24482795583663844,0.03880373030335513
deephit,27,7,0.04462767019867897,0.6752063458034088,0.49062064529960336,0.3946832457926895,0.2924214814020795,0.2135277092936006,0.022081680780362312
deephit,27,8,0.0482858270406723,0.5427162611212348,0.43091435309250725,0.36960017150820024,0.3031407439168185,0.24054025083074285,0.04727194768999893
deephit,27,9,0.048060342669487,0.6276128202379676,0.45964197663200773,0.38214170865044483,0.29006324364883695,0.22992818094115125,0.04148354593203987
deephit,28,0,0.04988937824964523,0.5662986386536606,0.4354164433486976,0.36960017150820024,0.2916711330260478,0.2304641440668882,0.05777682495444313
deephit,28,1,0.04850344732403755,0.6509808125200987,0.49169257155107726,0.3914674670382678,0.296387608532533,0.23743166470146854,0.028727623539500483
deephit,28,2,0.050760067999362946,0.6508736198949512,0.5049844570693536,0.4205166684532104,0.3202915639404009,0.25190266909636616,0.035695144174080824
deephit,28,3,0.04540489614009857,0.6155000535963125,0.4487083288669739,0.36349019187479903,0.27312680887554935,0.2081680780362311,0.042448279558366386
deephit,28,4,0.048787519335746765,0.5791617536713474,0.4537463822489013,0.3882516882838461,0.3052845964197663,0.2409690213313324,0.04577125093793547
deephit,28,5,0.04411573335528374,0.5719798477864723,0.4122628363168614,0.34012219959266804,0.25951334548183086,0.20377318040518813,0.04394897631042984
deephit,28,6,0.04098454862833023,0.5395004823668131,0.4007932254260907,0.32490084682173864,0.2507235502197449,0.19723443027119733,0.027226926787437024
deephit,28,7,0.04509381204843521,0.6060671025833423,0.4511737592453639,0.37571015114160144,0.281273448386751,0.20334440990459857,0.04276985743380855
deephit,28,8,0.045421626418828964,0.5680137206560189,0.4219101725801265,0.3507342694822596,0.26798156286847463,0.20066459427591382,0.047593525565441094
deephit,28,9,0.040669504553079605,0.5693000321577876,0.40207953692785936,0.3334762568335298,0.2567263372279987,0.19852074177296603,0.023582377532425768
deephit,29,0,0.04639442637562752,0.6606281487833637,0.47732875978132705,0.36927859363275806,0.270554185872012,0.21492121342051668,0.04084039018115554
deephit,29,1,0.04374475032091141,0.5483974702540465,0.42233894308071607,0.35480758923786043,0.2852395755172044,0.22081680780362312,0.0328009432951013
deephit,29,2,0.044062089174985886,0.6735984564261979,0.4839747025404652,0.3892164219101726,0.26916068174509594,0.20248686890341944,0.026476578411405296
deephit,29,3,0.04661281034350395,0.5503269375066996,0.4112981026905349,0.342587629971058,0.27109014899774897,0.2158859470468432,0.0497373780683889
deephit,29,4,0.044131819158792496,0.5647979419015972,0.42126701682924217,0.35159181048343874,0.27602100975452887,0.2114910494158002,0.03773180405188123
deephit,29,5,0.048109035938978195,0.5403580233679923,0.41826562332511524,0.35459320398756566,0.28566834601779395,0.2333583449458677,0.05209561582163147
deephit,29,6,0.04110343009233475,0.5794833315467895,0.4256619144602851,0.3585593311180191,0.2754850466287919,0.2050594919069568,0.02186729553006753
deephit,29,7,0.04380205273628235,0.612605852717333,0.4270554185872012,0.35630828598992387,0.2759138171293815,0.20763211491049416,0.0317290170436274
deephit,29,8,0.04130430892109871,0.5969557294458141,0.4339157465966342,0.3562010933647765,0.26583771036552684,0.19809197127237646,0.0243327259084575
deephit,29,9,0.04701795056462288,0.6524815092721621,0.44892271411726875,0.3709936756351163,0.2852395755172044,0.22456854968378176,0.028620430914353092
deephit,30,0,0.04586010426282883,0.5994211598242041,0.44227677135813054,0.3709936756351163,0.2960660306570908,0.2261764390609926,0.03183620966877479
deephit,30,1,0.04347394406795502,0.5821631471754743,0.4483867509915318,0.37613892164219104,0.2863115017686783,0.2158859470468432,0.026155000535963126
deephit,30,2,0.03914184123277664,0.5481830850037518,0.40647443455890236,0.3287597813270447,0.24997320184371316,0.1861935898810162,0.026369385786257905
deephit,30,3,0.051207300275564194,0.5990995819487619,0.45599742737699644,0.37828277414513883,0.29724514953371206,0.23796762782720549,0.06410118983813913
deephit,30,4,0.04889964312314987,0.6089613034623218,0.4432415049844571,0.3647765033765677,0.27752170650659236,0.22285346768142353,0.05766963232929574
deephit,30,5,0.04197894036769867,0.5735877371636832,0.42555472183513776,0.35041269160681743,0.2664808661164112,0.19112445063779612,0.04094758280630292
deephit,30,6,0.04843916743993759,0.5246007074713259,0.38321363490191873,0.325544002572623,0.26690963661700073,0.22103119305391788,0.0686032800943295
deephit,30,7,0.04695212095975876,0.6069246435845214,0.4514953371208061,0.36349019187479903,0.28148783363704577,0.2135277092936006,0.04845106656662022
deephit,30,8,0.04431932047009468,0.5811984135491478,0.4482795583663844,0.3700289420087898,0.28802658377103657,0.22349662343230786,0.02347518490727838
deephit,30,9,0.04082391783595085,0.5374638224890128,0.39800621717225854,0.3258655804480652,0.2589773823560939,0.20452352878121985,0.028191660413763534
nfg,1,0,0.03607400879263878,0.4558902347518491,0.3646693107514203,0.30946510880051453,0.22982098831600387,0.1702218887340551,0.02401114803301533
nfg,1,1,0.04679151624441147,0.5905241719369707,0.4453853574874049,0.36499088862686246,0.27109014899774897,0.2061314181584307,0.04984457069353628
nfg,1,2,0.04771793261170387,0.5166684532104191,0.39479043841783684,0.34097974059384717,0.2765569728802658,0.22553328331010827,0.05820559545503269
nfg,1,3,0.037893056869506836,0.4651088005145246,0.3488048022296066,0.2989602315360703,0.2355021974488155,0.18565762675527925,0.019937828277414513
nfg,1,4,0.04302109032869339,0.5225640475935256,0.3733519133883589,0.32114910494158,0.26090684960874694,0.20977596741344195,0.037517418801586454
nfg,1,5,0.04303232207894325,0.5013399078143423,0.3773180405188123,0.31707578518597923,0.24707900096473362,0.19519777039339695,0.05048772644442062
nfg,1,6,0.051903560757637024,0.543037838996677,0.4215885947046843,0.36606281487833636,0.30046092828813376,0.24386322221031193,0.07428448922714118
nfg,1,7,0.04652474448084831,0.5498981670061099,0.41001179118876624,0.3432307857219423,0.2751634687533498,0.2178154142994962,0.05113088219530496
nfg,1,8,0.04202538728713989,0.5352127773609175,0.3900739629113517,0.333797834708972,0.2599421159824204,0.20130775002679815,0.032693750669953905
nfg,1,9,0.05036637559533119,0.5773394790438418,0.41826562332511524,0.3560939007396291,0.29017043627398437,0.24032586558044808,0.06163575945974917
nfg,2,0,0.047056879848241806,0.5540786793868582,0.439918533604888,0.37978347089720227,0.3032479365419659,0.24064744345589023,0.03655268517525994
nfg,2,1,0.0463801734149456,0.5352127773609175,0.42105263157894735,0.3655268517525994,0.28566834601779395,0.22156715617965483,0.04480651731160896
nfg,2,2,0.03551330789923668,0.5554721835137743,0.3670275485046629,0.3003537356629864,0.2198520741772966,0.1617536713474113,0.014042233894308071
nfg,2,3,0.04462231323122978,0.5390717118662236,0.41387072569407224,0.34290920784650014,0.27248365312466505,0.2144924429199271,0.04084039018115554
nfg,2,4,0.04823532700538635,0.5544002572623004,0.43584521384928715,0.37463822489012755,0.30185443241504983,0.24268410333369064,0.042448279558366386
nfg,2,5,0.039781536906957626,0.5181691499624825,0.3836424054025083,0.3183620966877479,0.24043305820559546,0.18844463500911138,0.025297459534784007
nfg,2,6,0.04308624193072319,0.5575088433915747,0.4044377746811019,0.33433379783470896,0.2610140422338943,0.2084896559116733,0.03226498016936435
nfg,2,7,0.0411800779402256,0.5601886590202594,0.38868045878443563,0.3118233465537571,0.23828920570264767,0.19262514738985959,0.033229713795690854
nfg,2,8,0.04066508635878563,0.47079000964733625,0.357165826991103,0.28363168613999357,0.22349662343230786,0.17761817986922498,0.054346660949726656
nfg,2,9,0.03805789723992348,0.45278164862257475,0.3475184907278379,0.29445814127987996,0.22649801693643476,0.1724729338621503,0.0359095294243756
nfg,3,0,0.03884635493159294,0.45835566513023906,0.34730410547754315,0.2852395755172044,0.2272483653124665,0.18019080287276235,0.041805123807482046
nfg,3,1,0.045769982039928436,0.5349983921106228,0.37431664701468537,0.3245792689462965,0.26412262836316863,0.2158859470468432,0.0539178904491371
nfg,3,2,0.04515421763062477,0.5399292528674027,0.3963983277950477,0.32897416657733947,0.25801264872976737,0.20677457390931503,0.05359631257369493
nfg,3,3,0.04468495398759842,0.5280308714760424,0.39596955729445815,0.33862150284060455,0.2718404973737807,0.21427805766963232,0.047700718190588486
nfg,3,4,0.03941865637898445,0.5608318147711437,0.4018651516775646,0.33326187158323506,0.24900846821738665,0.17933326187158324,0.020688176653446244
nfg,3,5,0.042696211487054825,0.49415800192946724,0.38332082752706614,0.3243648836960017,0.2539393289741666,0.19905670489870297,0.04620002143852503
nfg,3,6,0.03824511915445328,0.553757101511416,0.4072247829349341,0.33036767070425554,0.24665023046414405,0.17890449137099368,0.02304641440668882
nfg,3,7,0.03822803497314453,0.48065173116089616,0.3586665237431665,0.276878550755708,0.21856576267552794,0.17568871261657198,0.035266373673491266
nfg,3,8,0.0405501164495945,0.5053060349447958,0.3467681423518062,0.2920999035266374,0.23303676707042556,0.18672955300675315,0.044699324686461574
nfg,3,9,0.03826218470931053,0.4395969557294458,0.3341194125844142,0.2863115017686783,0.23432307857219423,0.18544324150498445,0.03773180405188123
nfg,4,0,0.03901909664273262,0.5530067531353843,0.39564797941901597,0.33218994533176116,0.2502947797191553,0.18672955300675315,0.01500696752063458
nfg,4,1,0.04712074249982834,0.5587951548933433,0.3992925286740272,0.3395862364669311,0.2722692678743702,0.2187801479258227,0.0539178904491371
nfg,4,2,0.04346015676856041,0.557080072890985,0.3867509915317826,0.32382892057026474,0.25736949297888306,0.2095615821631472,0.036874263050702114
nfg,4,3,0.04855048283934593,0.5221352770929361,0.3983277950477007,0.3460177939757745,0.28577553864294136,0.23528781219852074,0.05702647657841141
nfg,4,4,0.04409370571374893,0.5001607889377211,0.39671990567048987,0.3428020152213528,0.2780576696323293,0.22274627505627612,0.0359095294243756
nfg,4,5,0.044686246663331985,0.5132382892057027,0.38985957766105694,0.33690642083824635,0.27205488262407546,0.21749383642405404,0.045342480437345914
nfg,4,6,0.041152846068143845,0.5195626540893986,0.38117697502411835,0.32275699431879085,0.2494372387179762,0.19058848751205917,0.033872869546575195
nfg,4,7,0.04114831984043121,0.5194554614642513,0.3850359095294244,0.3183620966877479,0.24793654196591275,0.1933754957658913,0.036874263050702114
nfg,4,8,0.0478476881980896,0.5572944581412799,0.4163361560724622,0.3568442491156608,0.281273448386751,0.2188873405509701,0.0539178904491371
nfg,4,9,0.04460138827562332,0.5137742523314396,0.38685818415693,0.3320827527066138,0.2696966448708329,0.22113838567906527,0.04309143530925073
nfg,5,0,0.04785122722387314,0.5400364454925501,0.39371851216636294,0.3380855397148676,0.27602100975452887,0.2261764390609926,0.061314181584307
nfg,5,1,0.04861999675631523,0.5638332082752706,0.4273769964626434,0.3672419337549577,0.2959588380319434,0.2431128738342802,0.04791510344088327
nfg,5,2,0.047058407217264175,0.5676921427805767,0.4295208489655912,0.35877371636831384,0.2815950262621932,0.22017365205273878,0.04909422231750456
nfg,5,3,0.041957199573516846,0.4682173866437989,0.35459320398756566,0.3009968914138707,0.24075463608103762,0.19208918426412264,0.05059491906956801
nfg,5,4,0.04336433485150337,0.5805552577982634,0.431128738342802,0.340658162718405,0.25544002572623004,0.1987351270232608,0.040518812305713366
nfg,5,5,0.042444899678230286,0.5234215885947047,0.3836424054025083,0.32318576481938044,0.25619037410226175,0.20270125415371423,0.03826776717761818
nfg,5,6,0.03751107677817345,0.46049951763318686,0.34516025297459535,0.29017043627398437,0.22692678743702432,0.1785829134955515,0.031514631793332616
nfg,5,7,0.03878197818994522,0.5608318147711437,0.3809625897738236,0.30592775217065066,0.23818201307750025,0.17761817986922498,0.02186729553006753
nfg,5,8,0.04833724722266197,0.6133562010933648,0.47593525565441097,0.40229392217815413,0.3053917890449137,0.22960660306570907,0.03558795154893343
nfg,5,9,0.03613651543855667,0.5076642726980384,0.361560724622146,0.29553006753135386,0.22681959481187694,0.17172258548611855,0.018008361024761495
nfg,6,0,0.0448029488325119,0.49415800192946724,0.37463822489012755,0.3258655804480652,0.26305070211169473,0.21492121342051668,0.04984457069353628
nfg,6,1,0.03513912856578827,0.49244291992710904,0.3498767284810805,0.29252867402722693,0.21738664379890663,0.16421910172580126,0.017686783149319325
nfg,6,2,0.03834129869937897,0.5381069782398971,0.380533819273234,0.31643262943509487,0.23968270982956372,0.1819058848751206,0.021438525029477972
nfg,6,3,0.03803984820842743,0.5310322649801693,0.38835888090899345,0.3269375066995391,0.24600707471325972,0.17933326187158324,0.014471004394897631
nfg,6,4,0.042699068784713745,0.5369278593632758,0.4065816271840497,0.3492335727301962,0.2625147389859578,0.20227248365312467,0.03612391467467038
nfg,6,5,0.04095099866390228,0.4568549683781756,0.35705863436595564,0.3107514203022832,0.24782934934076536,0.19702004502090256,0.039232500803944685
nfg,6,6,0.044128332287073135,0.5153821417086505,0.38525029477971917,0.32833101082645516,0.26583771036552684,0.2145996355450745,0.04148354593203987
nfg,6,7,0.04311996325850487,0.6247186193589881,0.4356308285989924,0.348911994854754,0.26155000535963124,0.1955193482688391,0.028191660413763534
nfg,6,8,0.03906456008553505,0.4640368742630507,0.3709936756351163,0.31461035480758925,0.2495444313431236,0.1925179547647122,0.02486868903419445
nfg,6,9,0.04274892807006836,0.5224568549683781,0.3748526101404223,0.3038910922928503,0.23711008682602636,0.19294672526530174,0.05220280844677886
nfg,7,0,0.04463104531168938,0.5057348054453854,0.3902883481616465,0.34012219959266804,0.27677135813056064,0.2240325865580448,0.04212670168292421
nfg,7,1,0.039394065737724304,0.49094222317504554,0.3699217493836424,0.3076428341730089,0.2355021974488155,0.1764390609926037,0.03676707042555472
nfg,7,2,0.05091305077075958,0.5599742737699647,0.3992925286740272,0.33218994533176116,0.26262193161110514,0.21384928716904278,0.0803944688605424
nfg,7,3,0.04242558404803276,0.4975881659341837,0.38449994640368745,0.32500803944688605,0.2553328331010826,0.19819916389752384,0.04309143530925073
nfg,7,4,0.035424042493104935,0.5049844570693536,0.36638439275377854,0.3011040840390181,0.21470682817022188,0.1597170114696109,0.013184692893128952
nfg,7,5,0.04130077362060547,0.5799121020473791,0.39554078679386856,0.31964840818951656,0.23528781219852074,0.17708221674348804,0.03730303355129167
nfg,7,6,0.04510834813117981,0.5086290063243649,0.3847143316539822,0.3348697609604459,0.27644978025511846,0.22188873405509701,0.03794618930217601
nfg,7,7,0.038339558988809586,0.5319969986064959,0.3655268517525994,0.30710687104727197,0.2428984885839854,0.18823024975881658,0.017150820023582376
nfg,7,8,0.04836920648813248,0.5904169793118234,0.41569300032157785,0.3605959909958195,0.283738878765141,0.21974488155214922,0.057455247079000966
nfg,7,9,0.03622252866625786,0.5249222853467681,0.3594168721191982,0.29263586665237434,0.2177082216743488,0.15939543359416872,0.025511844785078786
nfg,8,0,0.04524475708603859,0.5087361989495123,0.3784971593954336,0.3244720763211491,0.2640154357380212,0.21738664379890663,0.05574016507664273
nfg,8,1,0.0427006371319294,0.5312466502304641,0.3816057455247079,0.31879086718833743,0.24890127559223926,0.19594811876942866,0.04609282881337764
nfg,8,2,0.04585500434041023,0.5349983921106228,0.41001179118876624,0.35352127773609177,0.2848108050166149,0.2293922178154143,0.03955407867938686
nfg,8,3,0.04488261789083481,0.5337120806088541,0.39200343016400474,0.3273662772001286,0.26122842748418906,0.21374209454389537,0.05059491906956801
nfg,8,4,0.036819472908973694,0.5451816914996248,0.36960017150820024,0.3108586129274306,0.2335727301961625,0.1765462536177511,0.013291885518276342
nfg,8,5,0.04252934828400612,0.494372387179762,0.39446886054239466,0.3414085110944367,0.26808875549362204,0.21127666416550542,0.03108586129274306
nfg,8,6,0.03992757946252823,0.5602958516454069,0.38653660628148784,0.3265087361989495,0.24750777146532318,0.18747990138278486,0.028406045664058313
nfg,8,7,0.045480187982320786,0.5975988851966985,0.39414728266695254,0.33540572408618285,0.2693750669953907,0.21074070103976847,0.04609282881337764
nfg,8,8,0.041757069528102875,0.5069139243220067,0.3677778968806946,0.30807160467359845,0.23668131632543682,0.18672955300675315,0.05048772644442062
nfg,8,9,0.043786995112895966,0.52320720334441,0.3826776717761818,0.3190052524386322,0.2600493086075678,0.20763211491049416,0.047057562439704145
nfg,9,0,0.04129140079021454,0.5908457498124129,0.4237324472076321,0.3540572408618287,0.2695894522456855,0.19412584414192305,0.0221888734055097
nfg,9,1,0.04247945174574852,0.5088433915746596,0.3754957658913067,0.31846928931289525,0.2547968699753457,0.20516668453210418,0.042341086933218995
nfg,9,2,0.04652152583003044,0.5027334119412584,0.37978347089720227,0.32683031407439167,0.2707685711223068,0.22178154142994963,0.05649051345267445
nfg,9,3,0.04983747750520706,0.5370350519884232,0.403901811555365,0.3468753349769536,0.28320291563940403,0.23957551720441633,0.06217172258548612
nfg,9,4,0.04005605727434158,0.5392860971165184,0.39060992603708866,0.3296173223282238,0.25983492335727304,0.19744881552149213,0.02454711115875228
nfg,9,5,0.04471827670931816,0.5699431879086719,0.4090470575624397,0.34076535534355235,0.26272912423625255,0.2042019509057777,0.04845106656662022
nfg,9,6,0.044930677860975266,0.556222531889806,0.3839639832779505,0.3310108264551399,0.2664808661164112,0.21534998392110624,0.042877050058955944
nfg,9,7,0.04682290181517601,0.47443455890234754,0.37174402401114803,0.32114910494158,0.2624075463608104,0.21577875442169578,0.06785293171829779
nfg,9,8,0.04620008170604706,0.5553649908886269,0.4073319755600815,0.33476256833529855,0.2676599849930325,0.21577875442169578,0.05927752170650659
nfg,9,9,0.035458117723464966,0.5563297245149533,0.36734912638010503,0.3077500267981563,0.22714117268731912,0.16314717547432736,0.01532854539607675
nfg,10,0,0.04062967002391815,0.5340336584842963,0.41848000857541,0.3593096794940508,0.2621931611105156,0.19916389752385036,0.025297459534784007
nfg,10,1,0.036384616047143936,0.46242898488583983,0.35234215885947046,0.297781112659449,0.2355021974488155,0.18158430699967842,0.019616250401972343
nfg,10,2,0.03899018093943596,0.5717654625361775,0.40090041805123805,0.33583449458677245,0.2549040626004931,0.18522885625468968,0.012648729767392003
nfg,10,3,0.041531726717948914,0.534248043734591,0.37828277414513883,0.30925072355021976,0.24997320184371316,0.20237967627827205,0.03408725479686998
nfg,10,4,0.04018428176641464,0.5716582699110301,0.4131203773180405,0.33036767070425554,0.24782934934076536,0.18533604887983707,0.026047807910815735
nfg,10,5,0.036554452031850815,0.5206345803408725,0.348911994854754,0.2842748418908779,0.2124557830421267,0.1627184049737378,0.02937077929038482
nfg,10,6,0.04105069860816002,0.5483974702540465,0.38771572515810915,0.32061314181584305,0.24343445170972236,0.18415693000321579,0.041161968056597706
nfg,10,7,0.04481315240263939,0.49490835030549896,0.3665987780040733,0.3222210311930539,0.26562332511523207,0.21320613141815842,0.051988423196484085
nfg,10,8,0.04369195178151131,0.505091649694501,0.3765676921427806,0.31750455568656877,0.24793654196591275,0.19273234001500697,0.055525779826347946
nfg,10,9,0.04887516424059868,0.5449673062493301,0.4048665451816915,0.34333797834708973,0.28384607139028833,0.23539500482366812,0.05691928395326402
nfg,11,0,0.04397169128060341,0.543573802122414,0.39093150391253084,0.3214706828170222,0.25758387822917783,0.20795369278593634,0.04148354593203987
nfg,11,1,0.04262740537524223,0.6167863650980813,0.40207953692785936,0.32704469932468644,0.25436809947475614,0.1934826883910387,0.03612391467467038
nfg,11,2,0.04309782758355141,0.5208489655911673,0.38407117590309786,0.319219637688927,0.2600493086075678,0.21106227891521062,0.03966127130453425
nfg,11,3,0.03704991564154625,0.5327473469825276,0.37324472076321147,0.30689248579697714,0.22639082431128738,0.1710794297352342,0.020795369278593632
nfg,11,4,0.03913918882608414,0.5466823882516882,0.38289205702647655,0.3045342480437346,0.22392539393289743,0.164969450101833,0.039875656554829025
nfg,11,5,0.046647556126117706,0.5668346017793976,0.4130131846928931,0.34944795798049094,0.2797727516346875,0.218029799549791,0.049522992818094115
nfg,11,6,0.04721503332257271,0.5895594383106443,0.38685818415693,0.32833101082645516,0.2653017472397899,0.21417086504448493,0.060349447957980494
nfg,11,7,0.03736606240272522,0.4363811769750241,0.3310108264551399,0.2855611533926466,0.23196484081895166,0.1808339586236467,0.03140743916818523
nfg,11,8,0.04035342112183571,0.5231000107192625,0.3760317290170436,0.3061421374209454,0.23518061957337336,0.1830850037517419,0.04030442705541859
nfg,11,9,0.047913312911987305,0.5359631257369493,0.3869653767820774,0.3203987565655483,0.2525458248472505,0.21170543466609498,0.07546360810376246
nfg,12,0,0.041711218655109406,0.5194554614642513,0.3838567906528031,0.331868367456319,0.2695894522456855,0.2145996355450745,0.0221888734055097
nfg,12,1,0.04423363506793976,0.5049844570693536,0.37463822489012755,0.3213634901918748,0.25651195197770393,0.2082752706613785,0.054882624075463605
nfg,12,2,0.03987237811088562,0.5770179011683996,0.3913602744131204,0.31879086718833743,0.24643584521384929,0.1838353521277736,0.024975881659341836
nfg,12,3,0.0375899113714695,0.5348911994854754,0.3708864830099689,0.3031407439168185,0.22103119305391788,0.1618608639725587,0.028942008789795262
nfg,12,4,0.04412374645471573,0.5959909958194877,0.4555686568764069,0.3836424054025083,0.2848108050166149,0.2072033444099046,0.028727623539500483
nfg,12,5,0.03954128175973892,0.5711223067852932,0.39060992603708866,0.31332404330582053,0.22971379569085648,0.17279451173759244,0.033872869546575195
nfg,12,6,0.0406603068113327,0.5552577982634794,0.40626004930860754,0.34012219959266804,0.26090684960874694,0.19519777039339695,0.020688176653446244
nfg,12,7,0.04293547198176384,0.5193482688391039,0.3803194340229392,0.3212562975667274,0.2502947797191553,0.1986279343981134,0.04512809518705113
nfg,12,8,0.047337744385004044,0.5015542930646372,0.3826776717761818,0.3298317075785186,0.270554185872012,0.22221031193053917,0.06570907921534998
nfg,12,9,0.03650141879916191,0.44549255011255223,0.3479472612284275,0.29360060027870083,0.23271518919498338,0.17783256511951978,0.018651516775645836
nfg,13,0,0.043071448802948,0.5217065065923464,0.39382570479151036,0.32704469932468644,0.2538321363490192,0.19519777039339695,0.04748633294029371
nfg,13,1,0.038853853940963745,0.5400364454925501,0.4005788401757959,0.3340122199592668,0.24557830421267016,0.17944045449673063,0.013399078143423733
nfg,13,2,0.03786105290055275,0.4621074070103977,0.33047486332940296,0.2852395755172044,0.22789152106335084,0.1787972987458463,0.03247936541965913
nfg,13,3,0.03838161379098892,0.5549362203880372,0.3734591060135063,0.3045342480437346,0.22767713581305607,0.16668453210419124,0.03344409904598564
nfg,13,4,0.03837700933218002,0.4691821202701254,0.3421588594704684,0.28995605102368954,0.22499732018437132,0.17633186836745632,0.04030442705541859
nfg,13,5,0.045472919940948486,0.488583985421803,0.38321363490191873,0.33572730196162504,0.2722692678743702,0.2178154142994962,0.05445385357487405
nfg,13,6,0.048257917165756226,0.49855289956051024,0.4258762997105799,0.3759245363918962,0.2946725265301747,0.232607996569836,0.04984457069353628
nfg,13,7,0.04406048357486725,0.5780898274198735,0.4048665451816915,0.3421588594704684,0.26594490299067425,0.20999035266373672,0.038696537678207736
nfg,13,8,0.04525627940893173,0.4681101940186515,0.3604887983706721,0.31675420731053705,0.26230035373566296,0.21706506592346447,0.05874155858076964
nfg,13,9,0.04754539206624031,0.547968699753457,0.4036874263050702,0.3391574659663415,0.26519455461464253,0.2156715617965484,0.06335084146210741
nfg,14,0,0.044158339500427246,0.5072355021974488,0.37474541751527496,0.3222210311930539,0.25972773073212563,0.20806088541108372,0.04845106656662022
nfg,14,1,0.0469265952706337,0.5268517525994212,0.3850359095294244,0.3342266052095616,0.2685175259942116,0.21406367241933755,0.060349447957980494
nfg,14,2,0.040363602340221405,0.4616786365098081,0.35266373673491264,0.2989602315360703,0.24139779183192198,0.19187479901382784,0.042877050058955944
nfg,14,3,0.044976454228162766,0.5759459749169257,0.4205166684532104,0.3497695358559331,0.26122842748418906,0.19948547539929254,0.04802229606603066
nfg,14,4,0.04409336298704147,0.5179547647121878,0.3838567906528031,0.3225426090684961,0.2333583449458677,0.1880158645085218,0.060349447957980494
nfg,14,5,0.045626286417245865,0.5324257691070854,0.40958302068817665,0.3522349662343231,0.2809518705113088,0.2178154142994962,0.04620002143852503
nfg,14,6,0.045930784195661545,0.5833422660520956,0.42040947582806304,0.3340122199592668,0.2560831814771144,0.20055740165076644,0.05702647657841141
nfg,14,7,0.04250141605734825,0.5262085968485368,0.3940400900418051,0.32200664594275913,0.25522564047593527,0.2063458034087255,0.032693750669953905
nfg,14,8,0.04041856899857521,0.5039125308178797,0.36831386000643157,0.3006753135384286,0.22446135705863438,0.16518383535212777,0.04909422231750456
nfg,14,9,0.041590671986341476,0.5421802979954979,0.3910386965376782,0.32104191231643264,0.23968270982956372,0.18715832350734268,0.04555686568764069
nfg,15,0,0.036672450602054596,0.5068067316968593,0.3583449458677243,0.2971379569085647,0.22917783256511953,0.1744024011148033,0.023260799656983598
nfg,15,1,0.04358606040477753,0.5170972237110086,0.36831386000643157,0.31235930967949405,0.251581091220924,0.1989495122735556,0.050058955943831064
nfg,15,2,0.04631996527314186,0.5472183513774252,0.42448279558366386,0.3511630399828492,0.27141172687319115,0.21395647979419016,0.05102368957015757
nfg,15,3,0.04408208653330803,0.520205809840283,0.40969021331332406,0.3510558473577018,0.2685175259942116,0.21534998392110624,0.038696537678207736
nfg,15,4,0.04430326074361801,0.562010933647765,0.38664379890663525,0.3191124450637796,0.2531889805981348,0.20023582377532426,0.05327473469825276
nfg,15,5,0.04299060255289078,0.5390717118662236,0.38632222103119307,0.3176117483117162,0.24975881659341836,0.19916389752385036,0.04802229606603066
nfg,15,6,0.04384307935833931,0.6331868367456319,0.4130131846928931,0.34087254796869976,0.26519455461464253,0.20623861078357808,0.029585164540679602
nfg,15,7,0.043511420488357544,0.4239468324579269,0.3392646585914889,0.29477971915532214,0.23957551720441633,0.19509057776824953,0.0686032800943295
nfg,15,8,0.03740593045949936,0.4419551934826884,0.32747346982527603,0.2790224032586558,0.21910172580126488,0.17579590524171937,0.03708864830099689
nfg,15,9,0.04001283273100853,0.45278164862257475,0.3562010933647765,0.3052845964197663,0.24557830421267016,0.19369707364133348,0.039875656554829025
nfg,16,0,0.050105154514312744,0.5582591917676064,0.42641226283631684,0.3733519133883589,0.3072140636724193,0.24236252545824846,0.06227891521063351
nfg,16,1,0.04298357665538788,0.48568978454282347,0.3604887983706721,0.3061421374209454,0.24589988208811234,0.19937828277414513,0.05477543145031622
nfg,16,2,0.04159965738654137,0.5682281059063137,0.401436381176975,0.33797834708972024,0.25908457498124127,0.19605531139457605,0.03162182441848001
nfg,16,3,0.03730115294456482,0.47336263265087364,0.3834280201522135,0.3245792689462965,0.24450637796119626,0.17718940936863545,0.024118340658162717
nfg,16,4,0.04439117759466171,0.49287169042769857,0.38728695465751956,0.3306892485796977,0.25865580448065173,0.19616250401972343,0.05831278808018008
nfg,16,5,0.04569089412689209,0.5687640690320506,0.4065816271840497,0.35062707685711225,0.28609711651838354,0.22907063993997212,0.034408832672312144
nfg,16,6,0.042952876538038254,0.5535427162611213,0.38868045878443563,0.33004609282881336,0.25876299710579914,0.1987351270232608,0.03601672204952299
nfg,16,7,0.04953920841217041,0.5187051130882195,0.416550541322757,0.35770179011683995,0.2905992067745739,0.23635973844999464,0.0634580340872548
nfg,16,8,0.0402798093855381,0.5288884124772215,0.37110086826026367,0.3074284489227141,0.23668131632543682,0.18855182763425876,0.034516025297459535
nfg,16,9,0.04020901769399643,0.5606174295208489,0.39596955729445815,0.3309036338299925,0.2545824847250509,0.17890449137099368,0.03301532854539608
nfg,17,0,0.04727141931653023,0.5614749705220281,0.38953799978561476,0.33154678958087686,0.26883910386965376,0.21706506592346447,0.06174295208489656
nfg,17,1,0.041237201541662216,0.556758495015543,0.3777468110194019,0.3108586129274306,0.2357165826991103,0.1859792046307214,0.04266266480866116
nfg,17,2,0.03951847180724144,0.5234215885947047,0.365955622253189,0.30582055954550325,0.23978990245471113,0.19112445063779612,0.02883481616464787
nfg,17,3,0.04093028977513313,0.5510772858827313,0.34944795798049094,0.29874584628577555,0.23721727945117377,0.19219637688927002,0.03665987780040733
nfg,17,4,0.04677889868617058,0.5654410976524815,0.3993997212991746,0.3322971379569086,0.2650873619894951,0.21577875442169578,0.05992067745739093
nfg,17,5,0.04906307905912399,0.5761603601672205,0.42534033658484294,0.3582377532425769,0.2780576696323293,0.22456854968378176,0.06474434558902348
nfg,17,6,0.04729548469185829,0.5953478400686033,0.41290599206774575,0.34408832672312145,0.270554185872012,0.22113838567906527,0.05520420195090578
nfg,17,7,0.04421265795826912,0.5393932897416658,0.4131203773180405,0.3568442491156608,0.27644978025511846,0.21202701254153714,0.035802336799228215
nfg,17,8,0.03850896656513214,0.5343552363597385,0.37217279451173757,0.3136456211812627,0.24043305820559546,0.18533604887983707,0.02261764390609926
nfg,17,9,0.0410773828625679,0.5179547647121878,0.3669203558795155,0.30925072355021976,0.24246971808339587,0.19476899989280738,0.035802336799228215
nfg,18,0,0.03749659284949303,0.5057348054453854,0.3616679172472934,0.2973523421588595,0.23003537356629863,0.17729660199378283,0.02947797191553221
nfg,18,1,0.042083609849214554,0.5744452781648622,0.397577446671669,0.31739736306142136,0.24707900096473362,0.19498338514310215,0.03473041054775432
nfg,18,2,0.040715523064136505,0.5718726551613249,0.39704148354593205,0.3307964412048451,0.2525458248472505,0.18865902025940615,0.026155000535963126
nfg,18,3,0.04082866758108139,0.5879515489334334,0.39479043841783684,0.32104191231643264,0.2461142673384071,0.1872655161324901,0.029906742416121773
nfg,18,4,0.0429866760969162,0.5634044377746811,0.4177296601993783,0.3476256833529853,0.26262193161110514,0.19723443027119733,0.04073319755600815
nfg,18,5,0.046598467975854874,0.634580340872548,0.4111909100653875,0.331868367456319,0.25115232072033444,0.19691285239575518,0.05874155858076964
nfg,18,6,0.04237911477684975,0.4923357273019616,0.3896451924107621,0.3366920355879515,0.26594490299067425,0.20677457390931503,0.02979954979097438
nfg,18,7,0.03942558541893959,0.5091649694501018,0.3825704791510344,0.31879086718833743,0.24193375495765893,0.18008361024761496,0.03708864830099689
nfg,18,8,0.0373450368642807,0.5164540679601244,0.3701361346339372,0.30624933004609284,0.23024975881659343,0.17204416336156073,0.021545717654625363
nfg,18,9,0.04141689091920853,0.49630185443241503,0.38224890127559225,0.3215778754421696,0.2547968699753457,0.19884231964840818,0.03365848429628042
nfg,19,0,0.035983309149742126,0.5510772858827313,0.3466609497266588,0.28716904276985744,0.21706506592346447,0.16325436809947474,0.019294672526530176
nfg,19,1,0.037804994732141495,0.46039232500803945,0.3481616464787223,0.29338621502840606,0.23121449244291992,0.17579590524171937,0.03237217279451174
nfg,19,2,0.03953898325562477,0.47915103440883267,0.3553435523635974,0.3056061742952085,0.24139779183192198,0.18823024975881658,0.03494479579804909
nfg,19,3,0.04305073246359825,0.5329617322328224,0.40090041805123805,0.33251152320720334,0.2550112552256405,0.1989495122735556,0.041697931182334655
nfg,19,4,0.04103150963783264,0.5136670597062922,0.3633829992496516,0.30367670704255545,0.24075463608103762,0.1933754957658913,0.03998284917997642
nfg,19,5,0.04154924675822258,0.5192410762139564,0.3629542287490621,0.31139457605316756,0.25404652159931396,0.20731053703505198,0.03130024654303784
nfg,19,6,0.04613767936825752,0.4829027762889913,0.37463822489012755,0.32168506806731695,0.2629435094865473,0.21342051666845321,0.06109979633401222
nfg,19,7,0.03557863458991051,0.43059277521706507,0.3150391253081788,0.2675527923678851,0.21095508629006324,0.16518383535212777,0.035266373673491266
nfg,19,8,0.04176003113389015,0.528459641976632,0.3929681637903312,0.3329402937077929,0.26230035373566296,0.20452352878121985,0.025726230035373568
nfg,19,9,0.03552553057670593,0.4936220388037303,0.3366920355879515,0.26916068174509594,0.20656018865902026,0.16036016722049523,0.03022832029156394
nfg,20,0,0.04003075510263443,0.5504341301318469,0.3759245363918962,0.29649480115768034,0.2273555579376139,0.17826133562010935,0.0391253081787973
nfg,20,1,0.0442325696349144,0.5231000107192625,0.3943616679172473,0.33261871583235075,0.2610140422338943,0.20430914353092508,0.048879837067209775
nfg,20,2,0.04050065577030182,0.5608318147711437,0.3993997212991746,0.3348697609604459,0.2545824847250509,0.1890877907599957,0.025190266909636615
nfg,20,3,0.04214533045887947,0.5112016293279023,0.3857862579054561,0.3154678958087684,0.24011148033015328,0.1955193482688391,0.04587844356308286
nfg,20,4,0.049963124096393585,0.5997427376996463,0.46007074713259727,0.37646049951763316,0.2864186943938257,0.22896344731482474,0.05841998070532747
nfg,20,5,0.03634483739733696,0.4458141279879944,0.3492335727301962,0.2962804159073856,0.22810590631364563,0.17601029049201414,0.026583771036552684
nfg,20,6,0.04130259156227112,0.5308178797298746,0.38332082752706614,0.32597277307321254,0.2596205381069782,0.2070961517847572,0.02401114803301533
nfg,20,7,0.04045223072171211,0.5675849501554293,0.4099045985636188,0.33326187158323506,0.25211705434666093,0.18608639725586879,0.03119305391789045
nfg,20,8,0.041631974279880524,0.5420731053703505,0.3961839425447529,0.3288669739521921,0.2526530174723979,0.19594811876942866,0.028298853038910922
nfg,20,9,0.04697941616177559,0.5818415693000322,0.41998070532747345,0.35127023260799656,0.27998713688498233,0.2273555579376139,0.04459213206131418
nfg,21,0,0.04152665659785271,0.5414299496194662,0.3850359095294244,0.3194340229392218,0.24986600921856575,0.19798477864722908,0.03558795154893343
nfg,21,1,0.039747707545757294,0.49844570693536283,0.36434773287597816,0.3077500267981563,0.24193375495765893,0.19037410226176438,0.03226498016936435
nfg,21,2,0.04131511598825455,0.5632972451495337,0.39886375817343767,0.3212562975667274,0.2418265623325115,0.1851216636295423,0.04084039018115554
nfg,21,3,0.04695580154657364,0.543573802122414,0.3879301104084039,0.3415157037195841,0.2794511737592454,0.23378711544645728,0.04802229606603066
nfg,21,4,0.041204407811164856,0.5106656662021652,0.37828277414513883,0.3165398220602423,0.24171936970736413,0.19208918426412264,0.039875656554829025
nfg,21,5,0.041469063609838486,0.48247400578840177,0.3667059706292207,0.3127880801800836,0.2450423410869332,0.1975560081466395,0.043627398434987676
nfg,21,6,0.04166412726044655,0.5099153178261335,0.37688927001822276,0.32715189194983385,0.2484725050916497,0.19112445063779612,0.041590738557187264
nfg,21,7,0.048631101846694946,0.5629756672740915,0.41890877907599955,0.36745631900525244,0.29553006753135386,0.22660520956158217,0.05713366920355879
nfg,21,8,0.04296369105577469,0.45535427162611214,0.35598670811448174,0.3017472397899025,0.23732447207632115,0.18458570050380535,0.05831278808018008
nfg,21,9,0.04268486052751541,0.4875120591703291,0.3794618930217601,0.3309036338299925,0.2706613784971594,0.21417086504448493,0.03794618930217601
nfg,22,0,0.04642889276146889,0.5073426948225962,0.3705649051345267,0.3169685925608318,0.2546896773501983,0.20966877478829457,0.06603065709079216
nfg,22,1,0.044177789241075516,0.5500053596312574,0.41387072569407224,0.34633937185121666,0.268624718619359,0.21427805766963232,0.03237217279451174
nfg,22,2,0.04301127418875694,0.5363918962375389,0.3925393932897417,0.32725908457498126,0.25511844785078786,0.20066459427591382,0.04191231643262944
nfg,22,3,0.0441601425409317,0.5954550326937507,0.4339157465966342,0.3586665237431665,0.2739843498767285,0.21159824204094757,0.035159181048343875
nfg,22,4,0.04139784350991249,0.49490835030549896,0.37678207739307534,0.3179333261871583,0.2484725050916497,0.1975560081466395,0.033765676921427804
nfg,22,5,0.04028729349374771,0.4230892914567478,0.3405509700932576,0.2962804159073856,0.24257691070854326,0.20023582377532426,0.04137635330689249
nfg,22,6,0.04637913405895233,0.5458248472505092,0.4076535534355236,0.3499839211062279,0.274413120377318,0.21395647979419016,0.049630185443241506
nfg,22,7,0.040686044842004776,0.4998392110622789,0.37978347089720227,0.3237217279451174,0.25619037410226175,0.2000214385250295,0.03012112766641655
nfg,22,8,0.04318774864077568,0.5541858720120055,0.41215564369171404,0.338192732340015,0.2607996569835995,0.19991424589988208,0.039339693429092076
nfg,22,9,0.05026988312602043,0.5362847036123914,0.41601457819702004,0.3575945974916926,0.2873834280201522,0.23207203344409905,0.06903205059491907
nfg,23,0,0.04329829663038254,0.5298531461035481,0.39875656554829025,0.3352985314610355,0.2707685711223068,0.21191981991638975,0.03537356629863865
nfg,23,1,0.04694320634007454,0.5404652159931397,0.41247722156715616,0.3616679172472934,0.293922178154143,0.22928502519026692,0.047164755064851537
nfg,23,2,0.045073918998241425,0.6019937828277414,0.46693107514203025,0.38192732340015006,0.2872762353950048,0.21256297566727408,0.0317290170436274
nfg,23,3,0.041337739676237106,0.5341408511094436,0.3680994747561368,0.30474863329402935,0.24622145996355452,0.19584092614428128,0.036981455675849505
nfg,23,4,0.047550514340400696,0.5696216100332298,0.4122628363168614,0.34505306034944794,0.2776288991317397,0.21727945117375924,0.05563297245149534
nfg,23,5,0.04831181839108467,0.5667274091542502,0.40893986493729234,0.3488048022296066,0.28802658377103657,0.22874906206452997,0.05574016507664273
nfg,23,6,0.03634368255734444,0.520205809840283,0.3694929788830528,0.3072140636724193,0.23539500482366812,0.17365205273877157,0.01522135277092936
nfg,23,7,0.044203899800777435,0.5407867938685819,0.39060992603708866,0.3382999249651624,0.27859363275806626,0.219959266802444,0.03976846392968164
nfg,23,8,0.04367059841752052,0.5720870404116197,0.39414728266695254,0.32532961732232824,0.2526530174723979,0.19830635652267123,0.047057562439704145
nfg,23,9,0.043296921998262405,0.5338192732340015,0.38664379890663525,0.3254368099474756,0.25844141923035696,0.19991424589988208,0.042877050058955944
nfg,24,0,0.038254983723163605,0.5508629006324365,0.3960767499196055,0.31225211705434663,0.22628363168614,0.16550541322756995,0.03162182441848001
nfg,24,1,0.041468143463134766,0.5724086182870618,0.41290599206774575,0.3460177939757745,0.26819594811876946,0.2018437131525351,0.020902561903741023
nfg,24,2,0.043942492455244064,0.48997748954871906,0.3913602744131204,0.34205166684532107,0.2759138171293815,0.21792260692464357,0.035266373673491266
nfg,24,3,0.046797674149274826,0.5421802979954979,0.41462107407010396,0.35673705649051346,0.29263586665237434,0.2240325865580448,0.04427055418587201
nfg,24,4,0.038913656026124954,0.5116303998284918,0.38835888090899345,0.32532961732232824,0.2526530174723979,0.20034301640047164,0.01543573802122414
nfg,24,5,0.0419117696583271,0.505091649694501,0.3774252331439597,0.31739736306142136,0.24782934934076536,0.1925179547647122,0.0401972344302712
nfg,24,6,0.03667778521776199,0.511416014578197,0.3601672204952299,0.2938149855289956,0.21920891842641227,0.16657733947904385,0.027441312037731803
nfg,24,7,0.03859332948923111,0.4936220388037303,0.3709936756351163,0.3137528138064101,0.24246971808339587,0.18544324150498445,0.026047807910815735
nfg,24,8,0.0402800627052784,0.47850787865794836,0.3553435523635974,0.3006753135384286,0.23732447207632115,0.19262514738985959,0.033765676921427804
nfg,24,9,0.04194086045026779,0.5336048879837068,0.3603816057455247,0.2902776288991317,0.23400150069675207,0.19198199163897525,0.042984242684103335
nfg,25,0,0.03772267326712608,0.5072355021974488,0.369814556758495,0.30989387930110407,0.23400150069675207,0.17472397899024547,0.026476578411405296
nfg,25,1,0.04226485639810562,0.5113088219530496,0.3623110729981777,0.29863865366062814,0.232607996569836,0.18630078250616358,0.05348911994854754
nfg,25,2,0.04346184805035591,0.5507557080072891,0.4263050702111695,0.35555793761389215,0.2574766856040304,0.19626969664487084,0.045342480437345914
nfg,25,3,0.039611659944057465,0.5716582699110301,0.39875656554829025,0.33572730196162504,0.2520098617215136,0.18640797513131097,0.02133133240433058
nfg,25,4,0.037426404654979706,0.5236359738449995,0.372279987136885,0.3043198627934398,0.22242469718083396,0.16529102797727516,0.027226926787437024
nfg,25,5,0.04313366115093231,0.5301747239789902,0.3531996998606496,0.2948869117804695,0.2365741237002894,0.19166041376353307,0.05456104620002144
nfg,25,6,0.037217941135168076,0.4601779397577447,0.3514846178582913,0.29327902240325865,0.22896344731482474,0.17676063886804588,0.027119734162289636
nfg,25,7,0.044757697731256485,0.4978025511844785,0.3825704791510344,0.3327259084574981,0.2591917676063887,0.20452352878121985,0.05466823882516883
nfg,25,8,0.04008972644805908,0.4779719155322114,0.36209668774788295,0.30507021116947153,0.23828920570264767,0.1829778111265945,0.03955407867938686
nfg,25,9,0.040130771696567535,0.6206452996033873,0.422874906206453,0.3456962161003323,0.2495444313431236,0.17793975774466717,0.02100975452888841
nfg,26,0,0.039660949259996414,0.5312466502304641,0.3783899667702862,0.3176117483117162,0.24815092721620752,0.19198199163897525,0.02883481616464787
nfg,26,1,0.045322321355342865,0.5385357487404867,0.37474541751527496,0.32286418694393826,0.266159288240969,0.21963768892700183,0.04662879193911459
nfg,26,2,0.04381323233246803,0.564476364026155,0.41215564369171404,0.3486976096044592,0.2717333047486333,0.20891842641226283,0.027655697288026585
nfg,26,3,0.04264488071203232,0.5192410762139564,0.38085539714867617,0.3202915639404009,0.25018758709400796,0.19369707364133348,0.04394897631042984
nfg,26,4,0.045306358486413956,0.446242898488584,0.36391896237538857,0.3183620966877479,0.2650873619894951,0.2158859470468432,0.05895594383106442
nfg,26,5,0.03904898837208748,0.5005895594383106,0.3460177939757745,0.2920999035266374,0.23121449244291992,0.18104834387394148,0.033765676921427804
nfg,26,6,0.04066735878586769,0.48493943616679175,0.35845213849287166,0.3096794940508093,0.25190266909636616,0.20173652052738772,0.032157787544216956
nfg,26,7,0.04481135308742523,0.5104512809518705,0.4047593525565441,0.3499839211062279,0.273019616250402,0.19466180726766,0.05155965269589452
nfg,26,8,0.04141595959663391,0.540572408618287,0.403901811555365,0.3372279987136885,0.2588701897309465,0.20216529102797728,0.026476578411405296
nfg,26,9,0.03797407075762749,0.45310322649801693,0.3443027119734162,0.29220709615178475,0.2259620538106978,0.17815414299496193,0.036874263050702114
nfg,27,0,0.041494499891996384,0.5622253188980598,0.3712080608854111,0.31310965805552576,0.24064744345589023,0.18823024975881658,0.03783899667702862
nfg,27,1,0.04595637321472168,0.5241719369707364,0.40207953692785936,0.3416228963447315,0.268624718619359,0.202915639404009,0.05992067745739093
nfg,27,2,0.04095524922013283,0.49490835030549896,0.37152963876085326,0.31032264980169366,0.2410762139564798,0.19037410226176438,0.04276985743380855
nfg,27,3,0.0422699898481369,0.5325329617322329,0.382463286525887,0.31557508843391574,0.24643584521384929,0.1933754957658913,0.042984242684103335
nfg,27,4,0.04343769699335098,0.5076642726980384,0.39596955729445815,0.33990781434237327,0.26690963661700073,0.20731053703505198,0.04394897631042984
nfg,27,5,0.03601141646504402,0.5480758923786043,0.38439275377854004,0.3054989816700611,0.22231750455568658,0.15928824096902133,0.016078893772108478
nfg,27,6,0.04051152616739273,0.5661914460285132,0.3795690856469075,0.30592775217065066,0.23389430807160466,0.1850144710043949,0.03290813592024869
nfg,27,7,0.03617406636476517,0.482259620538107,0.342587629971058,0.2829885303891092,0.21181262729124237,0.16636295422874905,0.02422553328331011
nfg,27,8,0.03778591752052307,0.515274949083503,0.37067209775967414,0.29799549790974383,0.21910172580126488,0.17182977811126596,0.029906742416121773
nfg,27,9,0.04293761029839516,0.514417408082324,0.3771036552685175,0.32382892057026474,0.25104512809518703,0.1933754957658913,0.04480651731160896
nfg,28,0,0.041688282042741776,0.5080930431986279,0.3731375281380641,0.3162182441848001,0.2474005788401758,0.19305391789044915,0.04491370993675635
nfg,28,1,0.042469531297683716,0.5234215885947047,0.39993568442491156,0.33540572408618285,0.26037088648301,0.20366598778004075,0.039339693429092076
nfg,28,2,0.03562607988715172,0.4512809518705113,0.32179226069246436,0.27237646049951764,0.21106227891521062,0.16196805659770608,0.0348376031729017
nfg,28,3,0.03865252062678337,0.47411298102690536,0.3618823024975882,0.30914353092507235,0.2442919927109015,0.1894093686354379,0.027334119412584415
nfg,28,4,0.03738870099186897,0.44742201736520526,0.3626326508736199,0.30839318254904063,0.245256726337228,0.190266909636617,0.01565012327151892
nfg,28,5,0.04003150761127472,0.5715510772858827,0.37753242576910706,0.2949941044056169,0.22017365205273878,0.17258012648729767,0.04137635330689249
nfg,28,6,0.039407987147569656,0.5331761174831171,0.3597384499946404,0.2872762353950048,0.22231750455568658,0.17182977811126596,0.039875656554829025
nfg,28,7,0.04479827359318733,0.5121663629542288,0.37903312252117055,0.3208275270661379,0.24804373459106013,0.20366598778004075,0.05895594383106442
nfg,28,8,0.038889430463314056,0.5004823668131633,0.3600600278700825,0.2887769321470683,0.2188873405509701,0.17150820023582378,0.04459213206131418
nfg,28,9,0.04360586777329445,0.5264229820988316,0.3986493729231429,0.3370136134633937,0.2602636938578626,0.1976632007717869,0.0443777468110194
nfg,29,0,0.04749855026602745,0.5808768356737056,0.41815843069996783,0.34205166684532107,0.26197877586022084,0.20977596741344195,0.06174295208489656
nfg,29,1,0.03882918134331703,0.5243863222210312,0.37356629863865365,0.30496301854432417,0.23496623432307856,0.18115553649908886,0.028620430914353092
nfg,29,2,0.04016892611980438,0.5447529209990353,0.4044377746811019,0.33787115446457283,0.25222424697180834,0.18533604887983707,0.03140743916818523
nfg,29,3,0.043140485882759094,0.5589023475184908,0.4079751313109658,0.33551291671133027,0.25404652159931396,0.19798477864722908,0.044699324686461574
nfg,29,4,0.03737403824925423,0.4967306249330046,0.3788187372708758,0.32072033444099046,0.24707900096473362,0.1849072783792475,0.01532854539607675
nfg,29,5,0.04238205403089523,0.5054132275699432,0.35416443348697607,0.3011040840390181,0.24064744345589023,0.19219637688927002,0.050273341194125847
nfg,29,6,0.043043218553066254,0.5020902561903741,0.3625254582484725,0.3077500267981563,0.24643584521384929,0.20120055740165077,0.051345267445599745
nfg,29,7,0.039396584033966064,0.5594383106442277,0.4015435738021224,0.33465537571015114,0.25436809947475614,0.1840497373780684,0.018865902025940615
nfg,29,8,0.03894731402397156,0.4862257476685604,0.3509486547325544,0.29370779290384824,0.23560939007396292,0.18212027012541537,0.034623217922606926
nfg,29,9,0.04510365054011345,0.5736949297888305,0.412691606817451,0.35341408511094435,0.2772001286311502,0.21063350841462108,0.042984242684103335
nfg,30,0,0.039171405136585236,0.5026262193161111,0.3550219744881552,0.29295744452781647,0.22424697180833958,0.17826133562010935,0.039232500803944685
nfg,30,1,0.04125643149018288,0.579590524171937,0.39586236466931074,0.3254368099474756,0.24568549683781757,0.18823024975881658,0.03430164004716475
nfg,30,2,0.039439063519239426,0.5321041912316432,0.3968270982956373,0.3334762568335298,0.2428984885839854,0.17933326187158324,0.026905348911994854
nfg,30,3,0.03982923552393913,0.4670382677671776,0.34398113409797404,0.2885625468967735,0.2304641440668882,0.18372815950262622,0.04191231643262944
nfg,30,4,0.04852936789393425,0.5401436381176975,0.403365848429628,0.3306892485796977,0.2684103333690642,0.22038803730303355,0.0707471325972773
nfg,30,5,0.03906796872615814,0.48386750991531785,0.35159181048343874,0.29767392003430165,0.23067852931718297,0.18158430699967842,0.03944688605423947
nfg,30,6,0.042987748980522156,0.5098081252009862,0.36177510987244077,0.30710687104727197,0.2514738985957766,0.20248686890341944,0.049522992818094115
nfg,30,7,0.044330108910799026,0.5775538642941366,0.3982206024225533,0.3417300889698789,0.2706613784971594,0.2114910494158002,0.036874263050702114
nfg,30,8,0.04387719929218292,0.5170972237110086,0.3879301104084039,0.33004609282881336,0.2585486118555043,0.20902561903741024,0.047593525565441094
nfg,30,9,0.043231431394815445,0.5741237002894201,0.4301640047164755,0.3668131632543681,0.2657305177403795,0.19819916389752384,0.03290813592024869
