part,model,split,imp,rep,fold,secs,status,seed_used,mean_risk10,n_epochs
deephit__cvr1f4__imp2,deephit,cv,2,1,4,109.0,fitted,20263007,0.040384031724524296,19
deephit__cvr0f2__imp3,deephit,cv,3,0,2,108.4,fitted,20263905,0.03828583012593027,17
deephit__cvr2f1__imp1,deephit,cv,1,2,1,108.4,fitted,20262104,0.03921392483402205,17
deephit__cvr2f0__imp4,deephit,cv,4,2,0,113.2,fitted,20265103,0.04331590548860864,16
deephit__cvr1f4__imp4,deephit,cv,4,1,4,113.9,fitted,20265007,0.03730022075301606,17
deephit__cvr1f1__imp5,deephit,cv,5,1,1,115.0,fitted,20266004,0.03832715813965022,18
deephit__cvr2f2__imp3,deephit,cv,3,2,2,117.8,fitted,20264105,0.040940249868320705,18
deephit__cvr1f0__imp4,deephit,cv,4,1,0,117.8,fitted,20265003,0.03716399787758561,18
deephit__cvr2f4__imp4,deephit,cv,4,2,4,118.1,fitted,20265107,0.03845303401175976,14
deephit__cvr1f3__imp4,deephit,cv,4,1,3,122.4,fitted,20265006,0.03928593635180704,20
deephit__cvr0f4__imp4,deephit,cv,4,0,4,124.2,fitted,20264907,0.03693979395471301,19
deephit__cvr1f0__imp5,deephit,cv,5,1,0,124.5,fitted,20266003,0.040547491250899355,18
deephit__cvr1f2__imp5,deephit,cv,5,1,2,124.7,fitted,20266005,0.03958748933910715,14
deephit__cvr0f3__imp4,deephit,cv,4,0,3,126.1,fitted,20264906,0.04313453552780118,14
deephit__cvr1f1__imp2,deephit,cv,2,1,1,126.7,fitted,20263004,0.038134229342827376,18
deephit__cvr1f0__imp2,deephit,cv,2,1,0,129.3,fitted,20263003,0.04036371016170543,15
deephit__cvr1f1__imp3,deephit,cv,3,1,1,129.7,fitted,20264004,0.03917010996564481,18
deephit__cvr0f1__imp1,deephit,cv,1,0,1,130.2,fitted,20261904,0.03928075309744875,21
deephit__cvr2f1__imp3,deephit,cv,3,2,1,131.1,fitted,20264104,0.0444636602284146,20
deephit__cvr0f4__imp3,deephit,cv,3,0,4,132.4,fitted,20263907,0.041977408477546115,22
deephit__cvr0f0__imp4,deephit,cv,4,0,0,132.7,fitted,20264903,0.04395003849013527,16
deephit__cvr0f1__imp5,deephit,cv,5,0,1,133.4,fitted,20265904,0.044411862788254305,15
deephit__cvr2f0__imp1,deephit,cv,1,2,0,134.0,fitted,20262103,0.040670201486738035,22
deephit__cvr1f2__imp3,deephit,cv,3,1,2,134.1,fitted,20264005,0.039411815887112664,17
deephit__cvr0f3__imp2,deephit,cv,2,0,3,134.3,fitted,20262906,0.04093216050421648,21
deephit__cvr1f0__imp1,deephit,cv,1,1,0,135.4,fitted,20262003,0.038268403579139465,22
deephit__cvr0f3__imp3,deephit,cv,3,0,3,135.6,fitted,20263906,0.03839007218463132,21
deephit__cvr1f2__imp2,deephit,cv,2,1,2,136.3,fitted,20263005,0.036932359273205706,19
deephit__cvr0f1__imp3,deephit,cv,3,0,1,137.6,fitted,20263904,0.04378449100900608,21
deephit__cvr2f4__imp2,deephit,cv,2,2,4,138.2,fitted,20263107,0.036773800310525115,16
deephit__cvr2f4__imp3,deephit,cv,3,2,4,138.4,fitted,20264107,0.03863216668651927,24
deephit__cvr1f3__imp1,deephit,cv,1,1,3,138.4,fitted,20262006,0.038727429413394056,20
deephit__cvr1f0__imp3,deephit,cv,3,1,0,138.4,fitted,20264003,0.04253981782240438,17
deephit__cvr0f4__imp5,deephit,cv,5,0,4,138.7,fitted,20265907,0.03702658590328176,17
deephit__cvr2f3__imp3,deephit,cv,3,2,3,140.0,fitted,20264106,0.04049300942402536,19
deephit__cvr0f1__imp2,deephit,cv,2,0,1,142.9,fitted,20262904,0.039160418175314016,17
deephit__cvr0f0__imp5,deephit,cv,5,0,0,143.4,fitted,20265903,0.039939588454674206,18
deephit__cvr2f2__imp1,deephit,cv,1,2,2,143.4,fitted,20262105,0.038176931158741025,17
deephit__cvr0f2__imp2,deephit,cv,2,0,2,144.2,fitted,20262905,0.041008323563625305,17
deephit__cvr1f4__imp3,deephit,cv,3,1,4,145.2,fitted,20264007,0.041768291828171926,20
deephit__cvr0f3__imp1,deephit,cv,1,0,3,145.2,fitted,20261906,0.041642360193127836,17
deephit__cvr2f1__imp2,deephit,cv,2,2,1,145.7,fitted,20263104,0.039890264366801896,17
deephit__cvr0f4__imp2,deephit,cv,2,0,4,147.7,fitted,20262907,0.041950156311271365,19
deephit__cvr2f2__imp2,deephit,cv,2,2,2,149.0,fitted,20263105,0.03803590889253866,21
deephit__cvr0f0__imp1,deephit,cv,1,0,0,150.5,fitted,20261903,0.0415141828398953,18
deephit__cvr1f3__imp3,deephit,cv,3,1,3,151.8,fitted,20264006,0.040026908874208185,18
deephit__cvr1f1__imp4,deephit,cv,4,1,1,152.8,fitted,20265004,0.04069212144575305,19
deephit__cvr0f0__imp2,deephit,cv,2,0,0,152.9,fitted,20262903,0.03709303563617578,21
deephit__cvr0f1__imp4,deephit,cv,4,0,1,153.0,fitted,20264904,0.04076979921541374,20
deephit__cvr2f0__imp3,deephit,cv,3,2,0,153.1,fitted,20264103,0.04215034763316374,20
deephit__cvr0f2__imp5,deephit,cv,5,0,2,153.1,fitted,20265905,0.0403834793076652,26
deephit__cvr0f4__imp1,deephit,cv,1,0,4,153.9,fitted,20261907,0.039944292210236085,15
deephit__cvr2f1__imp4,deephit,cv,4,2,1,154.5,fitted,20265104,0.038271286550155215,22
deephit__cvr0f3__imp5,deephit,cv,5,0,3,155.6,fitted,20265906,0.04447632425155798,19
deephit__cvr2f4__imp1,deephit,cv,1,2,4,156.4,fitted,20262107,0.04012057684345485,21
deephit__cvr2f3__imp1,deephit,cv,1,2,3,156.8,fitted,20262106,0.040181502444979096,27
deephit__cvr1f3__imp2,deephit,cv,2,1,3,157.0,fitted,20263006,0.04151666006514972,23
deephit__cvr2f3__imp2,deephit,cv,2,2,3,157.9,fitted,20263106,0.03762262266246903,22
deephit__cvr2f2__imp4,deephit,cv,4,2,2,159.1,fitted,20265105,0.03845751054818343,21
deephit__cvr0f2__imp4,deephit,cv,4,0,2,159.2,fitted,20264905,0.040944808092137054,23
deephit__cvr1f2__imp1,deephit,cv,1,1,2,161.1,fitted,20262005,0.03721829880304269,23
deephit__cvr1f2__imp4,deephit,cv,4,1,2,162.4,fitted,20265005,0.04295656864804131,29
deephit__cvr0f0__imp3,deephit,cv,3,0,0,162.3,fitted,20263903,0.03879727936860544,22
deephit__cvr1f1__imp1,deephit,cv,1,1,1,163.4,fitted,20262004,0.03940534160761785,21
deephit__cvr2f0__imp2,deephit,cv,2,2,0,164.1,fitted,20263103,0.03935017253856791,27
deephit__cvr2f3__imp5,deephit,cv,5,2,3,54.0,fitted,20266106,0.03880596831710125,14
deephit__cvr2f0__imp5,deephit,cv,5,2,0,62.7,fitted,20266103,0.04255498113171681,15
deephit__cvr2f2__imp5,deephit,cv,5,2,2,62.6,fitted,20266105,0.03907179005262013,16
deephit__cvr0f2__imp1,deephit,cv,1,0,2,178.6,fitted,20261905,0.04164400037591707,21
deephit__cvr2f3__imp4,deephit,cv,4,2,3,179.6,fitted,20265106,0.04049991747732664,25
deephit__cvr1f4__imp5,deephit,cv,5,1,4,73.6,fitted,20266007,0.03641863870217436,20
deephit__cvr1f4__imp1,deephit,cv,1,1,4,188.3,fitted,20262007,0.036687407710976824,25
deephit__cvr1f0__imp6,deephit,cv,6,1,0,54.2,fitted,20267003,0.039859064281655594,15
deephit__cvr1f3__imp6,deephit,cv,6,1,3,58.8,fitted,20267006,0.03703160305531484,15
deephit__cvr2f4__imp6,deephit,cv,6,2,4,57.9,fitted,20267107,0.03642585020227089,15
deephit__cvr1f4__imp6,deephit,cv,6,1,4,66.8,fitted,20267007,0.042851255802176115,17
deephit__cvr2f1__imp5,deephit,cv,5,2,1,94.4,fitted,20266104,0.039165238132742176,20
deephit__cvr2f1__imp6,deephit,cv,6,2,1,69.6,fitted,20267104,0.04719073428730546,18
deephit__cvr0f1__imp6,deephit,cv,6,0,1,75.4,fitted,20266904,0.04066336537894832,19
deephit__cvr1f1__imp7,deephit,cv,7,1,1,50.6,fitted,20268004,0.03832063373232756,14
deephit__cvr2f0__imp6,deephit,cv,6,2,0,71.4,fitted,20267103,0.04087490440192538,19
deephit__cvr0f4__imp6,deephit,cv,6,0,4,74.4,fitted,20266907,0.03759136685197271,18
deephit__cvr1f3__imp5,deephit,cv,5,1,3,101.1,fitted,20266006,0.037691690392987025,27
deephit__cvr1f1__imp6,deephit,cv,6,1,1,77.7,fitted,20267004,0.038734410289958,21
deephit__cvr0f0__imp6,deephit,cv,6,0,0,83.8,fitted,20266903,0.038700877584966535,23
deephit__cvr0f3__imp6,deephit,cv,6,0,3,84.5,fitted,20266906,0.03970382659536778,22
deephit__cvr0f1__imp7,deephit,cv,7,0,1,66.0,fitted,20267904,0.039384652255141865,15
deephit__cvr0f2__imp6,deephit,cv,6,0,2,89.0,fitted,20266905,0.03802031691202456,17
deephit__cvr1f0__imp7,deephit,cv,7,1,0,68.3,fitted,20268003,0.0397261749677032,17
deephit__cvr0f3__imp7,deephit,cv,7,0,3,72.5,fitted,20267906,0.03774839140258803,19
deephit__cvr2f4__imp5,deephit,cv,5,2,4,113.9,fitted,20266107,0.03965523566896298,25
deephit__cvr2f2__imp6,deephit,cv,6,2,2,91.4,fitted,20267105,0.03848485604530689,19
deephit__cvr1f2__imp6,deephit,cv,6,1,2,95.1,fitted,20267005,0.034425536360910274,21
deephit__cvr0f0__imp7,deephit,cv,7,0,0,79.2,fitted,20267903,0.038030434978462105,17
deephit__cvr0f4__imp7,deephit,cv,7,0,4,77.1,fitted,20267907,0.04082407270864268,20
deephit__cvr2f3__imp7,deephit,cv,7,2,3,64.6,fitted,20268106,0.03707171547809716,17
deephit__cvr2f1__imp7,deephit,cv,7,2,1,73.5,fitted,20268104,0.038811448650636085,19
deephit__cvr2f4__imp7,deephit,cv,7,2,4,64.4,fitted,20268107,0.04254921298705761,17
deephit__cvr1f2__imp7,deephit,cv,7,1,2,79.2,fitted,20268005,0.037149227038566976,16
deephit__cvr1f3__imp7,deephit,cv,7,1,3,78.2,fitted,20268006,0.038806963336321235,16
deephit__cvr2f3__imp6,deephit,cv,6,2,3,96.7,fitted,20267106,0.03843288481953671,23
deephit__cvr2f0__imp7,deephit,cv,7,2,0,80.1,fitted,20268103,0.0385748863014759,17
deephit__cvr2f2__imp7,deephit,cv,7,2,2,87.4,fitted,20268105,0.04088965365140938,18
deephit__cvr1f4__imp7,deephit,cv,7,1,4,92.8,fitted,20268007,0.0423509908314903,20
deephit__cvr0f2__imp7,deephit,cv,7,0,2,113.7,fitted,20267905,0.041705497697454685,23
deephit__cvr0f3__imp8,deephit,cv,8,0,3,53.2,fitted,20268906,0.036734289230343005,13
deephit__cvr0f4__imp8,deephit,cv,8,0,4,59.8,fitted,20268907,0.03698868959517456,16
deephit__cvr2f3__imp8,deephit,cv,8,2,3,48.5,fitted,20269106,0.041572045248321476,14
deephit__cvr1f2__imp8,deephit,cv,8,1,2,54.4,fitted,20269005,0.042428631690964676,14
deephit__cvr1f0__imp8,deephit,cv,8,1,0,60.6,fitted,20269003,0.03712081392397245,15
deephit__cvr1f3__imp8,deephit,cv,8,1,3,55.0,fitted,20269006,0.03995269380743676,14
deephit__cvr1f4__imp8,deephit,cv,8,1,4,55.2,fitted,20269007,0.03791162147782198,14
deephit__cvr2f1__imp8,deephit,cv,8,2,1,57.2,fitted,20269104,0.03772398349263319,14
deephit__cvr2f2__imp8,deephit,cv,8,2,2,59.6,fitted,20269105,0.043103990937864343,16
deephit__cvr0f0__imp8,deephit,cv,8,0,0,85.9,fitted,20268903,0.039026564866646324,23
deephit__cvr0f1__imp8,deephit,cv,8,0,1,86.4,fitted,20268904,0.04171958750442968,20
deephit__cvr2f4__imp8,deephit,cv,8,2,4,68.1,fitted,20269107,0.042905244320173966,18
deephit__cvr0f2__imp8,deephit,cv,8,0,2,88.0,fitted,20268905,0.036434110398532844,23
deephit__cvr1f1__imp8,deephit,cv,8,1,1,83.5,fitted,20269004,0.04546814810689825,21
deephit__cvr2f0__imp8,deephit,cv,8,2,0,82.7,fitted,20269103,0.03953863302105112,23
deephit__cvr0f2__imp9,deephit,cv,9,0,2,66.5,fitted,20269905,0.03561338981906459,18
deephit__cvr0f0__imp9,deephit,cv,9,0,0,71.7,fitted,20269903,0.043734320919050516,19
deephit__cvr0f4__imp9,deephit,cv,9,0,4,61.6,fitted,20269907,0.04245718276848822,17
deephit__cvr0f1__imp9,deephit,cv,9,0,1,80.5,fitted,20269904,0.03774005677705286,22
deephit__cvr1f1__imp9,deephit,cv,9,1,1,64.8,fitted,20270004,0.04154443182881695,16
deephit__cvr1f0__imp9,deephit,cv,9,1,0,71.8,fitted,20270003,0.03550105425501564,20
deephit__cvr1f2__imp9,deephit,cv,9,1,2,70.4,fitted,20270005,0.03950979589341001,18
nfg__cvr0f3__imp3,nfg,cv,3,0,3,390.6,fitted,20263906,0.03974634919716147,158
deephit__cvr0f3__imp9,deephit,cv,9,0,3,90.1,fitted,20269906,0.0426787893425747,19
nfg__cvr2f3__imp3,nfg,cv,3,2,3,414.4,fitted,20264106,0.03340581985409235,176
deephit__cvr2f0__imp9,deephit,cv,9,2,0,54.8,fitted,20270103,0.04156653661451653,16
deephit__cvr1f3__imp9,deephit,cv,9,1,3,58.5,fitted,20270006,0.043227196789850354,16
nfg__cvr2f4__imp3,nfg,cv,3,2,4,435.7,fitted,20264107,0.03621728374361341,199
nfg__cvr2f1__imp4,nfg,cv,4,2,1,435.9,fitted,20265104,0.040459988209051716,199
deephit__cvr1f4__imp9,deephit,cv,9,1,4,72.4,fitted,20270007,0.04144893910911595,17
nfg__cvr1f2__imp2,nfg,cv,2,1,2,438.4,fitted,20263005,0.03392370565970196,199
nfg__cvr0f3__imp2,nfg,cv,2,0,3,439.5,fitted,20262906,0.039200055945938006,199
nfg__cvr2f2__imp2,nfg,cv,2,2,2,440.5,fitted,20263105,0.04527122055677352,199
nfg__cvr0f4__imp1,nfg,cv,1,0,4,443.1,fitted,20261907,0.03662402640396006,199
nfg__cvr0f2__imp2,nfg,cv,2,0,2,444.3,fitted,20262905,0.03625254685987775,199
nfg__cvr2f2__imp1,nfg,cv,1,2,2,445.0,fitted,20262105,0.03600396219996684,199
nfg__cvr2f1__imp2,nfg,cv,2,2,1,445.7,fitted,20263104,0.04058161915312194,199
deephit__cvr2f2__imp9,deephit,cv,9,2,2,70.7,fitted,20270105,0.039145890690835586,17
nfg__cvr1f2__imp3,nfg,cv,3,1,2,448.0,fitted,20264005,0.03493702315438021,199
nfg__cvr2f0__imp3,nfg,cv,3,2,0,448.6,fitted,20264103,0.03816311459706656,199
nfg__cvr1f4__imp3,nfg,cv,3,1,4,449.3,fitted,20264007,0.03986079926805376,199
deephit__cvr2f3__imp9,deephit,cv,9,2,3,72.1,fitted,20270106,0.039446109291050094,20
nfg__cvr1f0__imp3,nfg,cv,3,1,0,450.9,fitted,20264003,0.03371355034754577,199
nfg__cvr1f3__imp1,nfg,cv,1,1,3,450.9,fitted,20262006,0.03867287709926213,199
nfg__cvr0f2__imp1,nfg,cv,1,0,2,451.1,fitted,20261905,0.03577728663079273,199
nfg__cvr2f1__imp1,nfg,cv,1,2,1,452.4,fitted,20262104,0.03595494124200181,199
nfg__cvr0f1__imp4,nfg,cv,4,0,1,453.5,fitted,20264904,0.03465464859510865,199
nfg__cvr0f1__imp3,nfg,cv,3,0,1,453.9,fitted,20263904,0.03942585419635112,199
nfg__cvr0f3__imp1,nfg,cv,1,0,3,454.2,fitted,20261906,0.0331801476506883,199
nfg__cvr2f0__imp1,nfg,cv,1,2,0,455.5,fitted,20262103,0.03435665828302639,199
nfg__cvr0f0__imp3,nfg,cv,3,0,0,455.6,fitted,20263903,0.03706081037461619,199
nfg__cvr1f1__imp3,nfg,cv,3,1,1,456.5,fitted,20264004,0.037988017871065816,199
nfg__cvr1f1__imp1,nfg,cv,1,1,1,458.7,fitted,20262004,0.03546396251534476,199
nfg__cvr1f2__imp1,nfg,cv,1,1,2,459.4,fitted,20262005,0.03213258915962254,199
nfg__cvr2f3__imp4,nfg,cv,4,2,3,461.3,fitted,20265106,0.037548574721613756,199
nfg__cvr1f3__imp3,nfg,cv,3,1,3,462.6,fitted,20264006,0.04076867409529719,199
nfg__cvr2f2__imp3,nfg,cv,3,2,2,463.5,fitted,20264105,0.032474200089988414,199
nfg__cvr2f4__imp1,nfg,cv,1,2,4,466.1,fitted,20262107,0.038509766296502,199
nfg__cvr1f2__imp6,nfg,cv,6,1,2,315.9,fitted,20267005,0.03536625001293643,138
nfg__cvr1f2__imp4,nfg,cv,4,1,2,466.8,fitted,20265005,0.0330646616181079,199
nfg__cvr1f0__imp4,nfg,cv,4,1,0,466.9,fitted,20265003,0.03357155961728179,199
nfg__cvr2f4__imp4,nfg,cv,4,2,4,467.2,fitted,20265107,0.03903742882038124,199
deephit__cvr2f4__imp9,deephit,cv,9,2,4,79.1,fitted,20270107,0.0408006627968139,22
nfg__cvr1f3__imp4,nfg,cv,4,1,3,467.4,fitted,20265006,0.04060449675321882,199
nfg__cvr2f2__imp4,nfg,cv,4,2,2,467.4,fitted,20265105,0.03646801151168593,199
nfg__cvr0f4__imp4,nfg,cv,4,0,4,467.5,fitted,20264907,0.03804443661071475,199
nfg__cvr2f0__imp2,nfg,cv,2,2,0,468.9,fitted,20263103,0.04058069813729731,199
deephit__cvr2f1__imp9,deephit,cv,9,2,1,94.7,fitted,20270104,0.04063002154882242,26
nfg__cvr0f2__imp3,nfg,cv,3,0,2,469.9,fitted,20263905,0.03650093448399533,199
nfg__cvr2f3__imp2,nfg,cv,2,2,3,471.1,fitted,20263106,0.03847604036127895,199
nfg__cvr1f1__imp4,nfg,cv,4,1,1,472.5,fitted,20265004,0.037053602218561195,199
nfg__cvr0f0__imp1,nfg,cv,1,0,0,473.7,fitted,20261903,0.03232135898437263,199
nfg__cvr1f4__imp2,nfg,cv,2,1,4,474.4,fitted,20263007,0.03737793842876169,199
nfg__cvr1f0__imp2,nfg,cv,2,1,0,475.5,fitted,20263003,0.036480717415481825,199
nfg__cvr1f0__imp1,nfg,cv,1,1,0,477.1,fitted,20262003,0.03312998393720426,199
nfg__cvr0f4__imp2,nfg,cv,2,0,4,478.0,fitted,20262907,0.03813135953240722,199
nfg__cvr1f4__imp4,nfg,cv,4,1,4,479.4,fitted,20265007,0.033551005741642395,199
nfg__cvr2f4__imp2,nfg,cv,2,2,4,484.6,fitted,20263107,0.03264587278375882,199
nfg__cvr2f0__imp4,nfg,cv,4,2,0,485.6,fitted,20265103,0.039897282820416026,199
nfg__cvr2f1__imp3,nfg,cv,3,2,1,486.0,fitted,20264104,0.033535913008555386,199
nfg__cvr1f3__imp2,nfg,cv,2,1,3,487.9,fitted,20263006,0.03996888938196605,199
nfg__cvr0f2__imp4,nfg,cv,4,0,2,488.8,fitted,20264905,0.03476146924912278,199
nfg__cvr0f0__imp4,nfg,cv,4,0,0,488.8,fitted,20264903,0.03638586912534729,199
nfg__cvr0f4__imp3,nfg,cv,3,0,4,489.6,fitted,20263907,0.036478032546968235,199
nfg__cvr1f1__imp2,nfg,cv,2,1,1,495.0,fitted,20263004,0.037301634227918705,199
nfg__cvr0f3__imp4,nfg,cv,4,0,3,496.5,fitted,20264906,0.03740416251659525,199
nfg__cvr0f0__imp2,nfg,cv,2,0,0,498.3,fitted,20262903,0.03963724114309854,199
nfg__cvr2f3__imp1,nfg,cv,1,2,3,500.1,fitted,20262106,0.041644193374241155,199
nfg__cvr0f1__imp2,nfg,cv,2,0,1,504.9,fitted,20262904,0.033671366747066944,199
nfg__cvr1f4__imp1,nfg,cv,1,1,4,518.0,fitted,20262007,0.03981369260917519,199
nfg__cvr0f1__imp1,nfg,cv,1,0,1,520.5,fitted,20261904,0.03494383006148951,199
nfg__cvr1f0__imp5,nfg,cv,5,1,0,407.7,fitted,20266003,0.0363750329835336,199
deephit__cvr1f0__imp10,deephit,cv,10,1,0,84.6,fitted,20271003,0.04577957065566051,16
deephit__cvr0f0__imp11,deephit,cv,11,0,0,66.2,fitted,20271903,0.035215201574390766,20
deephit__cvr2f0__imp10,deephit,cv,10,2,0,84.8,fitted,20271103,0.040347404884615266,17
deephit__cvr0f1__imp10,deephit,cv,10,0,1,91.0,fitted,20270904,0.03882147465667214,18
deephit__cvr0f3__imp10,deephit,cv,10,0,3,91.7,fitted,20270906,0.038227966419290015,17
nfg__cvr2f4__imp5,nfg,cv,5,2,4,408.1,fitted,20266107,0.03580419505040263,199
deephit__cvr2f3__imp10,deephit,cv,10,2,3,88.2,fitted,20271106,0.03797906841811012,18
nfg__cvr0f1__imp5,nfg,cv,5,0,1,428.9,fitted,20265904,0.03908022053413379,199
deephit__cvr2f4__imp10,deephit,cv,10,2,4,90.9,fitted,20271107,0.03855263436710523,18
deephit__cvr2f1__imp10,deephit,cv,10,2,1,93.4,fitted,20271104,0.03993425477706681,15
nfg__cvr1f1__imp5,nfg,cv,5,1,1,422.3,fitted,20266004,0.03679200918051993,199
deephit__cvr1f3__imp10,deephit,cv,10,1,3,97.9,fitted,20271006,0.04269181369935331,18
deephit__cvr0f3__imp11,deephit,cv,11,0,3,78.2,fitted,20271906,0.03706633148479045,17
deephit__cvr1f0__imp11,deephit,cv,11,1,0,77.0,fitted,20272003,0.03905081156269263,19
deephit__cvr0f0__imp10,deephit,cv,10,0,0,105.1,fitted,20270903,0.04167255506654747,28
deephit__cvr1f4__imp10,deephit,cv,10,1,4,98.9,fitted,20271007,0.0417872323533902,19
deephit__cvr1f2__imp11,deephit,cv,11,1,2,77.1,fitted,20272005,0.03828428271853634,18
deephit__cvr0f4__imp10,deephit,cv,10,0,4,105.8,fitted,20270907,0.03878562108906036,25
deephit__cvr0f1__imp11,deephit,cv,11,0,1,86.6,fitted,20271904,0.038898787839470525,17
deephit__cvr1f1__imp11,deephit,cv,11,1,1,81.2,fitted,20272004,0.03944337261527791,19
deephit__cvr2f2__imp10,deephit,cv,10,2,2,101.8,fitted,20271105,0.0384794342870218,20
nfg__cvr2f1__imp5,nfg,cv,5,2,1,428.3,fitted,20266104,0.035659761691184934,199
nfg__cvr2f0__imp5,nfg,cv,5,2,0,430.1,fitted,20266103,0.03572897975054691,199
nfg__cvr2f3__imp5,nfg,cv,5,2,3,427.7,fitted,20266106,0.04033417446596168,199
deephit__cvr1f2__imp10,deephit,cv,10,1,2,110.1,fitted,20271005,0.042643568607285916,23
nfg__cvr0f1__imp6,nfg,cv,6,0,1,416.8,fitted,20266904,0.04127804496407986,199
deephit__cvr0f2__imp10,deephit,cv,10,0,2,113.1,fitted,20270905,0.037939241802051445,21
nfg__cvr1f0__imp6,nfg,cv,6,1,0,414.1,fitted,20267003,0.036856848554009114,199
deephit__cvr2f1__imp11,deephit,cv,11,2,1,76.1,fitted,20272104,0.03983097445784126,16
deephit__cvr1f1__imp10,deephit,cv,10,1,1,111.7,fitted,20271004,0.04076855587837408,23
nfg__cvr0f3__imp6,nfg,cv,6,0,3,418.5,fitted,20266906,0.03680566721490502,199
nfg__cvr0f2__imp5,nfg,cv,5,0,2,441.3,fitted,20265905,0.03725520055752473,199
deephit__cvr2f0__imp11,deephit,cv,11,2,0,80.2,fitted,20272103,0.04515497990453781,18
deephit__cvr0f4__imp11,deephit,cv,11,0,4,95.4,fitted,20271907,0.038534050613780665,22
deephit__cvr1f3__imp11,deephit,cv,11,1,3,91.3,fitted,20272006,0.039231261558957224,24
nfg__cvr2f2__imp5,nfg,cv,5,2,2,438.6,fitted,20266105,0.03921978426309606,199
nfg__cvr2f3__imp6,nfg,cv,6,2,3,419.8,fitted,20267106,0.039071565481561224,199
deephit__cvr0f2__imp11,deephit,cv,11,0,2,102.0,fitted,20271905,0.036920803640264004,21
nfg__cvr0f0__imp6,nfg,cv,6,0,0,430.2,fitted,20266903,0.04088042741031538,199
deephit__cvr2f4__imp11,deephit,cv,11,2,4,85.8,fitted,20272107,0.03955296813341114,19
nfg__cvr2f4__imp6,nfg,cv,6,2,4,423.5,fitted,20267107,0.035773726135865484,199
nfg__cvr0f3__imp5,nfg,cv,5,0,3,457.0,fitted,20265906,0.03199794043687974,199
nfg__cvr0f4__imp5,nfg,cv,5,0,4,456.7,fitted,20265907,0.03780925381030039,199
nfg__cvr2f0__imp6,nfg,cv,6,2,0,429.3,fitted,20267103,0.03488124477815009,199
nfg__cvr1f4__imp6,nfg,cv,6,1,4,429.2,fitted,20267007,0.032637747200041575,199
nfg__cvr2f2__imp6,nfg,cv,6,2,2,433.5,fitted,20267105,0.03892931548657265,199
nfg__cvr1f4__imp5,nfg,cv,5,1,4,457.1,fitted,20266007,0.03708814245332432,199
deephit__cvr2f3__imp11,deephit,cv,11,2,3,100.1,fitted,20272106,0.037854935672584175,23
nfg__cvr0f4__imp6,nfg,cv,6,0,4,444.8,fitted,20266907,0.03769513270538952,199
nfg__cvr1f3__imp5,nfg,cv,5,1,3,465.7,fitted,20266006,0.03814408936764497,199
nfg__cvr1f3__imp6,nfg,cv,6,1,3,447.1,fitted,20267006,0.03417317780426874,199
nfg__cvr2f1__imp6,nfg,cv,6,2,1,447.1,fitted,20267104,0.03342919642913195,199
deephit__cvr0f1__imp12,deephit,cv,12,0,1,56.7,fitted,20272904,0.03769064044470406,14
nfg__cvr0f0__imp5,nfg,cv,5,0,0,484.2,fitted,20265903,0.033088687308039405,199
nfg__cvr1f2__imp5,nfg,cv,5,1,2,477.4,fitted,20266005,0.03196349350861143,199
nfg__cvr0f2__imp12,nfg,cv,12,0,2,45.0,fitted,20272905,0.034554460998497696,20
deephit__cvr1f4__imp11,deephit,cv,11,1,4,126.3,fitted,20272007,0.03877842679519958,28
nfg__cvr1f1__imp6,nfg,cv,6,1,1,457.4,fitted,20267004,0.0330386012262761,199
nfg__cvr2f2__imp7,nfg,cv,7,2,2,397.5,fitted,20268105,0.03434576550096301,199
deephit__cvr0f0__imp12,deephit,cv,12,0,0,72.6,fitted,20272903,0.04013381239336423,19
deephit__cvr2f2__imp11,deephit,cv,11,2,2,128.7,fitted,20272105,0.03542562579504161,30
nfg__cvr2f1__imp7,nfg,cv,7,2,1,406.3,fitted,20268104,0.03412554164072816,199
nfg__cvr0f2__imp6,nfg,cv,6,0,2,471.8,fitted,20266905,0.035400501695117804,199
nfg__cvr1f0__imp7,nfg,cv,7,1,0,427.4,fitted,20268003,0.03377811344005711,199
nfg__cvr1f2__imp7,nfg,cv,7,1,2,417.0,fitted,20268005,0.03620613300190306,199
nfg__cvr0f1__imp7,nfg,cv,7,0,1,441.1,fitted,20267904,0.037679143504120334,199
nfg__cvr0f4__imp7,nfg,cv,7,0,4,435.8,fitted,20267907,0.03590806733618155,199
deephit__cvr1f3__imp12,deephit,cv,12,1,3,72.9,fitted,20273006,0.039192543912527786,17
nfg__cvr1f1__imp7,nfg,cv,7,1,1,428.6,fitted,20268004,0.03556626880476247,199
deephit__cvr1f0__imp12,deephit,cv,12,1,0,78.5,fitted,20273003,0.04009323497217669,19
deephit__cvr0f2__imp12,deephit,cv,12,0,2,80.8,fitted,20272905,0.035979815337429874,18
nfg__cvr0f3__imp7,nfg,cv,7,0,3,444.7,fitted,20267906,0.03949770041589717,199
deephit__cvr1f1__imp12,deephit,cv,12,1,1,78.1,fitted,20273004,0.04055362749307324,18
deephit__cvr0f2__imp13,deephit,cv,13,0,2,56.1,fitted,20273905,0.040809905212779676,15
deephit__cvr2f0__imp12,deephit,cv,12,2,0,78.3,fitted,20273103,0.04071074573395214,21
deephit__cvr0f4__imp12,deephit,cv,12,0,4,86.0,fitted,20272907,0.03925398609585753,20
nfg__cvr1f4__imp7,nfg,cv,7,1,4,426.3,fitted,20268007,0.03402492359047227,199
nfg__cvr0f2__imp7,nfg,cv,7,0,2,455.0,fitted,20267905,0.034422603072970286,199
nfg__cvr2f4__imp7,nfg,cv,7,2,4,426.6,fitted,20268107,0.03589089685734551,199
deephit__cvr0f3__imp12,deephit,cv,12,0,3,90.0,fitted,20272906,0.040622777120305154,20
deephit__cvr0f0__imp13,deephit,cv,13,0,0,68.0,fitted,20273903,0.0384478376282906,18
deephit__cvr0f4__imp13,deephit,cv,13,0,4,65.4,fitted,20273907,0.03521382437293831,15
deephit__cvr2f2__imp12,deephit,cv,12,2,2,84.0,fitted,20273105,0.04090477661189451,19
deephit__cvr2f3__imp12,deephit,cv,12,2,3,86.0,fitted,20273106,0.03806023887299298,19
deephit__cvr2f1__imp12,deephit,cv,12,2,1,88.5,fitted,20273104,0.041641810001875994,20
deephit__cvr1f2__imp12,deephit,cv,12,1,2,93.1,fitted,20273005,0.04162849256162585,20
deephit__cvr1f4__imp12,deephit,cv,12,1,4,92.6,fitted,20273007,0.03910482534795829,22
deephit__cvr0f1__imp13,deephit,cv,13,0,1,78.4,fitted,20273904,0.04380487304206028,18
deephit__cvr1f4__imp13,deephit,cv,13,1,4,70.9,fitted,20274007,0.03561581858420183,19
deephit__cvr2f1__imp13,deephit,cv,13,2,1,66.8,fitted,20274104,0.0437291263871439,16
deephit__cvr2f4__imp12,deephit,cv,12,2,4,99.0,fitted,20273107,0.039320289740009895,23
deephit__cvr0f3__imp13,deephit,cv,13,0,3,82.2,fitted,20273906,0.03892903942495357,21
deephit__cvr1f1__imp13,deephit,cv,13,1,1,76.9,fitted,20274004,0.03597623494561612,17
nfg__cvr1f3__imp7,nfg,cv,7,1,3,454.7,fitted,20268006,0.035173543042749875,199
nfg__cvr2f3__imp7,nfg,cv,7,2,3,453.5,fitted,20268106,0.03989075565065469,199
deephit__cvr2f0__imp13,deephit,cv,13,2,0,77.6,fitted,20274103,0.037689863591048346,19
deephit__cvr2f2__imp13,deephit,cv,13,2,2,84.2,fitted,20274105,0.03816157692352027,22
deephit__cvr1f2__imp13,deephit,cv,13,1,2,93.5,fitted,20274005,0.04312744961033436,20
deephit__cvr2f4__imp13,deephit,cv,13,2,4,80.0,fitted,20274107,0.03367254454258526,20
nfg__cvr0f0__imp8,nfg,cv,8,0,0,441.9,fitted,20268903,0.03934828346371133,199
deephit__cvr1f0__imp13,deephit,cv,13,1,0,103.7,fitted,20274003,0.03549570471390195,25
deephit__cvr0f0__imp14,deephit,cv,14,0,0,66.5,fitted,20274903,0.03887008662832415,17
deephit__cvr1f3__imp13,deephit,cv,13,1,3,104.6,fitted,20274006,0.04208874775620251,24
deephit__cvr2f2__imp14,deephit,cv,14,2,2,56.5,fitted,20275105,0.037666072841206745,15
nfg__cvr0f0__imp7,nfg,cv,7,0,0,514.7,fitted,20267903,0.037086554281762184,199
deephit__cvr0f3__imp14,deephit,cv,14,0,3,65.6,fitted,20274906,0.04418997606859283,18
deephit__cvr1f3__imp14,deephit,cv,14,1,3,63.9,fitted,20275006,0.046826438430472524,17
deephit__cvr2f3__imp13,deephit,cv,13,2,3,104.3,fitted,20274106,0.037449021685557915,23
deephit__cvr1f0__imp14,deephit,cv,14,1,0,69.5,fitted,20275003,0.04034609156012799,17
deephit__cvr1f1__imp14,deephit,cv,14,1,1,73.2,fitted,20275004,0.04294082960622846,16
deephit__cvr2f0__imp14,deephit,cv,14,2,0,67.9,fitted,20275103,0.03884956505867596,18
nfg__cvr0f4__imp8,nfg,cv,8,0,4,459.0,fitted,20268907,0.033411172872203375,199
deephit__cvr2f3__imp14,deephit,cv,14,2,3,65.9,fitted,20275106,0.03996835175787284,17
nfg__cvr1f1__imp8,nfg,cv,8,1,1,448.4,fitted,20269004,0.03652079905210094,199
deephit__cvr0f1__imp14,deephit,cv,14,0,1,80.8,fitted,20274904,0.036288444891584885,19
nfg__cvr0f2__imp8,nfg,cv,8,0,2,466.8,fitted,20268905,0.038582514458937206,199
nfg__cvr2f1__imp8,nfg,cv,8,2,1,423.4,fitted,20269104,0.034126216128991325,199
deephit__cvr1f4__imp14,deephit,cv,14,1,4,76.0,fitted,20275007,0.03594071871909754,19
nfg__cvr2f0__imp7,nfg,cv,7,2,0,501.0,fitted,20268103,0.0396790716618348,199
nfg__cvr0f3__imp8,nfg,cv,8,0,3,471.2,fitted,20268906,0.04310003199355945,199
nfg__cvr1f0__imp8,nfg,cv,8,1,0,463.3,fitted,20269003,0.03757011281230209,199
deephit__cvr2f1__imp14,deephit,cv,14,2,1,83.2,fitted,20275104,0.039638684303367734,19
deephit__cvr1f2__imp14,deephit,cv,14,1,2,90.9,fitted,20275005,0.0402425835828275,19
deephit__cvr0f4__imp14,deephit,cv,14,0,4,99.7,fitted,20274907,0.039441864773213126,22
nfg__cvr0f1__imp8,nfg,cv,8,0,1,489.0,fitted,20268904,0.03642418105297173,199
nfg__cvr2f3__imp8,nfg,cv,8,2,3,441.2,fitted,20269106,0.03439298021082934,199
deephit__cvr0f3__imp15,deephit,cv,15,0,3,54.1,fitted,20275906,0.042876660527933604,14
deephit__cvr0f2__imp14,deephit,cv,14,0,2,108.1,fitted,20274905,0.03664213982375863,24
nfg__cvr1f2__imp8,nfg,cv,8,1,2,466.8,fitted,20269005,0.03554056068462693,199
nfg__cvr1f4__imp8,nfg,cv,8,1,4,458.6,fitted,20269007,0.03963967195986086,199
nfg__cvr2f0__imp8,nfg,cv,8,2,0,458.4,fitted,20269103,0.034408806862090156,199
deephit__cvr2f0__imp15,deephit,cv,15,2,0,53.4,fitted,20276103,0.03836730816085909,14
deephit__cvr1f0__imp15,deephit,cv,15,1,0,66.1,fitted,20276003,0.038523246844512166,18
deephit__cvr1f3__imp15,deephit,cv,15,1,3,57.3,fitted,20276006,0.04218092193767335,15
nfg__cvr1f3__imp8,nfg,cv,8,1,3,477.9,fitted,20269006,0.04076873980262716,199
deephit__cvr0f2__imp15,deephit,cv,15,0,2,78.5,fitted,20275905,0.03526254296503843,20
deephit__cvr1f1__imp15,deephit,cv,15,1,1,67.8,fitted,20276004,0.041988422568874355,16
deephit__cvr2f4__imp14,deephit,cv,14,2,4,117.6,fitted,20275107,0.0435115885863805,25
deephit__cvr1f2__imp15,deephit,cv,15,1,2,69.2,fitted,20276005,0.04450699682083527,15
deephit__cvr2f2__imp15,deephit,cv,15,2,2,66.1,fitted,20276105,0.040721731443160346,17
nfg__cvr2f4__imp8,nfg,cv,8,2,4,475.9,fitted,20269107,0.03974610526155891,199
nfg__cvr2f2__imp8,nfg,cv,8,2,2,481.8,fitted,20269105,0.03841567856711675,199
deephit__cvr1f4__imp15,deephit,cv,15,1,4,75.4,fitted,20276007,0.03787926890834969,16
deephit__cvr0f1__imp15,deephit,cv,15,0,1,99.3,fitted,20275904,0.04391264971029974,22
deephit__cvr2f3__imp15,deephit,cv,15,2,3,76.2,fitted,20276106,0.04107031843932027,18
deephit__cvr0f0__imp15,deephit,cv,15,0,0,113.9,fitted,20275903,0.03770128363737168,26
deephit__cvr2f1__imp15,deephit,cv,15,2,1,85.5,fitted,20276104,0.04172425914003504,19
deephit__cvr0f4__imp15,deephit,cv,15,0,4,100.5,fitted,20275907,0.03973613720341304,24
deephit__cvr2f4__imp15,deephit,cv,15,2,4,78.2,fitted,20276107,0.03531561987254617,19
deephit__cvr0f1__imp16,deephit,cv,16,0,1,59.0,fitted,20276904,0.03813537482836038,15
deephit__cvr0f0__imp16,deephit,cv,16,0,0,71.9,fitted,20276903,0.03708827346017084,19
deephit__cvr0f2__imp16,deephit,cv,16,0,2,84.2,fitted,20276905,0.039233660357985076,21
deephit__cvr0f4__imp16,deephit,cv,16,0,4,79.5,fitted,20276907,0.03742364130274602,21
deephit__cvr1f1__imp16,deephit,cv,16,1,1,75.7,fitted,20277004,0.044319944732862104,22
deephit__cvr1f3__imp16,deephit,cv,16,1,3,79.3,fitted,20277006,0.03647543841663082,21
deephit__cvr1f2__imp16,deephit,cv,16,1,2,80.9,fitted,20277005,0.04041667128822695,21
deephit__cvr2f3__imp16,deephit,cv,16,2,3,73.1,fitted,20277106,0.039288679756852095,18
deephit__cvr2f4__imp16,deephit,cv,16,2,4,68.8,fitted,20277107,0.041835818758136446,15
deephit__cvr2f0__imp16,deephit,cv,16,2,0,77.5,fitted,20277103,0.04613482699627882,21
deephit__cvr1f4__imp16,deephit,cv,16,1,4,85.5,fitted,20277007,0.03700447211914512,19
nfg__cvr0f0__imp9,nfg,cv,9,0,0,447.6,fitted,20269903,0.03256972368278171,199
deephit__cvr2f1__imp16,deephit,cv,16,2,1,95.6,fitted,20277104,0.036079549477048806,23
deephit__cvr1f0__imp16,deephit,cv,16,1,0,109.6,fitted,20277003,0.037839099890756116,26
deephit__cvr0f3__imp16,deephit,cv,16,0,3,113.4,fitted,20276906,0.04121478894613211,28
nfg__cvr0f2__imp9,nfg,cv,9,0,2,437.1,fitted,20269905,0.03260681639695999,199
deephit__cvr2f2__imp16,deephit,cv,16,2,2,104.9,fitted,20277105,0.03936748470851123,23
nfg__cvr0f0__imp10,nfg,cv,10,0,0,411.0,fitted,20270903,0.036862222803434985,199
nfg__cvr2f4__imp9,nfg,cv,9,2,4,424.8,fitted,20270107,0.033947228021729156,199
nfg__cvr2f2__imp9,nfg,cv,9,2,2,429.1,fitted,20270105,0.04111084723905274,199
nfg__cvr0f3__imp9,nfg,cv,9,0,3,455.6,fitted,20269906,0.037461274894033336,199
nfg__cvr0f4__imp10,nfg,cv,10,0,4,415.8,fitted,20270907,0.03857448245515005,199
nfg__cvr2f0__imp9,nfg,cv,9,2,0,438.7,fitted,20270103,0.04453960205849037,199
nfg__cvr1f1__imp9,nfg,cv,9,1,1,447.0,fitted,20270004,0.04059468977357163,199
nfg__cvr1f1__imp10,nfg,cv,10,1,1,421.4,fitted,20271004,0.0404853359572174,199
deephit__cvr0f0__imp17,deephit,cv,17,0,0,64.9,fitted,20277903,0.040679411794699125,16
nfg__cvr1f4__imp9,nfg,cv,9,1,4,456.0,fitted,20270007,0.03687627046095689,199
nfg__cvr0f1__imp9,nfg,cv,9,0,1,506.2,fitted,20269904,0.03307239200279399,199
nfg__cvr0f4__imp9,nfg,cv,9,0,4,477.6,fitted,20269907,0.037502392048140945,199
nfg__cvr2f3__imp9,nfg,cv,9,2,3,456.9,fitted,20270106,0.04176514636985242,199
nfg__cvr0f3__imp10,nfg,cv,10,0,3,442.1,fitted,20270906,0.033339558769262326,199
nfg__cvr1f0__imp9,nfg,cv,9,1,0,470.6,fitted,20270003,0.036200476229764994,199
nfg__cvr1f3__imp10,nfg,cv,10,1,3,441.0,fitted,20271006,0.037946936665563744,199
deephit__cvr0f4__imp17,deephit,cv,17,0,4,70.8,fitted,20277907,0.04731170425160077,16
deephit__cvr0f3__imp17,deephit,cv,17,0,3,77.9,fitted,20277906,0.04398336429351716,22
nfg__cvr1f2__imp9,nfg,cv,9,1,2,476.0,fitted,20270005,0.036586473077823374,199
nfg__cvr1f3__imp9,nfg,cv,9,1,3,475.7,fitted,20270006,0.041656483770250795,199
deephit__cvr1f3__imp17,deephit,cv,17,1,3,63.3,fitted,20278006,0.040726459286011825,15
nfg__cvr2f3__imp10,nfg,cv,10,2,3,448.6,fitted,20271106,0.036981032510270205,199
nfg__cvr2f1__imp9,nfg,cv,9,2,1,474.6,fitted,20270104,0.044897852821171154,199
nfg__cvr0f1__imp10,nfg,cv,10,0,1,461.4,fitted,20270904,0.03945839861017698,199
nfg__cvr1f4__imp10,nfg,cv,10,1,4,453.7,fitted,20271007,0.034373772036694894,199
nfg__cvr2f2__imp10,nfg,cv,10,2,2,453.6,fitted,20271105,0.038932010495720086,199
deephit__cvr0f1__imp17,deephit,cv,17,0,1,91.6,fitted,20277904,0.039891089138337096,23
deephit__cvr1f2__imp17,deephit,cv,17,1,2,69.8,fitted,20278005,0.04178456534597389,16
deephit__cvr1f4__imp17,deephit,cv,17,1,4,72.6,fitted,20278007,0.03964407437443548,15
nfg__cvr1f0__imp11,nfg,cv,11,1,0,427.3,fitted,20272003,0.03361076012678029,199
deephit__cvr0f2__imp17,deephit,cv,17,0,2,99.4,fitted,20277905,0.03924221257252564,24
nfg__cvr1f2__imp10,nfg,cv,10,1,2,463.5,fitted,20271005,0.03994238746886891,199
deephit__cvr1f0__imp17,deephit,cv,17,1,0,91.9,fitted,20278003,0.045035936233731914,18
nfg__cvr2f1__imp10,nfg,cv,10,2,1,467.6,fitted,20271104,0.03828085196142189,199
nfg__cvr0f2__imp10,nfg,cv,10,0,2,477.1,fitted,20270905,0.0324869851741793,199
nfg__cvr2f4__imp10,nfg,cv,10,2,4,473.1,fitted,20271107,0.03803546999855354,199
nfg__cvr1f0__imp10,nfg,cv,10,1,0,477.0,fitted,20271003,0.037322658715769,199
deephit__cvr1f1__imp17,deephit,cv,17,1,1,92.6,fitted,20278004,0.04187109650904539,23
deephit__cvr2f1__imp17,deephit,cv,17,2,1,78.6,fitted,20278104,0.04292182006038745,17
deephit__cvr2f4__imp17,deephit,cv,17,2,4,75.7,fitted,20278107,0.04335813316818614,19
nfg__cvr2f0__imp10,nfg,cv,10,2,0,487.5,fitted,20271103,0.03629073836669466,199
nfg__cvr0f2__imp11,nfg,cv,11,0,2,459.6,fitted,20271905,0.04010182814352506,199
nfg__cvr1f1__imp11,nfg,cv,11,1,1,456.7,fitted,20272004,0.03638440396146906,199
deephit__cvr2f2__imp17,deephit,cv,17,2,2,91.0,fitted,20278105,0.03868466475193586,20
nfg__cvr2f3__imp11,nfg,cv,11,2,3,423.6,fitted,20272106,0.037251163759460595,199
nfg__cvr0f3__imp11,nfg,cv,11,0,3,468.3,fitted,20271906,0.040869884568359854,199
deephit__cvr2f0__imp17,deephit,cv,17,2,0,104.7,fitted,20278103,0.04608034471929824,26
nfg__cvr0f0__imp11,nfg,cv,11,0,0,478.5,fitted,20271903,0.035070057969217416,199
nfg__cvr0f4__imp11,nfg,cv,11,0,4,471.4,fitted,20271907,0.03475127295033832,199
nfg__cvr2f4__imp11,nfg,cv,11,2,4,429.7,fitted,20272107,0.03881693660083634,196
nfg__cvr0f1__imp11,nfg,cv,11,0,1,482.0,fitted,20271904,0.03904051741162092,199
deephit__cvr2f3__imp17,deephit,cv,17,2,3,105.8,fitted,20278106,0.04345050493867556,21
nfg__cvr1f4__imp11,nfg,cv,11,1,4,446.4,fitted,20272007,0.0386170752749991,199
nfg__cvr0f3__imp12,nfg,cv,12,0,3,419.8,fitted,20272906,0.0401313462120997,199
nfg__cvr1f3__imp11,nfg,cv,11,1,3,461.3,fitted,20272006,0.03415568399245927,199
nfg__cvr0f4__imp12,nfg,cv,12,0,4,420.8,fitted,20272907,0.035377857224443525,199
nfg__cvr1f1__imp12,nfg,cv,12,1,1,421.9,fitted,20273004,0.03334896697368962,199
nfg__cvr2f2__imp11,nfg,cv,11,2,2,445.3,fitted,20272105,0.038207528413580834,199
nfg__cvr2f1__imp12,nfg,cv,12,2,1,426.4,fitted,20273104,0.03855353664907257,199
deephit__cvr2f3__imp18,deephit,cv,18,2,3,61.1,fitted,20279106,0.039620111307399085,16
deephit__cvr1f1__imp18,deephit,cv,18,1,1,71.3,fitted,20279004,0.03753581199188566,14
deephit__cvr2f1__imp18,deephit,cv,18,2,1,62.8,fitted,20279104,0.03699103147542183,15
deephit__cvr1f2__imp18,deephit,cv,18,1,2,72.2,fitted,20279005,0.0463968113995258,17
deephit__cvr0f1__imp18,deephit,cv,18,0,1,77.5,fitted,20278904,0.03926826667843418,19
deephit__cvr0f2__imp18,deephit,cv,18,0,2,80.4,fitted,20278905,0.03757385061234473,15
deephit__cvr1f0__imp18,deephit,cv,18,1,0,78.3,fitted,20279003,0.041474062775686334,17
nfg__cvr1f2__imp11,nfg,cv,11,1,2,482.9,fitted,20272005,0.03577411372055038,199
nfg__cvr0f0__imp12,nfg,cv,12,0,0,446.7,fitted,20272903,0.041184189702542846,199
deephit__cvr0f3__imp18,deephit,cv,18,0,3,86.2,fitted,20278906,0.04326901725085916,16
deephit__cvr0f0__imp18,deephit,cv,18,0,0,90.1,fitted,20278903,0.042707183114474294,16
deephit__cvr0f4__imp18,deephit,cv,18,0,4,85.6,fitted,20278907,0.038790841159150075,16
nfg__cvr1f3__imp13,nfg,cv,13,1,3,404.8,fitted,20274006,0.03810513861627172,199
nfg__cvr2f0__imp11,nfg,cv,11,2,0,478.1,fitted,20272103,0.03725132790686249,199
deephit__cvr2f4__imp18,deephit,cv,18,2,4,78.9,fitted,20279107,0.036008388682075676,19
nfg__cvr2f1__imp11,nfg,cv,11,2,1,480.3,fitted,20272104,0.032562160550811035,199
deephit__cvr1f4__imp18,deephit,cv,18,1,4,89.7,fitted,20279007,0.03803130339143492,23
nfg__cvr1f2__imp12,nfg,cv,12,1,2,457.6,fitted,20273005,0.039335183641495686,199
nfg__cvr1f0__imp12,nfg,cv,12,1,0,462.7,fitted,20273003,0.03309713853571234,199
nfg__cvr0f1__imp12,nfg,cv,12,0,1,465.8,fitted,20272904,0.03796125551236939,199
nfg__cvr2f0__imp12,nfg,cv,12,2,0,461.9,fitted,20273103,0.039086114649095165,199
nfg__cvr2f2__imp12,nfg,cv,12,2,2,462.6,fitted,20273105,0.035722293982218815,199
deephit__cvr2f2__imp18,deephit,cv,18,2,2,98.5,fitted,20279105,0.04370905904746481,20
nfg__cvr2f4__imp12,nfg,cv,12,2,4,461.2,fitted,20273107,0.03769294784121672,199
nfg__cvr2f3__imp12,nfg,cv,12,2,3,465.0,fitted,20273106,0.03693593986149903,199
nfg__cvr1f4__imp12,nfg,cv,12,1,4,475.2,fitted,20273007,0.03570016701323839,199
deephit__cvr1f3__imp18,deephit,cv,18,1,3,118.2,fitted,20279006,0.03850364603874607,26
nfg__cvr2f1__imp13,nfg,cv,13,2,1,423.9,fitted,20274104,0.030241430903942358,199
nfg__cvr1f3__imp12,nfg,cv,12,1,3,481.3,fitted,20273006,0.03968472786679633,199
deephit__cvr0f0__imp19,deephit,cv,19,0,0,73.3,fitted,20279903,0.03778168096900874,19
deephit__cvr0f4__imp19,deephit,cv,19,0,4,70.1,fitted,20279907,0.03766140536153502,17
nfg__cvr1f4__imp13,nfg,cv,13,1,4,437.9,fitted,20274007,0.040839176416168625,199
nfg__cvr0f1__imp13,nfg,cv,13,0,1,453.5,fitted,20273904,0.03653906921703453,199
deephit__cvr2f0__imp19,deephit,cv,19,2,0,62.5,fitted,20280103,0.04130536416974244,18
deephit__cvr1f0__imp19,deephit,cv,19,1,0,75.7,fitted,20280003,0.04220764999722551,17
deephit__cvr2f0__imp18,deephit,cv,18,2,0,131.0,fitted,20279103,0.03938360229882269,24
deephit__cvr2f2__imp19,deephit,cv,19,2,2,68.8,fitted,20280105,0.0385881844867413,15
deephit__cvr2f3__imp19,deephit,cv,19,2,3,70.5,fitted,20280106,0.03648509419569738,17
deephit__cvr1f4__imp19,deephit,cv,19,1,4,75.3,fitted,20280007,0.04160473388587422,18
deephit__cvr0f3__imp19,deephit,cv,19,0,3,89.4,fitted,20279906,0.03648790676926644,21
deephit__cvr1f1__imp19,deephit,cv,19,1,1,87.5,fitted,20280004,0.04218977791325002,21
deephit__cvr1f2__imp19,deephit,cv,19,1,2,89.0,fitted,20280005,0.03873449384809285,23
nfg__cvr1f1__imp13,nfg,cv,13,1,1,470.2,fitted,20274004,0.033282393654709884,199
nfg__cvr1f2__imp13,nfg,cv,13,1,2,470.3,fitted,20274005,0.037128142831842494,199
deephit__cvr0f2__imp19,deephit,cv,19,0,2,98.0,fitted,20279905,0.04059874600107266,23
nfg__cvr0f4__imp14,nfg,cv,14,0,4,437.0,fitted,20274907,0.04065494972296036,199
nfg__cvr2f3__imp13,nfg,cv,13,2,3,460.6,fitted,20274106,0.04031825214723737,199
nfg__cvr2f0__imp13,nfg,cv,13,2,0,468.2,fitted,20274103,0.03668830909711196,199
nfg__cvr0f4__imp13,nfg,cv,13,0,4,479.3,fitted,20273907,0.036995416975322555,199
deephit__cvr2f4__imp19,deephit,cv,19,2,4,90.3,fitted,20280107,0.03995661540813429,23
nfg__cvr0f3__imp13,nfg,cv,13,0,3,485.5,fitted,20273906,0.03947264591621523,199
deephit__cvr0f1__imp20,deephit,cv,20,0,1,60.7,fitted,20280904,0.03905992129410139,16
deephit__cvr0f1__imp19,deephit,cv,19,0,1,118.2,fitted,20279904,0.04331946531544871,21
nfg__cvr0f0__imp13,nfg,cv,13,0,0,491.1,fitted,20273903,0.042106461333964125,199
deephit__cvr1f3__imp19,deephit,cv,19,1,3,107.7,fitted,20280006,0.041795676524808846,26
deephit__cvr0f0__imp20,deephit,cv,20,0,0,70.1,fitted,20280903,0.040166284647676846,18
nfg__cvr0f1__imp14,nfg,cv,14,0,1,458.6,fitted,20274904,0.038729679036445495,199
deephit__cvr2f1__imp19,deephit,cv,19,2,1,107.2,fitted,20280104,0.04067809364906897,28
nfg__cvr1f4__imp14,nfg,cv,14,1,4,447.8,fitted,20275007,0.03396799962419421,199
nfg__cvr2f2__imp13,nfg,cv,13,2,2,484.9,fitted,20274105,0.033046259296319554,199
nfg__cvr1f3__imp14,nfg,cv,14,1,3,448.9,fitted,20275006,0.03942746688761413,199
nfg__cvr2f1__imp14,nfg,cv,14,2,1,447.4,fitted,20275104,0.036179719436940795,199
deephit__cvr0f2__imp20,deephit,cv,20,0,2,75.2,fitted,20280905,0.039339149896667716,18
nfg__cvr2f4__imp13,nfg,cv,13,2,4,485.6,fitted,20274107,0.03436778156717469,199
nfg__cvr0f2__imp14,nfg,cv,14,0,2,466.0,fitted,20274905,0.03128188857152406,199
deephit__cvr2f3__imp20,deephit,cv,20,2,3,49.2,fitted,20281106,0.03700266273600307,14
deephit__cvr1f3__imp20,deephit,cv,20,1,3,63.3,fitted,20281006,0.03848220094893213,17
nfg__cvr1f2__imp14,nfg,cv,14,1,2,458.8,fitted,20275005,0.03377874455196926,199
nfg__cvr0f2__imp13,nfg,cv,13,0,2,509.8,fitted,20273905,0.032858966054749736,199
nfg__cvr0f3__imp14,nfg,cv,14,0,3,470.8,fitted,20274906,0.03906575188713685,199
nfg__cvr2f0__imp14,nfg,cv,14,2,0,458.4,fitted,20275103,0.0353645223200322,199
deephit__cvr1f4__imp20,deephit,cv,20,1,4,64.2,fitted,20281007,0.042894481523367486,15
nfg__cvr0f0__imp14,nfg,cv,14,0,0,478.5,fitted,20274903,0.03397936902086815,199
nfg__cvr1f0__imp13,nfg,cv,13,1,0,512.6,fitted,20274003,0.03799411365187672,199
deephit__cvr0f3__imp20,deephit,cv,20,0,3,87.3,fitted,20280906,0.040887221196041164,20
deephit__cvr2f1__imp20,deephit,cv,20,2,1,66.2,fitted,20281104,0.04047830401823249,16
nfg__cvr2f4__imp14,nfg,cv,14,2,4,460.2,fitted,20275107,0.03506851316986334,199
deephit__cvr1f0__imp20,deephit,cv,20,1,0,90.1,fitted,20281003,0.03951223841693188,20
nfg__cvr2f2__imp14,nfg,cv,14,2,2,470.7,fitted,20275105,0.03854044978894058,199
deephit__cvr2f2__imp20,deephit,cv,20,2,2,75.9,fitted,20281105,0.04368268330024977,23
deephit__cvr1f1__imp20,deephit,cv,20,1,1,90.8,fitted,20281004,0.03770753577468038,16
deephit__cvr1f2__imp20,deephit,cv,20,1,2,90.4,fitted,20281005,0.0368202745865426,21
nfg__cvr1f0__imp14,nfg,cv,14,1,0,490.2,fitted,20275003,0.03706577912568074,199
deephit__cvr0f4__imp20,deephit,cv,20,0,4,99.5,fitted,20280907,0.03959056714205867,23
deephit__cvr2f0__imp20,deephit,cv,20,2,0,85.4,fitted,20281103,0.04535901464754443,21
nfg__cvr0f2__imp15,nfg,cv,15,0,2,434.7,fitted,20275905,0.042092079428134865,185
nfg__cvr1f1__imp15,nfg,cv,15,1,1,432.3,fitted,20276004,0.03291448538583075,199
nfg__cvr1f1__imp14,nfg,cv,14,1,1,494.8,fitted,20275004,0.031987307137586074,199
deephit__cvr0f0__imp21,deephit,cv,21,0,0,53.0,fitted,20281903,0.04025180595207084,15
nfg__cvr0f0__imp15,nfg,cv,15,0,0,443.2,fitted,20275903,0.03507942032684413,199
nfg__cvr0f4__imp15,nfg,cv,15,0,4,447.2,fitted,20275907,0.0339078888689237,199
deephit__cvr2f4__imp20,deephit,cv,20,2,4,93.3,fitted,20281107,0.04711099682381322,20
deephit__cvr1f0__imp21,deephit,cv,21,1,0,58.9,fitted,20282003,0.042189509100109324,15
deephit__cvr0f4__imp21,deephit,cv,21,0,4,68.8,fitted,20281907,0.042441113521480445,17
nfg__cvr1f0__imp15,nfg,cv,15,1,0,457.1,fitted,20276003,0.034307225432474546,199
nfg__cvr0f1__imp15,nfg,cv,15,0,1,466.1,fitted,20275904,0.03448408008215469,199
deephit__cvr1f2__imp21,deephit,cv,21,1,2,72.0,fitted,20282005,0.03990321550259991,17
deephit__cvr1f4__imp21,deephit,cv,21,1,4,72.6,fitted,20282007,0.040777472294788265,16
deephit__cvr1f1__imp21,deephit,cv,21,1,1,76.1,fitted,20282004,0.038289602130346836,17
nfg__cvr2f1__imp15,nfg,cv,15,2,1,458.9,fitted,20276104,0.035192012131632935,199
nfg__cvr2f2__imp15,nfg,cv,15,2,2,457.6,fitted,20276105,0.03490796324219882,199
deephit__cvr1f3__imp21,deephit,cv,21,1,3,76.4,fitted,20282006,0.04007116767509965,17
deephit__cvr2f4__imp21,deephit,cv,21,2,4,72.6,fitted,20282107,0.04107224910364815,20
nfg__cvr2f3__imp14,nfg,cv,14,2,3,519.3,fitted,20275106,0.040060654493177326,199
deephit__cvr2f0__imp21,deephit,cv,21,2,0,77.5,fitted,20282103,0.04013261424824088,18
nfg__cvr1f4__imp15,nfg,cv,15,1,4,469.6,fitted,20276007,0.03517175422932223,199
nfg__cvr1f3__imp15,nfg,cv,15,1,3,471.8,fitted,20276006,0.03993455041792663,199
deephit__cvr2f1__imp21,deephit,cv,21,2,1,82.5,fitted,20282104,0.043797006585000756,19
nfg__cvr0f3__imp16,nfg,cv,16,0,3,415.6,fitted,20276906,0.03916936338079931,199
deephit__cvr0f3__imp21,deephit,cv,21,0,3,98.6,fitted,20281906,0.045449637073985784,15
deephit__cvr0f4__imp22,deephit,cv,22,0,4,54.6,fitted,20282907,0.03902914539158425,14
nfg__cvr2f4__imp15,nfg,cv,15,2,4,467.9,fitted,20276107,0.03586222250987279,199
nfg__cvr2f3__imp15,nfg,cv,15,2,3,468.1,fitted,20276106,0.03435268663198917,199
deephit__cvr0f0__imp22,deephit,cv,22,0,0,63.1,fitted,20282903,0.04599541092627633,15
deephit__cvr2f3__imp21,deephit,cv,21,2,3,92.1,fitted,20282106,0.03850804418667646,23
nfg__cvr1f2__imp15,nfg,cv,15,1,2,493.2,fitted,20276005,0.03813819556276833,199
deephit__cvr2f2__imp21,deephit,cv,21,2,2,98.0,fitted,20282105,0.03712197104421598,20
deephit__cvr1f0__imp22,deephit,cv,22,1,0,68.4,fitted,20283003,0.03449796618821544,19
deephit__cvr1f1__imp22,deephit,cv,22,1,1,67.9,fitted,20283004,0.04135622789153509,18
nfg__cvr0f3__imp15,nfg,cv,15,0,3,508.3,fitted,20275906,0.041712582326067706,199
deephit__cvr0f2__imp21,deephit,cv,21,0,2,119.3,fitted,20281905,0.03660696777203997,20
nfg__cvr2f0__imp15,nfg,cv,15,2,0,498.9,fitted,20276103,0.03912723262769982,199
deephit__cvr1f4__imp22,deephit,cv,22,1,4,62.7,fitted,20283007,0.04169961903997708,16
deephit__cvr0f1__imp21,deephit,cv,21,0,1,121.2,fitted,20281904,0.03523056731553686,22
deephit__cvr0f1__imp22,deephit,cv,22,0,1,82.3,fitted,20282904,0.04004265728500727,19
deephit__cvr0f3__imp22,deephit,cv,22,0,3,78.7,fitted,20282906,0.0406361261828052,21
deephit__cvr2f1__imp22,deephit,cv,22,2,1,69.0,fitted,20283104,0.03762728491192719,16
nfg__cvr1f1__imp16,nfg,cv,16,1,1,449.2,fitted,20277004,0.039293950956873755,199
nfg__cvr1f2__imp16,nfg,cv,16,1,2,450.1,fitted,20277005,0.03662758959304438,199
nfg__cvr0f0__imp16,nfg,cv,16,0,0,467.8,fitted,20276903,0.03294800627535959,199
nfg__cvr0f1__imp16,nfg,cv,16,0,1,469.0,fitted,20276904,0.03891966090995416,199
deephit__cvr0f2__imp22,deephit,cv,22,0,2,101.7,fitted,20282905,0.03729839568714785,19
nfg__cvr1f3__imp16,nfg,cv,16,1,3,457.0,fitted,20277006,0.032392136407335355,199
deephit__cvr2f4__imp22,deephit,cv,22,2,4,72.7,fitted,20283107,0.039926382810111204,18
deephit__cvr2f0__imp22,deephit,cv,22,2,0,90.2,fitted,20283103,0.04313479892680121,21
nfg__cvr1f0__imp16,nfg,cv,16,1,0,470.0,fitted,20277003,0.03944319232491423,199
deephit__cvr1f2__imp22,deephit,cv,22,1,2,103.2,fitted,20283005,0.04340711141645364,18
deephit__cvr1f3__imp22,deephit,cv,22,1,3,108.6,fitted,20283006,0.04505028638177881,26
deephit__cvr2f3__imp22,deephit,cv,22,2,3,91.1,fitted,20283106,0.036184400788786424,21
nfg__cvr0f4__imp16,nfg,cv,16,0,4,482.8,fitted,20276907,0.034443582051032796,199
nfg__cvr2f3__imp16,nfg,cv,16,2,3,442.2,fitted,20277106,0.03378568976497276,199
deephit__cvr0f0__imp23,deephit,cv,23,0,0,72.7,fitted,20283903,0.03669605598404521,19
deephit__cvr0f2__imp23,deephit,cv,23,0,2,70.8,fitted,20283905,0.04042032330159323,17
deephit__cvr1f0__imp23,deephit,cv,23,1,0,66.1,fitted,20284003,0.037623549422346615,15
nfg__cvr2f4__imp16,nfg,cv,16,2,4,443.6,fitted,20277107,0.03758817096493159,199
deephit__cvr1f2__imp23,deephit,cv,23,1,2,64.4,fitted,20284005,0.04067415976291425,16
nfg__cvr2f1__imp16,nfg,cv,16,2,1,457.3,fitted,20277104,0.0370151791567075,199
deephit__cvr0f1__imp23,deephit,cv,23,0,1,80.4,fitted,20283904,0.03928688226968616,18
nfg__cvr1f4__imp16,nfg,cv,16,1,4,489.4,fitted,20277007,0.038665832527872195,199
deephit__cvr0f3__imp23,deephit,cv,23,0,3,82.6,fitted,20283906,0.042434411978941204,19
deephit__cvr2f3__imp23,deephit,cv,23,2,3,66.9,fitted,20284106,0.03706179183134834,19
nfg__cvr2f0__imp16,nfg,cv,16,2,0,484.1,fitted,20277103,0.037861354969355984,199
deephit__cvr1f3__imp23,deephit,cv,23,1,3,73.3,fitted,20284006,0.046151497797774915,17
deephit__cvr2f4__imp23,deephit,cv,23,2,4,73.1,fitted,20284107,0.04487200634545663,18
deephit__cvr2f2__imp22,deephit,cv,22,2,2,129.7,fitted,20283105,0.041998772057869546,27
deephit__cvr1f1__imp23,deephit,cv,23,1,1,89.0,fitted,20284004,0.039901435075556116,17
deephit__cvr2f0__imp23,deephit,cv,23,2,0,84.3,fitted,20284103,0.04179663273086534,22
deephit__cvr2f2__imp23,deephit,cv,23,2,2,84.0,fitted,20284105,0.04087726399970724,18
deephit__cvr1f4__imp23,deephit,cv,23,1,4,86.8,fitted,20284007,0.037147671913408016,22
nfg__cvr2f2__imp16,nfg,cv,16,2,2,487.6,fitted,20277105,0.03749700980297136,199
deephit__cvr2f1__imp23,deephit,cv,23,2,1,93.9,fitted,20284104,0.037572498347196996,21
deephit__cvr0f4__imp23,deephit,cv,23,0,4,114.1,fitted,20283907,0.04351301065672858,27
nfg__cvr0f2__imp16,nfg,cv,16,0,2,544.8,fitted,20276905,0.03543540595416554,199
nfg__cvr1f2__imp17,nfg,cv,17,1,2,416.5,fitted,20278005,0.033763701947206806,199
deephit__cvr0f0__imp24,deephit,cv,24,0,0,60.9,fitted,20284903,0.037334562222243545,14
deephit__cvr0f3__imp24,deephit,cv,24,0,3,66.5,fitted,20284906,0.04027267513656453,15
deephit__cvr1f1__imp24,deephit,cv,24,1,1,58.4,fitted,20285004,0.04047148302907586,15
nfg__cvr0f1__imp17,nfg,cv,17,0,1,456.9,fitted,20277904,0.03652523054401977,199
nfg__cvr1f2__imp18,nfg,cv,18,1,2,381.8,fitted,20279005,0.03533847084796799,156
nfg__cvr1f0__imp17,nfg,cv,17,1,0,444.1,fitted,20278003,0.03109350566022588,199
deephit__cvr0f2__imp24,deephit,cv,24,0,2,74.6,fitted,20284905,0.04177404224833084,18
nfg__cvr1f4__imp17,nfg,cv,17,1,4,436.5,fitted,20278007,0.03510060655070208,199
deephit__cvr1f3__imp24,deephit,cv,24,1,3,63.0,fitted,20285006,0.035584911458639824,17
deephit__cvr1f2__imp24,deephit,cv,24,1,2,67.0,fitted,20285005,0.037996725527567894,14
nfg__cvr1f1__imp17,nfg,cv,17,1,1,450.1,fitted,20278004,0.03446858927020421,199
deephit__cvr1f0__imp24,deephit,cv,24,1,0,76.1,fitted,20285003,0.03689574396783348,19
deephit__cvr0f4__imp24,deephit,cv,24,0,4,76.9,fitted,20284907,0.03755042752965199,16
deephit__cvr2f1__imp24,deephit,cv,24,2,1,64.1,fitted,20285104,0.04221049959307783,12
deephit__cvr0f1__imp24,deephit,cv,24,0,1,86.9,fitted,20284904,0.040553557242234424,19
deephit__cvr2f0__imp24,deephit,cv,24,2,0,72.9,fitted,20285103,0.04136107607497159,21
deephit__cvr1f4__imp24,deephit,cv,24,1,4,76.2,fitted,20285007,0.03732789549645008,17
nfg__cvr0f3__imp17,nfg,cv,17,0,3,468.2,fitted,20277906,0.039619070487846825,199
nfg__cvr1f3__imp17,nfg,cv,17,1,3,457.3,fitted,20278006,0.03937431502197625,199
nfg__cvr2f0__imp17,nfg,cv,17,2,0,457.2,fitted,20278103,0.033162395202102055,199
nfg__cvr2f1__imp17,nfg,cv,17,2,1,458.4,fitted,20278104,0.035208602323352406,199
deephit__cvr2f3__imp24,deephit,cv,24,2,3,77.0,fitted,20285106,0.03602000528535903,19
nfg__cvr0f2__imp17,nfg,cv,17,0,2,487.9,fitted,20277905,0.03144032934709259,199
nfg__cvr0f4__imp18,nfg,cv,18,0,4,421.5,fitted,20278907,0.0334218325687809,199
deephit__cvr2f4__imp24,deephit,cv,24,2,4,84.8,fitted,20285107,0.0435541982735486,21
nfg__cvr0f4__imp17,nfg,cv,17,0,4,488.6,fitted,20277907,0.038743366678872536,199
nfg__cvr0f0__imp18,nfg,cv,18,0,0,445.9,fitted,20278903,0.033870100670179606,199
deephit__cvr2f2__imp24,deephit,cv,24,2,2,99.9,fitted,20285105,0.037800571611723024,22
nfg__cvr2f2__imp17,nfg,cv,17,2,2,485.8,fitted,20278105,0.037939652219272695,199
nfg__cvr0f0__imp17,nfg,cv,17,0,0,515.7,fitted,20277903,0.03535339115045181,199
nfg__cvr2f4__imp17,nfg,cv,17,2,4,489.4,fitted,20278107,0.03825620465510416,199
deephit__cvr0f1__imp25,deephit,cv,25,0,1,63.5,fitted,20285904,0.03816188465892087,16
nfg__cvr1f4__imp18,nfg,cv,18,1,4,450.5,fitted,20279007,0.036383495233838485,199
nfg__cvr0f1__imp18,nfg,cv,18,0,1,471.8,fitted,20278904,0.03744583967970137,199
deephit__cvr0f3__imp25,deephit,cv,25,0,3,64.6,fitted,20285906,0.03792444360101341,16
deephit__cvr0f2__imp25,deephit,cv,25,0,2,70.8,fitted,20285905,0.038274710394515785,16
nfg__cvr0f1__imp19,nfg,cv,19,0,1,419.7,fitted,20279904,0.03277981052006556,199
nfg__cvr0f3__imp18,nfg,cv,18,0,3,484.4,fitted,20278906,0.036930320030640826,199
deephit__cvr0f0__imp25,deephit,cv,25,0,0,87.5,fitted,20285903,0.03584857671182183,17
nfg__cvr1f0__imp18,nfg,cv,18,1,0,477.4,fitted,20279003,0.038650527821957006,199
nfg__cvr1f3__imp18,nfg,cv,18,1,3,472.1,fitted,20279006,0.035084131756027724,199
deephit__cvr1f4__imp25,deephit,cv,25,1,4,76.0,fitted,20286007,0.04034853590024544,20
deephit__cvr1f0__imp25,deephit,cv,25,1,0,85.0,fitted,20286003,0.04024755450995467,18
deephit__cvr1f2__imp25,deephit,cv,25,1,2,79.6,fitted,20286005,0.04405394396613205,19
deephit__cvr1f3__imp25,deephit,cv,25,1,3,84.2,fitted,20286006,0.04357258299728929,23
nfg__cvr2f4__imp18,nfg,cv,18,2,4,470.9,fitted,20279107,0.035763490921176436,199
deephit__cvr1f1__imp25,deephit,cv,25,1,1,86.1,fitted,20286004,0.04152283139580525,24
deephit__cvr0f4__imp25,deephit,cv,25,0,4,91.9,fitted,20285907,0.03727044062335617,20
deephit__cvr2f1__imp25,deephit,cv,25,2,1,76.7,fitted,20286104,0.03981303231600766,21
nfg__cvr2f3__imp17,nfg,cv,17,2,3,535.8,fitted,20278106,0.04188293242307287,199
nfg__cvr0f3__imp19,nfg,cv,19,0,3,443.0,fitted,20279906,0.03778550038461608,183
nfg__cvr2f0__imp18,nfg,cv,18,2,0,485.2,fitted,20279103,0.03502698601154392,199
nfg__cvr1f1__imp18,nfg,cv,18,1,1,494.0,fitted,20279004,0.03172777375825214,199
nfg__cvr2f2__imp18,nfg,cv,18,2,2,485.2,fitted,20279105,0.03939316070218744,199
nfg__cvr0f0__imp19,nfg,cv,19,0,0,460.0,fitted,20279903,0.03925313640963139,199
deephit__cvr2f2__imp25,deephit,cv,25,2,2,91.1,fitted,20286105,0.04035667588871342,23
deephit__cvr2f3__imp25,deephit,cv,25,2,3,89.7,fitted,20286106,0.039618457052624685,21
nfg__cvr2f3__imp18,nfg,cv,18,2,3,494.6,fitted,20279106,0.03795911888575508,199
nfg__cvr2f1__imp18,nfg,cv,18,2,1,498.8,fitted,20279104,0.03566658693109251,199
deephit__cvr2f0__imp25,deephit,cv,25,2,0,100.2,fitted,20286103,0.039418913813282164,26
nfg__cvr0f2__imp18,nfg,cv,18,0,2,521.5,fitted,20278905,0.038804330303370375,199
nfg__cvr1f1__imp19,nfg,cv,19,1,1,460.1,fitted,20280004,0.036671024485342825,199
nfg__cvr0f4__imp19,nfg,cv,19,0,4,466.2,fitted,20279907,0.0346659674973107,199
nfg__cvr0f2__imp20,nfg,cv,20,0,2,401.8,fitted,20280905,0.03814935666986549,199
nfg__cvr0f3__imp20,nfg,cv,20,0,3,399.9,fitted,20280906,0.03898844169030674,199
nfg__cvr1f4__imp19,nfg,cv,19,1,4,459.7,fitted,20280007,0.03739987461260542,199
nfg__cvr0f1__imp20,nfg,cv,20,0,1,408.1,fitted,20280904,0.03383718970086505,199
nfg__cvr2f2__imp19,nfg,cv,19,2,2,458.4,fitted,20280105,0.03605915295275977,199
nfg__cvr2f3__imp19,nfg,cv,19,2,3,454.2,fitted,20280106,0.0358639479123135,199
nfg__cvr0f2__imp19,nfg,cv,19,0,2,476.4,fitted,20279905,0.03770536942969322,199
deephit__cvr2f4__imp25,deephit,cv,25,2,4,111.6,fitted,20286107,0.037333994932052444,27
nfg__cvr2f1__imp19,nfg,cv,19,2,1,468.3,fitted,20280104,0.03481200001728037,199
nfg__cvr1f3__imp19,nfg,cv,19,1,3,472.5,fitted,20280006,0.035278202023088484,199
nfg__cvr1f0__imp19,nfg,cv,19,1,0,485.0,fitted,20280003,0.03598860773181778,199
nfg__cvr1f3__imp25,nfg,cv,25,1,3,96.0,fitted,20286006,0.04041720596864756,39
deephit__cvr1f2__imp26,deephit,cv,26,1,2,56.9,fitted,20287005,0.04206190914403503,14
deephit__cvr1f1__imp26,deephit,cv,26,1,1,59.0,fitted,20287004,0.042970663570828425,18
deephit__cvr0f0__imp26,deephit,cv,26,0,0,76.0,fitted,20286903,0.03975746120852696,20
deephit__cvr0f4__imp26,deephit,cv,26,0,4,67.4,fitted,20286907,0.039508782786117136,18
nfg__cvr1f3__imp20,nfg,cv,20,1,3,430.1,fitted,20281006,0.03862412350407945,199
deephit__cvr0f3__imp26,deephit,cv,26,0,3,80.8,fitted,20286906,0.038870656243359565,22
nfg__cvr0f0__imp20,nfg,cv,20,0,0,450.9,fitted,20280903,0.034634058605113933,199
deephit__cvr2f1__imp26,deephit,cv,26,2,1,71.3,fitted,20287104,0.03980906256821791,17
nfg__cvr1f2__imp19,nfg,cv,19,1,2,507.3,fitted,20280005,0.03309321503410509,199
deephit__cvr2f2__imp26,deephit,cv,26,2,2,69.7,fitted,20287105,0.03895768689660436,16
deephit__cvr0f1__imp26,deephit,cv,26,0,1,94.7,fitted,20286904,0.037976946699506284,21
nfg__cvr2f0__imp19,nfg,cv,19,2,0,508.9,fitted,20280103,0.037370227721793554,199
deephit__cvr2f0__imp26,deephit,cv,26,2,0,80.0,fitted,20287103,0.042191170438146804,20
nfg__cvr1f0__imp20,nfg,cv,20,1,0,453.9,fitted,20281003,0.03482330318134027,199
deephit__cvr0f2__imp26,deephit,cv,26,0,2,100.4,fitted,20286905,0.03592751343478877,19
deephit__cvr1f3__imp26,deephit,cv,26,1,3,90.7,fitted,20287006,0.03992780545121302,23
nfg__cvr1f1__imp20,nfg,cv,20,1,1,458.8,fitted,20281004,0.03662839646700874,199
deephit__cvr0f0__imp27,deephit,cv,27,0,0,61.4,fitted,20287903,0.037948631449542844,15
deephit__cvr1f4__imp26,deephit,cv,26,1,4,96.7,fitted,20287007,0.03786403173815157,23
nfg__cvr2f3__imp21,nfg,cv,21,2,3,413.6,fitted,20282106,0.0316936665608021,199
nfg__cvr2f2__imp20,nfg,cv,20,2,2,458.7,fitted,20281105,0.03382003638072279,199
deephit__cvr2f4__imp26,deephit,cv,26,2,4,97.1,fitted,20287107,0.039798775148200745,18
deephit__cvr2f3__imp26,deephit,cv,26,2,3,97.7,fitted,20287106,0.03220470037763226,19
nfg__cvr0f0__imp21,nfg,cv,21,0,0,444.9,fitted,20281903,0.03476403058063996,199
nfg__cvr2f4__imp19,nfg,cv,19,2,4,527.4,fitted,20280107,0.03962838427186953,199
deephit__cvr0f4__imp27,deephit,cv,27,0,4,69.1,fitted,20287907,0.040472577399255055,16
nfg__cvr1f2__imp20,nfg,cv,20,1,2,476.8,fitted,20281005,0.03525453597096343,199
deephit__cvr0f2__imp27,deephit,cv,27,0,2,79.2,fitted,20287905,0.04238096822149441,18
nfg__cvr2f1__imp20,nfg,cv,20,2,1,474.2,fitted,20281104,0.03984884329875356,199
nfg__cvr1f4__imp20,nfg,cv,20,1,4,475.9,fitted,20281007,0.03762464926094907,199
nfg__cvr2f4__imp20,nfg,cv,20,2,4,470.0,fitted,20281107,0.03323767584741365,199
nfg__cvr1f0__imp21,nfg,cv,21,1,0,444.7,fitted,20282003,0.03753680957848616,199
deephit__cvr0f3__imp27,deephit,cv,27,0,3,83.6,fitted,20287906,0.038998750909278866,17
deephit__cvr2f0__imp27,deephit,cv,27,2,0,62.1,fitted,20288103,0.04636348105122292,19
deephit__cvr1f0__imp27,deephit,cv,27,1,0,81.9,fitted,20288003,0.04351646716686487,18
deephit__cvr1f0__imp26,deephit,cv,26,1,0,125.6,fitted,20287003,0.04184796352604553,23
deephit__cvr1f3__imp27,deephit,cv,27,1,3,79.3,fitted,20288006,0.0424528547150549,20
nfg__cvr0f4__imp20,nfg,cv,20,0,4,494.5,fitted,20280907,0.03483728383192769,199
nfg__cvr1f2__imp21,nfg,cv,21,1,2,454.9,fitted,20282005,0.036702100337028136,199
nfg__cvr0f4__imp21,nfg,cv,21,0,4,458.8,fitted,20281907,0.03449493686245234,199
deephit__cvr2f2__imp27,deephit,cv,27,2,2,65.5,fitted,20288105,0.040806301345531246,17
deephit__cvr1f2__imp27,deephit,cv,27,1,2,85.8,fitted,20288005,0.04115643555426378,20
nfg__cvr0f3__imp21,nfg,cv,21,0,3,462.3,fitted,20281906,0.034817710248204174,199
nfg__cvr0f1__imp21,nfg,cv,21,0,1,466.8,fitted,20281904,0.03323004470211237,199
nfg__cvr0f2__imp21,nfg,cv,21,0,2,467.4,fitted,20281905,0.038349633528104644,199
nfg__cvr2f0__imp20,nfg,cv,20,2,0,497.0,fitted,20281103,0.03929641488089298,199
deephit__cvr1f4__imp27,deephit,cv,27,1,4,81.6,fitted,20288007,0.03942701377119032,17
nfg__cvr1f2__imp22,nfg,cv,22,1,2,406.3,fitted,20283005,0.03745694543365389,199
nfg__cvr1f3__imp21,nfg,cv,21,1,3,468.5,fitted,20282006,0.042465048009982055,199
nfg__cvr2f4__imp22,nfg,cv,22,2,4,400.4,fitted,20283107,0.03712061376151122,199
deephit__cvr1f1__imp27,deephit,cv,27,1,1,106.9,fitted,20288004,0.038040323177745645,25
deephit__cvr2f1__imp27,deephit,cv,27,2,1,85.2,fitted,20288104,0.04228016926594093,15
deephit__cvr2f3__imp27,deephit,cv,27,2,3,78.4,fitted,20288106,0.03967506003681374,19
nfg__cvr2f0__imp21,nfg,cv,21,2,0,473.4,fitted,20282103,0.034008424323124266,199
deephit__cvr0f1__imp27,deephit,cv,27,0,1,118.4,fitted,20287904,0.03606713421701069,19
nfg__cvr1f4__imp21,nfg,cv,21,1,4,484.8,fitted,20282007,0.03259487092820804,199
nfg__cvr2f0__imp22,nfg,cv,22,2,0,424.9,fitted,20283103,0.03703102932667518,199
deephit__cvr0f0__imp28,deephit,cv,28,0,0,58.2,fitted,20288903,0.03618584356508072,16
nfg__cvr1f1__imp22,nfg,cv,22,1,1,430.5,fitted,20283004,0.03454834957589828,199
nfg__cvr1f0__imp22,nfg,cv,22,1,0,431.8,fitted,20283003,0.031632153552899854,199
deephit__cvr2f4__imp27,deephit,cv,27,2,4,94.4,fitted,20288107,0.03886054971860543,23
nfg__cvr2f3__imp22,nfg,cv,22,2,3,427.2,fitted,20283106,0.04086001712645915,199
nfg__cvr1f1__imp21,nfg,cv,21,1,1,500.2,fitted,20282004,0.03462880875790732,199
nfg__cvr2f4__imp21,nfg,cv,21,2,4,486.9,fitted,20282107,0.04162781891750115,199
deephit__cvr0f2__imp28,deephit,cv,28,0,2,68.6,fitted,20288905,0.0389563624539895,15
nfg__cvr2f3__imp20,nfg,cv,20,2,3,532.9,fitted,20281106,0.037315537165846395,199
nfg__cvr2f1__imp21,nfg,cv,21,2,1,496.6,fitted,20282104,0.0357287684614465,199
deephit__cvr1f3__imp28,deephit,cv,28,1,3,66.9,fitted,20289006,0.03658027178745955,15
deephit__cvr0f3__imp28,deephit,cv,28,0,3,74.4,fitted,20288906,0.04385682725413382,18
deephit__cvr0f4__imp28,deephit,cv,28,0,4,71.2,fitted,20288907,0.04395812816322962,16
nfg__cvr2f2__imp21,nfg,cv,21,2,2,498.8,fitted,20282105,0.039405773534311066,199
deephit__cvr1f4__imp28,deephit,cv,28,1,4,66.4,fitted,20289007,0.03833903678532569,16
deephit__cvr1f2__imp28,deephit,cv,28,1,2,72.7,fitted,20289005,0.04015266308706083,16
nfg__cvr0f1__imp22,nfg,cv,22,0,1,461.8,fitted,20282904,0.038792673344828846,199
nfg__cvr0f0__imp22,nfg,cv,22,0,0,467.6,fitted,20282903,0.03757814058385171,199
deephit__cvr1f1__imp28,deephit,cv,28,1,1,85.2,fitted,20289004,0.041671825334375495,20
nfg__cvr1f3__imp22,nfg,cv,22,1,3,465.3,fitted,20283006,0.03306971876761777,199
deephit__cvr2f4__imp28,deephit,cv,28,2,4,78.8,fitted,20289107,0.04154941092744588,19
deephit__cvr0f1__imp28,deephit,cv,28,0,1,98.0,fitted,20288904,0.04182277365127552,22
deephit__cvr2f0__imp28,deephit,cv,28,2,0,87.4,fitted,20289103,0.0405008331470241,24
deephit__cvr1f0__imp28,deephit,cv,28,1,0,93.3,fitted,20289003,0.03671783400395331,23
deephit__cvr2f1__imp28,deephit,cv,28,2,1,90.2,fitted,20289104,0.03622324083414343,16
nfg__cvr0f3__imp22,nfg,cv,22,0,3,486.5,fitted,20282906,0.03975034816212271,199
nfg__cvr0f4__imp22,nfg,cv,22,0,4,487.4,fitted,20282907,0.03600811914840889,199
nfg__cvr2f2__imp22,nfg,cv,22,2,2,484.3,fitted,20283105,0.03776949440067137,199
nfg__cvr0f2__imp22,nfg,cv,22,0,2,496.0,fitted,20282905,0.0327474206019441,199
deephit__cvr0f2__imp29,deephit,cv,29,0,2,74.3,fitted,20289905,0.04057858590972515,17
deephit__cvr2f2__imp28,deephit,cv,28,2,2,105.5,fitted,20289105,0.04303968897444983,23
deephit__cvr0f4__imp29,deephit,cv,29,0,4,68.9,fitted,20289907,0.042465841098435,15
deephit__cvr0f3__imp29,deephit,cv,29,0,3,75.0,fitted,20289906,0.04321124600988248,19
deephit__cvr2f3__imp28,deephit,cv,28,2,3,107.9,fitted,20289106,0.04607695392446957,21
nfg__cvr2f1__imp22,nfg,cv,22,2,1,492.8,fitted,20283104,0.03925369705788835,199
deephit__cvr0f0__imp29,deephit,cv,29,0,0,82.9,fitted,20289903,0.04127494352517457,19
deephit__cvr1f4__imp29,deephit,cv,29,1,4,66.5,fitted,20290007,0.04013300580493564,16
nfg__cvr0f2__imp23,nfg,cv,23,0,2,449.9,fitted,20283905,0.03417709519030361,199
nfg__cvr0f0__imp23,nfg,cv,23,0,0,460.7,fitted,20283903,0.03903237694883089,199
nfg__cvr0f4__imp23,nfg,cv,23,0,4,447.0,fitted,20283907,0.038402553319399346,199
deephit__cvr0f1__imp29,deephit,cv,29,0,1,84.1,fitted,20289904,0.04195641890078749,18
deephit__cvr1f0__imp29,deephit,cv,29,1,0,75.4,fitted,20290003,0.042676090292640356,20
deephit__cvr1f1__imp29,deephit,cv,29,1,1,76.3,fitted,20290004,0.03931457636491234,18
nfg__cvr2f3__imp23,nfg,cv,23,2,3,434.5,fitted,20284106,0.03522714052594771,199
nfg__cvr2f1__imp23,nfg,cv,23,2,1,438.4,fitted,20284104,0.04068517574477974,199
nfg__cvr0f1__imp23,nfg,cv,23,0,1,464.6,fitted,20283904,0.03326959967247087,199
deephit__cvr2f0__imp29,deephit,cv,29,2,0,74.0,fitted,20290103,0.03870392614818563,18
nfg__cvr1f1__imp23,nfg,cv,23,1,1,455.3,fitted,20284004,0.03692759389492712,199
deephit__cvr1f3__imp29,deephit,cv,29,1,3,84.5,fitted,20290006,0.04561502824332902,21
nfg__cvr1f2__imp23,nfg,cv,23,1,2,457.5,fitted,20284005,0.034600595655634635,199
deephit__cvr2f2__imp29,deephit,cv,29,2,2,76.8,fitted,20290105,0.038603174889469245,17
nfg__cvr0f3__imp24,nfg,cv,24,0,3,396.3,fitted,20284906,0.034225919327533334,199
deephit__cvr2f4__imp29,deephit,cv,29,2,4,74.8,fitted,20290107,0.043820827784058804,17
nfg__cvr2f0__imp23,nfg,cv,23,2,0,448.9,fitted,20284103,0.03592236962745658,199
deephit__cvr1f2__imp29,deephit,cv,29,1,2,90.0,fitted,20290005,0.03826386052787554,21
deephit__cvr2f1__imp29,deephit,cv,29,2,1,89.9,fitted,20290104,0.042407422472231254,19
nfg__cvr2f4__imp23,nfg,cv,23,2,4,451.8,fitted,20284107,0.035722101550956654,199
deephit__cvr2f3__imp29,deephit,cv,29,2,3,88.5,fitted,20290106,0.03784573422285302,22
nfg__cvr0f3__imp23,nfg,cv,23,0,3,483.8,fitted,20283906,0.033787914919862494,199
nfg__cvr2f2__imp23,nfg,cv,23,2,2,463.9,fitted,20284105,0.03681372340612954,199
deephit__cvr0f0__imp30,deephit,cv,30,0,0,69.4,fitted,20290903,0.042797728055435226,18
deephit__temporal__imp2,deephit,temporal,2,-1,-1,24.6,fitted,20262903,0.04454112530839868,21
nfg__cvr1f4__imp22,nfg,cv,22,1,4,555.9,fitted,20283007,0.03707943166083337,199
deephit__temporal__imp1,deephit,temporal,1,-1,-1,29.7,fitted,20261903,0.04549862538640783,20
deephit__cvr2f2__imp30,deephit,cv,30,2,2,61.4,fitted,20291105,0.04422687452818312,17
deephit__cvr2f1__imp30,deephit,cv,30,2,1,61.5,fitted,20291104,0.04259405486816761,17
nfg__cvr1f4__imp23,nfg,cv,23,1,4,497.9,fitted,20284007,0.03912996052519432,199
nfg__cvr2f4__imp24,nfg,cv,24,2,4,403.1,fitted,20285107,0.035134907308552545,199
deephit__cvr0f3__imp30,deephit,cv,30,0,3,79.7,fitted,20290906,0.03668160873977155,15
deephit__temporal__imp4,deephit,temporal,4,-1,-1,25.0,fitted,20264903,0.04193942744573063,19
deephit__cvr2f3__imp30,deephit,cv,30,2,3,75.6,fitted,20291106,0.035479895254180625,19
deephit__cvr1f3__imp30,deephit,cv,30,1,3,80.7,fitted,20291006,0.03883280836695673,20
deephit__cvr0f4__imp30,deephit,cv,30,0,4,84.6,fitted,20290907,0.03726477057309654,21
nfg__cvr0f1__imp24,nfg,cv,24,0,1,457.8,fitted,20284904,0.03394467736888576,199
deephit__temporal__imp5,deephit,temporal,5,-1,-1,24.1,fitted,20265903,0.05121475625900809,21
nfg__cvr0f2__imp24,nfg,cv,24,0,2,462.0,fitted,20284905,0.03999043685352545,199
deephit__cvr1f4__imp30,deephit,cv,30,1,4,89.6,fitted,20291007,0.04123529156870451,18
nfg__cvr1f0__imp24,nfg,cv,24,1,0,456.8,fitted,20285003,0.03725253815367253,199
nfg__cvr1f1__imp24,nfg,cv,24,1,1,455.9,fitted,20285004,0.03734139474602843,199
nfg__cvr1f3__imp24,nfg,cv,24,1,3,451.4,fitted,20285006,0.03613770769101977,199
nfg__cvr1f3__imp23,nfg,cv,23,1,3,527.3,fitted,20284006,0.035311125600183936,199
deephit__cvr0f2__imp30,deephit,cv,30,0,2,103.6,fitted,20290905,0.040571020079586066,17
deephit__temporal__imp7,deephit,temporal,7,-1,-1,23.2,fitted,20267903,0.04776649989595489,17
deephit__temporal__imp6,deephit,temporal,6,-1,-1,36.5,fitted,20266903,0.046542628718116395,26
deephit__cvr2f4__imp30,deephit,cv,30,2,4,98.8,fitted,20291107,0.04137056961784583,24
nfg__cvr0f0__imp24,nfg,cv,24,0,0,487.4,fitted,20284903,0.033355033103487516,199
deephit__temporal__imp8,deephit,temporal,8,-1,-1,26.3,fitted,20268903,0.04375124680430866,24
nfg__cvr1f2__imp24,nfg,cv,24,1,2,471.0,fitted,20285005,0.03799477263856583,199
nfg__cvr1f0__imp23,nfg,cv,23,1,0,547.8,fitted,20284003,0.03188529806452465,199
deephit__temporal__imp9,deephit,temporal,9,-1,-1,24.3,fitted,20269903,0.04453066966174614,23
deephit__cvr0f1__imp30,deephit,cv,30,0,1,122.8,fitted,20290904,0.04466434055522915,25
deephit__temporal__imp3,deephit,temporal,3,-1,-1,70.2,fitted,20263903,0.045594218505607874,21
deephit__temporal__imp11,deephit,temporal,11,-1,-1,21.6,fitted,20271903,0.04291856209028262,19
nfg__cvr2f0__imp24,nfg,cv,24,2,0,456.5,fitted,20285103,0.0398488774858665,199
deephit__temporal__imp14,deephit,temporal,14,-1,-1,21.6,fitted,20274903,0.04205681793262341,15
deephit__cvr1f1__imp30,deephit,cv,30,1,1,120.6,fitted,20291004,0.040774598188339284,23
deephit__cvr2f0__imp30,deephit,cv,30,2,0,118.6,fitted,20291103,0.04056810910366728,21
deephit__cvr1f2__imp30,deephit,cv,30,1,2,123.5,fitted,20291005,0.04157471634165493,21
deephit__temporal__imp16,deephit,temporal,16,-1,-1,20.2,fitted,20276903,0.042181281989469535,21
nfg__cvr2f1__imp24,nfg,cv,24,2,1,465.5,fitted,20285104,0.03721808320087916,199
deephit__temporal__imp10,deephit,temporal,10,-1,-1,41.1,fitted,20270903,0.036706570326235234,23
nfg__cvr0f3__imp25,nfg,cv,25,0,3,430.6,fitted,20285906,0.039717595427822314,199
deephit__temporal__imp13,deephit,temporal,13,-1,-1,36.8,fitted,20273903,0.04332334249352005,22
deephit__cvr1f0__imp30,deephit,cv,30,1,0,136.4,fitted,20291003,0.03909679820671243,29
nfg__cvr2f2__imp24,nfg,cv,24,2,2,471.8,fitted,20285105,0.03693170991105255,199
deephit__temporal__imp17,deephit,temporal,17,-1,-1,26.7,fitted,20277903,0.04311832906339944,16
deephit__temporal__imp15,deephit,temporal,15,-1,-1,34.4,fitted,20275903,0.048324532871647674,21
deephit__temporal__imp19,deephit,temporal,19,-1,-1,21.2,fitted,20279903,0.04394230746962085,16
deephit__temporal__imp20,deephit,temporal,20,-1,-1,17.3,fitted,20280903,0.047240093609788904,16
deephit__temporal__imp12,deephit,temporal,12,-1,-1,45.2,fitted,20272903,0.045371972088690794,22
nfg__cvr1f4__imp24,nfg,cv,24,1,4,484.0,fitted,20285007,0.0354566229420134,199
deephit__temporal__imp18,deephit,temporal,18,-1,-1,33.9,fitted,20278903,0.04649635103328322,23
deephit__temporal__imp23,deephit,temporal,23,-1,-1,23.4,fitted,20283903,0.04641055933844121,16
deephit__temporal__imp21,deephit,temporal,21,-1,-1,29.1,fitted,20281903,0.051482882680034245,16
nfg__cvr1f1__imp25,nfg,cv,25,1,1,444.0,fitted,20286004,0.04094693070781077,199
deephit__temporal__imp25,deephit,temporal,25,-1,-1,24.2,fitted,20285903,0.046961903041052584,19
nfg__cvr2f3__imp24,nfg,cv,24,2,3,492.2,fitted,20285106,0.039250254102949446,199
deephit__temporal__imp26,deephit,temporal,26,-1,-1,22.9,fitted,20286903,0.044289827091070766,18
deephit__temporal__imp22,deephit,temporal,22,-1,-1,34.8,fitted,20282903,0.04585335351349513,17
deephit__temporal__imp24,deephit,temporal,24,-1,-1,29.9,fitted,20284903,0.04228119598453889,26
deephit__temporal__imp27,deephit,temporal,27,-1,-1,25.1,fitted,20287903,0.04252782913404062,19
nfg__cvr1f0__imp26,nfg,cv,26,1,0,377.6,fitted,20287003,0.033880891385946715,149
deephit__temporal__imp29,deephit,temporal,29,-1,-1,20.8,fitted,20289903,0.04639442549755464,15
nfg__cvr0f4__imp24,nfg,cv,24,0,4,536.2,fitted,20284907,0.03521233847276871,199
nfg__cvr0f0__imp25,nfg,cv,25,0,0,472.1,fitted,20285903,0.0361136699795523,199
deephit__temporal__imp28,deephit,temporal,28,-1,-1,29.1,fitted,20288903,0.049889378083856406,21
deephit__temporal__imp30,deephit,temporal,30,-1,-1,23.1,fitted,20290903,0.04586010612711282,21
nfg__cvr1f2__imp25,nfg,cv,25,1,2,456.5,fitted,20286005,0.0356422500381924,199
nfg__cvr2f1__imp25,nfg,cv,25,2,1,437.6,fitted,20286104,0.03739525536056401,199
nfg__cvr0f4__imp25,nfg,cv,25,0,4,470.3,fitted,20285907,0.0382331891937422,199
nfg__temporal__imp19,nfg,temporal,19,-1,-1,65.0,fitted,20279903,0.035983310891885764,64
nfg__temporal__imp4,nfg,temporal,4,-1,-1,125.1,fitted,20264903,0.039019094160576924,121
nfg__cvr2f2__imp25,nfg,cv,25,2,2,447.2,fitted,20286105,0.03407525837491352,199
nfg__cvr2f3__imp25,nfg,cv,25,2,3,448.6,fitted,20286106,0.038096312820988465,199
nfg__cvr2f0__imp25,nfg,cv,25,2,0,455.4,fitted,20286103,0.03668031238462846,199
nfg__cvr2f2__imp26,nfg,cv,26,2,2,406.9,fitted,20287105,0.03368025975259762,199
nfg__cvr2f4__imp25,nfg,cv,25,2,4,461.3,fitted,20286107,0.033829024428633635,199
nfg__cvr0f1__imp25,nfg,cv,25,0,1,505.9,fitted,20285904,0.036878767201555265,199
nfg__cvr0f2__imp25,nfg,cv,25,0,2,510.2,fitted,20285905,0.03612728751724362,199
nfg__temporal__imp1,nfg,temporal,1,-1,-1,181.7,fitted,20261903,0.036074008814020626,199
nfg__cvr1f0__imp25,nfg,cv,25,1,0,506.2,fitted,20286003,0.03442362680291347,199
nfg__cvr0f0__imp26,nfg,cv,26,0,0,440.5,fitted,20286903,0.032871767980289644,199
nfg__cvr2f3__imp26,nfg,cv,26,2,3,422.1,fitted,20287106,0.033843559526061814,199
nfg__cvr1f2__imp26,nfg,cv,26,1,2,436.2,fitted,20287005,0.03743595474590242,199
nfg__cvr0f3__imp26,nfg,cv,26,0,3,448.1,fitted,20286906,0.03786694620898766,199
nfg__temporal__imp3,nfg,temporal,3,-1,-1,190.0,fitted,20263903,0.0388463523872681,199
nfg__cvr1f3__imp26,nfg,cv,26,1,3,443.6,fitted,20287006,0.039576189272155636,199
nfg__cvr0f4__imp26,nfg,cv,26,0,4,446.5,fitted,20286907,0.033485948096959005,199
nfg__cvr2f0__imp26,nfg,cv,26,2,0,441.3,fitted,20287103,0.035972741477564046,199
nfg__cvr1f4__imp25,nfg,cv,25,1,4,519.6,fitted,20286007,0.03417350441578364,199
nfg__cvr0f2__imp26,nfg,cv,26,0,2,470.6,fitted,20286905,0.032454143394205257,199
nfg__temporal__imp5,nfg,temporal,5,-1,-1,187.9,fitted,20265903,0.04785123016985492,199
nfg__temporal__imp8,nfg,temporal,8,-1,-1,173.2,fitted,20268903,0.045244759509180714,199
nfg__temporal__imp7,nfg,temporal,7,-1,-1,177.5,fitted,20267903,0.04463104615215807,199
nfg__cvr0f1__imp26,nfg,cv,26,0,1,482.6,fitted,20286904,0.036948420156948915,199
nfg__temporal__imp2,nfg,temporal,2,-1,-1,222.7,fitted,20262903,0.04705687740421177,199
nfg__temporal__imp13,nfg,temporal,13,-1,-1,167.3,fitted,20273903,0.04307144608571493,199
nfg__temporal__imp9,nfg,temporal,9,-1,-1,177.4,fitted,20269903,0.0412914018954795,199
nfg__temporal__imp15,nfg,temporal,15,-1,-1,162.7,fitted,20275903,0.0366724498539622,199
nfg__temporal__imp10,nfg,temporal,10,-1,-1,177.8,fitted,20270903,0.040629667567191705,199
nfg__cvr1f4__imp26,nfg,cv,26,1,4,476.4,fitted,20287007,0.03515516307770441,199
nfg__temporal__imp6,nfg,temporal,6,-1,-1,192.9,fitted,20266903,0.04480294997067423,199
nfg__cvr0f1__imp27,nfg,cv,27,0,1,421.3,fitted,20287904,0.03683223109820754,199
nfg__cvr1f1__imp26,nfg,cv,26,1,1,481.4,fitted,20287004,0.036764816895941146,199
nfg__temporal__imp11,nfg,temporal,11,-1,-1,175.7,fitted,20271903,0.043971692773676026,199
nfg__cvr1f1__imp27,nfg,cv,27,1,1,405.9,fitted,20288004,0.03466126678693123,199
nfg__cvr2f4__imp26,nfg,cv,26,2,4,468.7,fitted,20287107,0.03867841616172289,199
nfg__cvr0f4__imp27,nfg,cv,27,0,4,416.4,fitted,20287907,0.034415667289787295,199
nfg__temporal__imp12,nfg,temporal,12,-1,-1,181.4,fitted,20272903,0.04171121897440731,199
nfg__temporal__imp17,nfg,temporal,17,-1,-1,166.2,fitted,20277903,0.04727142102245755,199
nfg__temporal__imp14,nfg,temporal,14,-1,-1,178.6,fitted,20274903,0.04415833943903044,199
nfg__cvr2f4__imp27,nfg,cv,27,2,4,405.6,fitted,20288107,0.03542343826785488,199
nfg__cvr2f2__imp27,nfg,cv,27,2,2,413.5,fitted,20288105,0.03993176640149853,199
nfg__temporal__imp16,nfg,temporal,16,-1,-1,176.0,fitted,20276903,0.05010515287350916,199
nfg__temporal__imp18,nfg,temporal,18,-1,-1,174.3,fitted,20278903,0.037496593076023606,199
nfg__cvr0f2__imp27,nfg,cv,27,0,2,435.0,fitted,20287905,0.03704366848450246,199
nfg__cvr1f4__imp27,nfg,cv,27,1,4,417.9,fitted,20288007,0.04413633094094353,199
nfg__cvr2f1__imp26,nfg,cv,26,2,1,492.3,fitted,20287104,0.03237536106842285,199
nfg__cvr2f3__imp27,nfg,cv,27,2,3,419.6,fitted,20288106,0.03738615995290224,199
nfg__temporal__imp21,nfg,temporal,21,-1,-1,168.9,fitted,20281903,0.04152665794924727,199
nfg__temporal__imp24,nfg,temporal,24,-1,-1,162.1,fitted,20284903,0.03825497932079807,199
nfg__temporal__imp20,nfg,temporal,20,-1,-1,169.6,fitted,20280903,0.04003075560506326,199
nfg__temporal__imp26,nfg,temporal,26,-1,-1,160.5,fitted,20286903,0.03966095147159684,199
nfg__cvr1f3__imp27,nfg,cv,27,1,3,427.7,fitted,20288006,0.04425861938047909,199
nfg__temporal__imp23,nfg,temporal,23,-1,-1,168.5,fitted,20283903,0.04329829708583354,199
nfg__temporal__imp25,nfg,temporal,25,-1,-1,165.8,fitted,20285903,0.03772267572519407,199
nfg__cvr2f4__imp28,nfg,cv,28,2,4,380.8,fitted,20289107,0.033930902338348314,199
nfg__cvr0f3__imp27,nfg,cv,27,0,3,445.9,fitted,20287906,0.03911886811372096,199
nfg__temporal__imp22,nfg,temporal,22,-1,-1,176.6,fitted,20282903,0.04642889445257756,199
nfg__cvr1f4__imp28,nfg,cv,28,1,4,396.9,fitted,20289007,0.03727906100164616,199
nfg__cvr2f1__imp27,nfg,cv,27,2,1,434.0,fitted,20288104,0.03553570040284222,199
nfg__temporal__imp27,nfg,temporal,27,-1,-1,163.1,fitted,20287903,0.041494499158315754,199
nfg__temporal__imp29,nfg,temporal,29,-1,-1,154.0,fitted,20289903,0.04749855072412867,199
nfg__temporal__imp30,nfg,temporal,30,-1,-1,151.9,fitted,20290903,0.039171404351385615,199
nfg__temporal__imp28,nfg,temporal,28,-1,-1,162.6,fitted,20288903,0.04168827963158217,199
nfg__cvr1f3__imp28,nfg,cv,28,1,3,405.1,fitted,20289006,0.038590030690015556,199
nfg__cvr0f3__imp28,nfg,cv,28,0,3,409.9,fitted,20288906,0.033740415310358686,199
nfg__cvr0f1__imp28,nfg,cv,28,0,1,415.2,fitted,20288904,0.03581499504430755,199
nfg__cvr2f0__imp27,nfg,cv,27,2,0,441.6,fitted,20288103,0.03809039654194314,199
nfg__cvr1f0__imp28,nfg,cv,28,1,0,412.4,fitted,20289003,0.034740928023666025,199
nfg__cvr1f0__imp27,nfg,cv,27,1,0,451.8,fitted,20288003,0.034275194685490416,199
nfg__cvr0f0__imp28,nfg,cv,28,0,0,420.4,fitted,20288903,0.03631760398366411,199
nfg__cvr2f3__imp28,nfg,cv,28,2,3,398.3,fitted,20289106,0.03489169987896753,199
nfg__cvr0f2__imp28,nfg,cv,28,0,2,420.6,fitted,20288905,0.037943846421929724,199
nfg__cvr2f1__imp28,nfg,cv,28,2,1,410.9,fitted,20289104,0.03460622447757317,199
nfg__cvr1f2__imp28,nfg,cv,28,1,2,421.1,fitted,20289005,0.0369445695983718,199
nfg__cvr0f1__imp29,nfg,cv,29,0,1,373.7,fitted,20289904,0.03691637217453941,199
nfg__cvr1f1__imp28,nfg,cv,28,1,1,426.9,fitted,20289004,0.03898328146118723,199
nfg__cvr2f2__imp28,nfg,cv,28,2,2,416.4,fitted,20289105,0.04430652931485664,199
nfg__cvr0f2__imp29,nfg,cv,29,0,2,380.0,fitted,20289905,0.03839354215703606,199
nfg__cvr0f0__imp27,nfg,cv,27,0,0,488.4,fitted,20287903,0.030203723354222077,199
nfg__cvr2f1__imp29,nfg,cv,29,2,1,360.5,fitted,20290104,0.03233296304809243,199
nfg__cvr1f2__imp27,nfg,cv,27,1,2,464.2,fitted,20288005,0.03797242537363852,199
nfg__cvr0f4__imp28,nfg,cv,28,0,4,438.5,fitted,20288907,0.03461742001681119,199
nfg__cvr2f0__imp28,nfg,cv,28,2,0,433.4,fitted,20289103,0.03356531860225141,199
nfg__cvr0f3__imp29,nfg,cv,29,0,3,390.7,fitted,20289906,0.035125452371324445,199
nfg__cvr1f0__imp29,nfg,cv,29,1,0,390.2,fitted,20290003,0.03662613274571655,199
nfg__cvr2f0__imp29,nfg,cv,29,2,0,379.5,fitted,20290103,0.041624129452579525,199
nfg__cvr1f2__imp29,nfg,cv,29,1,2,390.3,fitted,20290005,0.03483422555573312,199
nfg__cvr2f4__imp29,nfg,cv,29,2,4,376.9,fitted,20290107,0.039282908296586164,199
nfg__cvr1f4__imp29,nfg,cv,29,1,4,385.0,fitted,20290007,0.032728636194187644,199
nfg__cvr0f4__imp29,nfg,cv,29,0,4,404.4,fitted,20289907,0.034856035201171455,199
nfg__cvr1f3__imp29,nfg,cv,29,1,3,396.4,fitted,20290006,0.036322526874220384,199
nfg__cvr2f3__imp29,nfg,cv,29,2,3,386.9,fitted,20290106,0.03844859838593926,199
nfg__cvr2f2__imp29,nfg,cv,29,2,2,390.8,fitted,20290105,0.03452324150447351,199
nfg__cvr0f1__imp30,nfg,cv,30,0,1,361.0,fitted,20290904,0.03899829925960913,199
nfg__cvr1f3__imp30,nfg,cv,30,1,3,349.4,fitted,20291006,0.04048845336950947,199
nfg__cvr0f3__imp30,nfg,cv,30,0,3,354.2,fitted,20290906,0.03907566559789044,199
nfg__cvr2f1__imp30,nfg,cv,30,2,1,348.7,fitted,20291104,0.03563023494021869,199
nfg__cvr0f4__imp30,nfg,cv,30,0,4,358.1,fitted,20290907,0.03806024170596881,199
nfg__cvr1f4__imp30,nfg,cv,30,1,4,359.3,fitted,20291007,0.035419062352211456,199
nfg__cvr1f1__imp29,nfg,cv,29,1,1,421.1,fitted,20290004,0.038680139692435576,199
nfg__cvr2f4__imp30,nfg,cv,30,2,4,356.8,fitted,20291107,0.037231537724340305,199
nfg__cvr1f1__imp30,nfg,cv,30,1,1,368.5,fitted,20291004,0.04044558280140601,199
nfg__cvr2f3__imp30,nfg,cv,30,2,3,361.6,fitted,20291106,0.043218246877415115,199
nfg__cvr1f0__imp30,nfg,cv,30,1,0,370.3,fitted,20291003,0.03197605764580623,199
nfg__cvr0f2__imp30,nfg,cv,30,0,2,375.7,fitted,20290905,0.03399612733213576,199
nfg__cvr0f0__imp29,nfg,cv,29,0,0,439.1,fitted,20289903,0.039893328129991516,199
nfg__cvr1f2__imp30,nfg,cv,30,1,2,373.9,fitted,20291005,0.03789188722552352,199
nfg__cvr2f0__imp30,nfg,cv,30,2,0,371.8,fitted,20291103,0.03635665689407803,199
nfg__cvr2f2__imp30,nfg,cv,30,2,2,371.2,fitted,20291105,0.03645808056449433,199
nfg__cvr0f0__imp30,nfg,cv,30,0,0,393.4,fitted,20290903,0.03373382172018161,199
