panel,layer,model,family,x,y,lo,hi,flag_sparse,n,n_events,at_risk_fraction,split,horizon_y
A,smooth,cox_naive,naive,0.0008155414234227,5.628216138401735e-07,,,False,,,,cv,10
A,smooth,cox_naive,naive,0.0009852649363412,1.0893750520534084e-06,,,False,,,,cv,10
A,smooth,cox_naive,naive,0.0011275848219777,1.764543510916915e-06,,,False,,,,cv,10
A,smooth,cox_naive,naive,0.0012676789530761,2.686336654034172e-06,,,False,,,,cv,10
A,smooth,cox_naive,naive,0.0014038574417354,3.869470922891595e-06,,,False,,,,cv,10
A,smooth,cox_naive,naive,0.0015439492111921,5.438922834007561e-06,,,False,,,,cv,10
A,smooth,cox_naive,naive,0.0016786916403196,7.343153790074898e-06,,,False,,,,cv,10
A,smooth,cox_naive,naive,0.0018090825629337,9.615219602000637e-06,,,False,,,,cv,10
A,smooth,cox_naive,naive,0.0019404207382166,1.2394424722770056e-05,,,False,,,,cv,10
A,smooth,cox_naive,naive,0.0020709292880143,1.5684684684296673e-05,,,False,,,,cv,10
A,smooth,cox_naive,naive,0.0022022816005922,1.9583568063913988e-05,,,False,,,,cv,10
A,smooth,cox_naive,naive,0.0023442447179803,2.4555696004850228e-05,,,False,,,,cv,10
A,smooth,cox_naive,naive,0.0024898661252751,3.053482208399158e-05,,,False,,,,cv,10
A,smooth,cox_naive,naive,0.0026429304048619,3.7875955152803326e-05,,,False,,,,cv,10
A,smooth,cox_naive,naive,0.0027925443105813,4.620004455566651e-05,,,False,,,,cv,10
A,smooth,cox_naive,naive,0.0029502256085422,5.627468246904361e-05,,,False,,,,cv,10
A,smooth,cox_naive,naive,0.0031129587889255,6.831039709271532e-05,,,False,,,,cv,10
A,smooth,cox_naive,naive,0.0032768722407827,8.20511729184576e-05,,,False,,,,cv,10
A,smooth,cox_naive,naive,0.003441953411625,9.774623576356156e-05,,,False,,,,cv,10
A,smooth,cox_naive,naive,0.0036126496576745,0.0001160081402871,,,False,,,,cv,10
A,smooth,cox_naive,naive,0.0037925406095273,0.0001378354814277,,,False,,,,cv,10
A,smooth,cox_naive,naive,0.0039790288856906,0.0001632602454538,,,False,,,,cv,10
A,smooth,cox_naive,naive,0.0041746273081568,0.000193165151061,,,False,,,,cv,10
A,smooth,cox_naive,naive,0.004383371646982,0.0002288019920804,,,False,,,,cv,10
A,smooth,cox_naive,naive,0.0046006847785194,0.0002704671731467,,,False,,,,cv,10
A,smooth,cox_naive,naive,0.0048179684672579,0.0003167862012416,,,False,,,,cv,10
A,smooth,cox_naive,naive,0.0050396832196779,0.0003691936477054,,,False,,,,cv,10
A,smooth,cox_naive,naive,0.0052792906202039,0.0004318923815889,,,False,,,,cv,10
A,smooth,cox_naive,naive,0.0055379834207994,0.0005068786153865,,,False,,,,cv,10
A,smooth,cox_naive,naive,0.005806047081708,0.0005927942770254,,,False,,,,cv,10
A,smooth,cox_naive,naive,0.006090983182184,0.0006937711573103,,,False,,,,cv,10
A,smooth,cox_naive,naive,0.0063809193528426,0.0008071494481728,,,False,,,,cv,10
A,smooth,cox_naive,naive,0.0066787625485862,0.0009346490275096,,,False,,,,cv,10
A,smooth,cox_naive,naive,0.0069879062975705,0.0010790613736633,,,False,,,,cv,10
A,smooth,cox_naive,naive,0.0073190753402016,0.00124778043725,,,False,,,,cv,10
A,smooth,cox_naive,naive,0.0076864418354822,0.0014516093725612,,,False,,,,cv,10
A,smooth,cox_naive,naive,0.0080621117978867,0.0016792372801547,,,False,,,,cv,10
A,smooth,cox_naive,naive,0.0084363844263126,0.0019245340509949,,,False,,,,cv,10
A,smooth,cox_naive,naive,0.0088317868687494,0.0022040516623552,,,False,,,,cv,10
A,smooth,cox_naive,naive,0.0092593808199307,0.002529694407914,,,False,,,,cv,10
A,smooth,cox_naive,naive,0.0096960207710557,0.0028860050211443,,,False,,,,cv,10
A,smooth,cox_naive,naive,0.0101603618456228,0.0032920234903205,,,False,,,,cv,10
A,smooth,cox_naive,naive,0.0106569779685839,0.0037548357427132,,,False,,,,cv,10
A,smooth,cox_naive,naive,0.0111933580884548,0.0042873912127752,,,False,,,,cv,10
A,smooth,cox_naive,naive,0.0117819103317251,0.0049076602095322,,,False,,,,cv,10
A,smooth,cox_naive,naive,0.0123829270288859,0.0055782537627055,,,False,,,,cv,10
A,smooth,cox_naive,naive,0.013022666192627,0.0063295282540835,,,False,,,,cv,10
A,smooth,cox_naive,naive,0.0137117528615077,0.0071784384864562,,,False,,,,cv,10
A,smooth,cox_naive,naive,0.0144224300919326,0.0080907837912271,,,False,,,,cv,10
A,smooth,cox_naive,naive,0.0151486596723295,0.0090568365647393,,,False,,,,cv,10
A,smooth,cox_naive,naive,0.0159221856279901,0.0101168319913563,,,False,,,,cv,10
A,smooth,cox_naive,naive,0.0167311974579378,0.0112539378493851,,,False,,,,cv,10
A,smooth,cox_naive,naive,0.0176051866662954,0.0125089377684278,,,False,,,,cv,10
A,smooth,cox_naive,naive,0.0185304545085302,0.0138612817768941,,,False,,,,cv,10
A,smooth,cox_naive,naive,0.0194748192286325,0.0152603310916353,,,False,,,,cv,10
A,smooth,cox_naive,naive,0.0204445984215843,0.0167105886782453,,,False,,,,cv,10
A,smooth,cox_naive,naive,0.0214562565740655,0.0182323470383622,,,False,,,,cv,10
A,smooth,cox_naive,naive,0.022528903559073,0.0198498264299883,,,False,,,,cv,10
A,smooth,cox_naive,naive,0.0236488402028731,0.0215374284638898,,,False,,,,cv,10
A,smooth,cox_naive,naive,0.0248012883893038,0.0232675008152176,,,False,,,,cv,10
A,smooth,cox_naive,naive,0.0260285443338868,0.0250968880528473,,,False,,,,cv,10
A,smooth,cox_naive,naive,0.0272911964643451,0.0269605123494431,,,False,,,,cv,10
A,smooth,cox_naive,naive,0.0286691978949286,0.0289693016272384,,,False,,,,cv,10
A,smooth,cox_naive,naive,0.0300459129588268,0.030945836856619,,,False,,,,cv,10
A,smooth,cox_naive,naive,0.0315486044632062,0.0330647427481674,,,False,,,,cv,10
A,smooth,cox_naive,naive,0.0331160550179615,0.0352309056617441,,,False,,,,cv,10
A,smooth,cox_naive,naive,0.0347329530245126,0.0374158527404251,,,False,,,,cv,10
A,smooth,cox_naive,naive,0.0364624859213277,0.0396952737110975,,,False,,,,cv,10
A,smooth,cox_naive,naive,0.0382961988944254,0.0420471412499693,,,False,,,,cv,10
A,smooth,cox_naive,naive,0.0402577058714332,0.0444892831731039,,,False,,,,cv,10
A,smooth,cox_naive,naive,0.0423250607994776,0.0469843604845086,,,False,,,,cv,10
A,smooth,cox_naive,naive,0.0444044027235081,0.0494127344548003,,,False,,,,cv,10
A,smooth,cox_naive,naive,0.0466067707128071,0.0518983698293931,,,False,,,,cv,10
A,smooth,cox_naive,naive,0.0488850113453481,0.0543836634347463,,,False,,,,cv,10
A,smooth,cox_naive,naive,0.051324162081724,0.0569508387466774,,,False,,,,cv,10
A,smooth,cox_naive,naive,0.0539513672770795,0.0596161936634748,,,False,,,,cv,10
A,smooth,cox_naive,naive,0.0566999477328394,0.0622999392161651,,,False,,,,cv,10
A,smooth,cox_naive,naive,0.0595385933298538,0.0649658046194948,,,False,,,,cv,10
A,smooth,cox_naive,naive,0.0625120366301266,0.0676542906712227,,,False,,,,cv,10
A,smooth,cox_naive,naive,0.0657120235260855,0.0704387977653779,,,False,,,,cv,10
A,smooth,cox_naive,naive,0.0691434096742192,0.0733108104433859,,,False,,,,cv,10
A,smooth,cox_naive,naive,0.0728544882283318,0.0762972337576077,,,False,,,,cv,10
A,smooth,cox_naive,naive,0.0768526770243141,0.0793907770209173,,,False,,,,cv,10
A,smooth,cox_naive,naive,0.0810069089475654,0.0824859484862988,,,False,,,,cv,10
A,smooth,cox_naive,naive,0.0855307967239643,0.0857352484176893,,,False,,,,cv,10
A,smooth,cox_naive,naive,0.0903931620013869,0.0891064399682205,,,False,,,,cv,10
A,smooth,cox_naive,naive,0.0957568156734595,0.0927010707763284,,,False,,,,cv,10
A,smooth,cox_naive,naive,0.1016111323769268,0.0965012829463253,,,False,,,,cv,10
A,smooth,cox_naive,naive,0.1077653750030669,0.1003830925105797,,,False,,,,cv,10
A,smooth,cox_naive,naive,0.1144774439888524,0.104513057073646,,,False,,,,cv,10
A,smooth,cox_naive,naive,0.1219102695670131,0.1089900578740797,,,False,,,,cv,10
A,smooth,cox_naive,naive,0.1301238819014895,0.1138412845122577,,,False,,,,cv,10
A,smooth,cox_naive,naive,0.1399444362367483,0.1195236363408656,,,False,,,,cv,10
A,smooth,cox_naive,naive,0.1513541091024569,0.1259806435586503,,,False,,,,cv,10
A,smooth,cox_naive,naive,0.1644999438226757,0.1332513802879802,,,False,,,,cv,10
A,smooth,cox_naive,naive,0.1810094968482128,0.1421586035073604,,,False,,,,cv,10
A,smooth,cox_naive,naive,0.2022397045247646,0.1533034112028561,,,False,,,,cv,10
A,smooth,cox_naive,naive,0.2315046387453855,0.1682045712565718,,,False,,,,cv,10
A,decile,cox_naive,naive,0.001462252686028,0.0013931225187569,0.0002269298980455,0.0028352263830449,True,4115.0,4.266666666666667,0.545594707708924,cv,10
A,decile,cox_naive,naive,0.00288665175016,0.002918139860327,0.0011837327202377,0.0049672636519007,True,4115.0,9.066666666666666,0.5212150668286756,cv,10
A,decile,cox_naive,naive,0.0047416906133053,0.0051305558153998,0.0027711592489912,0.0077834124193258,False,4115.766666666666,16.155555555555555,0.5331476161218022,cv,10
A,decile,cox_naive,naive,0.0075741083777555,0.0075627969966307,0.004760114897829,0.0106557155073136,False,4114.233333333334,25.122222222222224,0.5422098287112159,cv,10
A,decile,cox_naive,naive,0.0122186871940292,0.0123301490785874,0.0085754850261072,0.0164266473449283,False,4115.0,37.95555555555556,0.5343620899149454,cv,10
A,decile,cox_naive,naive,0.0201164027560173,0.0158691106177509,0.0115868968122016,0.020425742017646,False,4115.822222222222,49.833333333333336,0.532055158077426,cv,10
A,decile,cox_naive,naive,0.0326500615161279,0.0289851069562599,0.023083052816186,0.0351690070289632,False,4115.011111111111,88.77777777777777,0.5239705063725879,cv,10
A,decile,cox_naive,naive,0.0532012748763775,0.0524525462930884,0.044567977353963,0.0606552366137502,False,4114.166666666667,158.93333333333334,0.5611262041142938,cv,10
A,decile,cox_naive,naive,0.0895462744652826,0.0813951618633967,0.0717580964889566,0.091318858163396,False,4115.0,247.4333333333333,0.5851599837991089,cv,10
A,decile,cox_naive,naive,0.2010207334447716,0.1618986234782539,0.1490075589236744,0.1751085047653873,False,4116.0,518.4555555555555,0.6466472303206997,cv,10
A,smooth,csc_cox,competing,0.0008133343642568,1.3079245530784384e-05,,,False,,,,cv,10
A,smooth,csc_cox,competing,0.0009823054439157,2.087303073074044e-05,,,False,,,,cv,10
A,smooth,csc_cox,competing,0.0011239101139168,2.9282527297125328e-05,,,False,,,,cv,10
A,smooth,csc_cox,competing,0.0012631381125458,3.930549088708836e-05,,,False,,,,cv,10
A,smooth,csc_cox,competing,0.0013984385573832,5.07694069552373e-05,,,False,,,,cv,10
A,smooth,csc_cox,competing,0.0015375310072645,6.444992464762982e-05,,,False,,,,cv,10
A,smooth,csc_cox,competing,0.0016713954585651,7.953105729247135e-05,,,False,,,,cv,10
A,smooth,csc_cox,competing,0.001800629209104,9.60176812578712e-05,,,False,,,,cv,10
A,smooth,csc_cox,competing,0.0019307529035299,0.0001145985113085,,,False,,,,cv,10
A,smooth,csc_cox,competing,0.0020601793162401,0.0001350780735018,,,False,,,,cv,10
A,smooth,csc_cox,competing,0.002190276054372,0.0001577392112305,,,False,,,,cv,10
A,smooth,csc_cox,competing,0.0023308570788896,0.0001847021231535,,,False,,,,cv,10
A,smooth,csc_cox,competing,0.0024751644097456,0.0002150292586914,,,False,,,,cv,10
A,smooth,csc_cox,competing,0.0026263718351567,0.0002498243746669,,,False,,,,cv,10
A,smooth,csc_cox,competing,0.0027743458627037,0.0002869609545955,,,False,,,,cv,10
A,smooth,csc_cox,competing,0.0029299864143204,0.000329257662056,,,False,,,,cv,10
A,smooth,csc_cox,competing,0.0030905131421817,0.0003767243380481,,,False,,,,cv,10
A,smooth,csc_cox,competing,0.003252322633921,0.000428107028739,,,False,,,,cv,10
A,smooth,csc_cox,competing,0.0034148470167521,0.0004835574665254,,,False,,,,cv,10
A,smooth,csc_cox,competing,0.0035833658322235,0.0005450808012093,,,False,,,,cv,10
A,smooth,csc_cox,competing,0.0037602740914595,0.0006145074340093,,,False,,,,cv,10
A,smooth,csc_cox,competing,0.0039437529290024,0.0006914106193347,,,False,,,,cv,10
A,smooth,csc_cox,competing,0.0041366441019782,0.000777637091213,,,False,,,,cv,10
A,smooth,csc_cox,competing,0.0043420965212948,0.0008754546413025,,,False,,,,cv,10
A,smooth,csc_cox,competing,0.0045552634396918,0.0009837273242286,,,False,,,,cv,10
A,smooth,csc_cox,competing,0.00476832837407,0.0010985636969707,,,False,,,,cv,10
A,smooth,csc_cox,competing,0.0049860967889446,0.0012228881771733,,,False,,,,cv,10
A,smooth,csc_cox,competing,0.0052213397750047,0.0013651249289752,,,False,,,,cv,10
A,smooth,csc_cox,competing,0.0054745646815429,0.0015270073404469,,,False,,,,cv,10
A,smooth,csc_cox,competing,0.0057373233760725,0.0017046304054383,,,False,,,,cv,10
A,smooth,csc_cox,competing,0.0060155338607884,0.0019034234971724,,,False,,,,cv,10
A,smooth,csc_cox,competing,0.0062988510806116,0.0021169424510658,,,False,,,,cv,10
A,smooth,csc_cox,competing,0.0065899830048418,0.0023472877839534,,,False,,,,cv,10
A,smooth,csc_cox,competing,0.006890785271713,0.0025968799681897,,,False,,,,cv,10
A,smooth,csc_cox,competing,0.0072127720931031,0.0028767140813875,,,False,,,,cv,10
A,smooth,csc_cox,competing,0.0075702626955542,0.0032019146924546,,,False,,,,cv,10
A,smooth,csc_cox,competing,0.0079364102870348,0.0035508401106991,,,False,,,,cv,10
A,smooth,csc_cox,competing,0.0082991111460654,0.0039109678223027,,,False,,,,cv,10
A,smooth,csc_cox,competing,0.0086839041036246,0.0043083858319002,,,False,,,,cv,10
A,smooth,csc_cox,competing,0.0090968278917711,0.0047515157226266,,,False,,,,cv,10
A,smooth,csc_cox,competing,0.0095195264827973,0.005221376744386,,,False,,,,cv,10
A,smooth,csc_cox,competing,0.009967891478046,0.0057373099785955,,,False,,,,cv,10
A,smooth,csc_cox,competing,0.0104465180945594,0.0063056866719949,,,False,,,,cv,10
A,smooth,csc_cox,competing,0.0109610345809108,0.0069357303096941,,,False,,,,cv,10
A,smooth,csc_cox,competing,0.0115288359655103,0.0076512286073902,,,False,,,,cv,10
A,smooth,csc_cox,competing,0.0121072227266855,0.0083995580124041,,,False,,,,cv,10
A,smooth,csc_cox,competing,0.0127208585256085,0.0092120597185762,,,False,,,,cv,10
A,smooth,csc_cox,competing,0.0133771109357696,0.0100989808410237,,,False,,,,cv,10
A,smooth,csc_cox,competing,0.0140528064238801,0.0110276817591348,,,False,,,,cv,10
A,smooth,csc_cox,competing,0.0147513997369887,0.0120010040283826,,,False,,,,cv,10
A,smooth,csc_cox,competing,0.0154868654921506,0.0130361240193235,,,False,,,,cv,10
A,smooth,csc_cox,competing,0.0162600845103455,0.0141326160043885,,,False,,,,cv,10
A,smooth,csc_cox,competing,0.0170821279998984,0.0153043262872396,,,False,,,,cv,10
A,smooth,csc_cox,competing,0.0179575512350663,0.0165563311951546,,,False,,,,cv,10
A,smooth,csc_cox,competing,0.0188450629136653,0.0178271292491145,,,False,,,,cv,10
A,smooth,csc_cox,competing,0.0197649377574863,0.0191433628167335,,,False,,,,cv,10
A,smooth,csc_cox,competing,0.0207149824547104,0.020499592918995,,,False,,,,cv,10
A,smooth,csc_cox,competing,0.021711246317917,0.0219159171062419,,,False,,,,cv,10
A,smooth,csc_cox,competing,0.02274860300321,0.0233828070925855,,,False,,,,cv,10
A,smooth,csc_cox,competing,0.0238251270515219,0.0248942762923808,,,False,,,,cv,10
A,smooth,csc_cox,competing,0.0249661979474575,0.0264826545967789,,,False,,,,cv,10
A,smooth,csc_cox,competing,0.0261243938691068,0.0280794638292689,,,False,,,,cv,10
A,smooth,csc_cox,competing,0.0273997484918087,0.0298190510771287,,,False,,,,cv,10
A,smooth,csc_cox,competing,0.028685509423484,0.0315516134332432,,,False,,,,cv,10
A,smooth,csc_cox,competing,0.0300530792211896,0.0333700260449074,,,False,,,,cv,10
A,smooth,csc_cox,competing,0.031484135953147,0.0352464404372536,,,False,,,,cv,10
A,smooth,csc_cox,competing,0.0329596679505313,0.0371524176149444,,,False,,,,cv,10
A,smooth,csc_cox,competing,0.0345123213274106,0.0391264085305482,,,False,,,,cv,10
A,smooth,csc_cox,competing,0.0361906259289013,0.0412246334112911,,,False,,,,cv,10
A,smooth,csc_cox,competing,0.037951567967762,0.04338745577838,,,False,,,,cv,10
A,smooth,csc_cox,competing,0.0397935250915157,0.0456094621866114,,,False,,,,cv,10
A,smooth,csc_cox,competing,0.0416775075869716,0.0478399996242419,,,False,,,,cv,10
A,smooth,csc_cox,competing,0.0436175128963576,0.0500935121710546,,,False,,,,cv,10
A,smooth,csc_cox,competing,0.045598261687431,0.0523532382523723,,,False,,,,cv,10
A,smooth,csc_cox,competing,0.0477439664818396,0.0547556982905755,,,False,,,,cv,10
A,smooth,csc_cox,competing,0.0500411888379279,0.0572795750503813,,,False,,,,cv,10
A,smooth,csc_cox,competing,0.0524004209410708,0.0598213905133672,,,False,,,,cv,10
A,smooth,csc_cox,competing,0.0548557232731074,0.0624161545359037,,,False,,,,cv,10
A,smooth,csc_cox,competing,0.0574303457140537,0.065086485095338,,,False,,,,cv,10
A,smooth,csc_cox,competing,0.0601087468444116,0.0678138813324737,,,False,,,,cv,10
A,smooth,csc_cox,competing,0.0630286352000199,0.0707324861030394,,,False,,,,cv,10
A,smooth,csc_cox,competing,0.0661216583685391,0.0737678154643414,,,False,,,,cv,10
A,smooth,csc_cox,competing,0.0693929167789039,0.0769207678398015,,,False,,,,cv,10
A,smooth,csc_cox,competing,0.0728906221174208,0.0802336771054683,,,False,,,,cv,10
A,smooth,csc_cox,competing,0.0766376757686268,0.0837235282933686,,,False,,,,cv,10
A,smooth,csc_cox,competing,0.0806035643379514,0.0873578237877939,,,False,,,,cv,10
A,smooth,csc_cox,competing,0.0849212774069385,0.0912546402960385,,,False,,,,cv,10
A,smooth,csc_cox,competing,0.0895305212471737,0.0953552432519277,,,False,,,,cv,10
A,smooth,csc_cox,competing,0.0943770592087068,0.0996112486290129,,,False,,,,cv,10
A,smooth,csc_cox,competing,0.0995526208317806,0.104104711956452,,,False,,,,cv,10
A,smooth,csc_cox,competing,0.1054030783225506,0.109133270542501,,,False,,,,cv,10
A,smooth,csc_cox,competing,0.1119942221317021,0.1147428824962058,,,False,,,,cv,10
A,smooth,csc_cox,competing,0.1193604651198457,0.1209493166779014,,,False,,,,cv,10
A,smooth,csc_cox,competing,0.127733866249359,0.1279288388820556,,,False,,,,cv,10
A,smooth,csc_cox,competing,0.1373795758890675,0.135879682675802,,,False,,,,cv,10
A,smooth,csc_cox,competing,0.149177169689906,0.1454871079652871,,,False,,,,cv,10
A,smooth,csc_cox,competing,0.1641066273577642,0.1574801103687011,,,False,,,,cv,10
A,smooth,csc_cox,competing,0.1837360653778557,0.1730082245455005,,,False,,,,cv,10
A,decile,csc_cox,competing,0.0014561010489934,0.0013931177701344,0.0002237696420327,0.0028290740324386,True,4115.0,4.266666666666667,0.5456001080059403,cv,10
A,decile,csc_cox,competing,0.0028668403748348,0.0029181493614726,0.0011691593982373,0.00497749046718,True,4115.0,9.066666666666666,0.5212717699473471,cv,10
A,decile,csc_cox,competing,0.0046931340133157,0.0051124741834573,0.0027639407432851,0.0077692178488979,False,4115.7444444444445,16.1,0.5332476915239084,cv,10
A,decile,csc_cox,competing,0.0074601952688448,0.007567923297045,0.0047508970236036,0.0106835725417813,False,4114.255555555556,25.14444444444445,0.5422312284054573,cv,10
A,decile,csc_cox,competing,0.0119441503425985,0.0124076198529239,0.0085894752959382,0.0165007017808276,False,4115.0,38.16666666666666,0.534162278925341,cv,10
A,decile,csc_cox,competing,0.0194411911210744,0.0157824577148475,0.0115107806055804,0.0203394778060646,False,4115.833333333333,49.65555555555556,0.5323237047716926,cv,10
A,decile,csc_cox,competing,0.031035685773,0.0287436207169145,0.0229176489445991,0.0348990486936469,False,4114.988888888889,87.95555555555555,0.5235628450354947,cv,10
A,decile,csc_cox,competing,0.0493283848652158,0.0527902006243875,0.0448832040364736,0.0610016987437475,False,4114.177777777778,160.0888888888889,0.5625452417627257,cv,10
A,decile,csc_cox,competing,0.0797121453090219,0.0814063228577168,0.0716848342884681,0.0915607102085206,False,4115.0,247.38888888888889,0.5844444444444444,cv,10
A,decile,csc_cox,competing,0.1595804059259798,0.1617828151097547,0.149109092150625,0.1748634200948074,False,4116.0,518.1666666666666,0.6460992333441312,cv,10
B,smooth,rsf_naive,naive,1e-08,1.3627147696679584e-08,,,False,,,,cv,10
B,smooth,rsf_naive,naive,6.452095374391873e-05,5.081219142302319e-05,,,False,,,,cv,10
B,smooth,rsf_naive,naive,0.0001298793275031,0.0001061417580379,,,False,,,,cv,10
B,smooth,rsf_naive,naive,0.00019572860715,0.0001549066158985,,,False,,,,cv,10
B,smooth,rsf_naive,naive,0.000264096201332,0.0002090408005199,,,False,,,,cv,10
B,smooth,rsf_naive,naive,0.0003359754488271,0.0002629052529429,,,False,,,,cv,10
B,smooth,rsf_naive,naive,0.0004112616610119,0.0003325511305289,,,False,,,,cv,10
B,smooth,rsf_naive,naive,0.0004912951935481,0.0003980322336455,,,False,,,,cv,10
B,smooth,rsf_naive,naive,0.0005751707383812,0.000470140469697,,,False,,,,cv,10
B,smooth,rsf_naive,naive,0.0006638368249278,0.0005390070653321,,,False,,,,cv,10
B,smooth,rsf_naive,naive,0.0007570609637974,0.0006301218144312,,,False,,,,cv,10
B,smooth,rsf_naive,naive,0.0008555515527791,0.0007114274478472,,,False,,,,cv,10
B,smooth,rsf_naive,naive,0.0009598626219322,0.0008061077888451,,,False,,,,cv,10
B,smooth,rsf_naive,naive,0.0010701423165512,0.0008976624752959,,,False,,,,cv,10
B,smooth,rsf_naive,naive,0.0011865994056782,0.0010148777857945,,,False,,,,cv,10
B,smooth,rsf_naive,naive,0.0013100367488597,0.0011231461763382,,,False,,,,cv,10
B,smooth,rsf_naive,naive,0.0014387374927542,0.0012471381110537,,,False,,,,cv,10
B,smooth,rsf_naive,naive,0.0015758991038036,0.0013827774877177,,,False,,,,cv,10
B,smooth,rsf_naive,naive,0.0017201046222823,0.0015170462424217,,,False,,,,cv,10
B,smooth,rsf_naive,naive,0.0018694318203717,0.0016518144561205,,,False,,,,cv,10
B,smooth,rsf_naive,naive,0.0020273402794036,0.0018121665675251,,,False,,,,cv,10
B,smooth,rsf_naive,naive,0.0021930869757037,0.0019568544191599,,,False,,,,cv,10
B,smooth,rsf_naive,naive,0.0023695817463335,0.0021132926330931,,,False,,,,cv,10
B,smooth,rsf_naive,naive,0.0025546019729873,0.002348666621438,,,False,,,,cv,10
B,smooth,rsf_naive,naive,0.0027459123392621,0.0025081031446823,,,False,,,,cv,10
B,smooth,rsf_naive,naive,0.0029494157556671,0.0027302374677317,,,False,,,,cv,10
B,smooth,rsf_naive,naive,0.0031646721666557,0.002919726631615,,,False,,,,cv,10
B,smooth,rsf_naive,naive,0.0033901703260766,0.0031393697141999,,,False,,,,cv,10
B,smooth,rsf_naive,naive,0.0036247571483567,0.0033638166664434,,,False,,,,cv,10
B,smooth,rsf_naive,naive,0.0038753252465622,0.0036334358278016,,,False,,,,cv,10
B,smooth,rsf_naive,naive,0.0041378626138386,0.0038498496413028,,,False,,,,cv,10
B,smooth,rsf_naive,naive,0.0044170819529696,0.0041983751053,,,False,,,,cv,10
B,smooth,rsf_naive,naive,0.0047109309531549,0.0044994992690694,,,False,,,,cv,10
B,smooth,rsf_naive,naive,0.0050189098562563,0.0048113714783318,,,False,,,,cv,10
B,smooth,rsf_naive,naive,0.0053434270318374,0.0051392178513253,,,False,,,,cv,10
B,smooth,rsf_naive,naive,0.0056899292724262,0.0055228009722193,,,False,,,,cv,10
B,smooth,rsf_naive,naive,0.006053565343686,0.0058920098302896,,,False,,,,cv,10
B,smooth,rsf_naive,naive,0.0064407154999166,0.0063117360100654,,,False,,,,cv,10
B,smooth,rsf_naive,naive,0.0068501457968778,0.0067234787989242,,,False,,,,cv,10
B,smooth,rsf_naive,naive,0.0072843867045973,0.0072004680176554,,,False,,,,cv,10
B,smooth,rsf_naive,naive,0.0077445514880775,0.0076988969916047,,,False,,,,cv,10
B,smooth,rsf_naive,naive,0.008233365586151,0.0081697978920937,,,False,,,,cv,10
B,smooth,rsf_naive,naive,0.0087489477840483,0.0087595375150626,,,False,,,,cv,10
B,smooth,rsf_naive,naive,0.0092979989828955,0.0093165254364254,,,False,,,,cv,10
B,smooth,rsf_naive,naive,0.0098884035857147,0.0099501701663569,,,False,,,,cv,10
B,smooth,rsf_naive,naive,0.0105092470363294,0.010612585419016,,,False,,,,cv,10
B,smooth,rsf_naive,naive,0.0111694805965633,0.0112948873674819,,,False,,,,cv,10
B,smooth,rsf_naive,naive,0.0118729160932579,0.012029505493906,,,False,,,,cv,10
B,smooth,rsf_naive,naive,0.0126089906796785,0.0127946778433299,,,False,,,,cv,10
B,smooth,rsf_naive,naive,0.0133913877222512,0.0135973749618343,,,False,,,,cv,10
B,smooth,rsf_naive,naive,0.0142109682605306,0.014459707024256,,,False,,,,cv,10
B,smooth,rsf_naive,naive,0.0150877443456871,0.0153414367003087,,,False,,,,cv,10
B,smooth,rsf_naive,naive,0.0160075104686935,0.0162745091814068,,,False,,,,cv,10
B,smooth,rsf_naive,naive,0.0169787403432399,0.0172467911691582,,,False,,,,cv,10
B,smooth,rsf_naive,naive,0.0180006132348553,0.0182780074972427,,,False,,,,cv,10
B,smooth,rsf_naive,naive,0.0190705919223332,0.0193321126614143,,,False,,,,cv,10
B,smooth,rsf_naive,naive,0.0201935562148221,0.0204314134345051,,,False,,,,cv,10
B,smooth,rsf_naive,naive,0.0213785704402671,0.0215914802279148,,,False,,,,cv,10
B,smooth,rsf_naive,naive,0.0226132916409251,0.0227840656008588,,,False,,,,cv,10
B,smooth,rsf_naive,naive,0.0239115722298943,0.0240275141643177,,,False,,,,cv,10
B,smooth,rsf_naive,naive,0.0252798254472142,0.0253256670867371,,,False,,,,cv,10
B,smooth,rsf_naive,naive,0.0267226839099176,0.0266820759205782,,,False,,,,cv,10
B,smooth,rsf_naive,naive,0.0282421035580327,0.0280921968372009,,,False,,,,cv,10
B,smooth,rsf_naive,naive,0.0298499963538781,0.0295852031740007,,,False,,,,cv,10
B,smooth,rsf_naive,naive,0.031530523854776,0.0311152259898674,,,False,,,,cv,10
B,smooth,rsf_naive,naive,0.0332935535391544,0.0327107465259913,,,False,,,,cv,10
B,smooth,rsf_naive,naive,0.0351725552228737,0.0343953847596335,,,False,,,,cv,10
B,smooth,rsf_naive,naive,0.0371454772199175,0.0361460829624059,,,False,,,,cv,10
B,smooth,rsf_naive,naive,0.039218453745328,0.0379678503172154,,,False,,,,cv,10
B,smooth,rsf_naive,naive,0.0413930052806931,0.0398599101441905,,,False,,,,cv,10
B,smooth,rsf_naive,naive,0.0436830975292103,0.0418330108815723,,,False,,,,cv,10
B,smooth,rsf_naive,naive,0.0460986793366149,0.0438932538898038,,,False,,,,cv,10
B,smooth,rsf_naive,naive,0.0486395181919569,0.0460396572515543,,,False,,,,cv,10
B,smooth,rsf_naive,naive,0.0512897102274927,0.0482568534343025,,,False,,,,cv,10
B,smooth,rsf_naive,naive,0.0540771469410654,0.0505664345242208,,,False,,,,cv,10
B,smooth,rsf_naive,naive,0.0570227336752646,0.052983879385555,,,False,,,,cv,10
B,smooth,rsf_naive,naive,0.0601408498138874,0.0555177827479813,,,False,,,,cv,10
B,smooth,rsf_naive,naive,0.0634432129919999,0.0581760667618227,,,False,,,,cv,10
B,smooth,rsf_naive,naive,0.0669538848680129,0.0609754664187249,,,False,,,,cv,10
B,smooth,rsf_naive,naive,0.0707357820553753,0.0639632224624496,,,False,,,,cv,10
B,smooth,rsf_naive,naive,0.0748122836482616,0.0671533113038192,,,False,,,,cv,10
B,smooth,rsf_naive,naive,0.0791751729844521,0.0705349199434474,,,False,,,,cv,10
B,smooth,rsf_naive,naive,0.083850947831327,0.0741261104546713,,,False,,,,cv,10
B,smooth,rsf_naive,naive,0.0887841820211959,0.0778805398867029,,,False,,,,cv,10
B,smooth,rsf_naive,naive,0.0940196414029658,0.0818296318287132,,,False,,,,cv,10
B,smooth,rsf_naive,naive,0.0997428291856672,0.0861078489613815,,,False,,,,cv,10
B,smooth,rsf_naive,naive,0.1058482640038109,0.0906325934868053,,,False,,,,cv,10
B,smooth,rsf_naive,naive,0.1125008097429289,0.0955216596004657,,,False,,,,cv,10
B,smooth,rsf_naive,naive,0.119690423017438,0.1007644992161254,,,False,,,,cv,10
B,smooth,rsf_naive,naive,0.1275617668261816,0.1064606340269982,,,False,,,,cv,10
B,smooth,rsf_naive,naive,0.1363246001032258,0.112753919956403,,,False,,,,cv,10
B,smooth,rsf_naive,naive,0.1458914606541042,0.1195732097867537,,,False,,,,cv,10
B,smooth,rsf_naive,naive,0.1562454803922819,0.126901280086462,,,False,,,,cv,10
B,smooth,rsf_naive,naive,0.1677580793837231,0.134992331843585,,,False,,,,cv,10
B,smooth,rsf_naive,naive,0.181016954977389,0.144248590064376,,,False,,,,cv,10
B,smooth,rsf_naive,naive,0.1965467176891442,0.1550146277437657,,,False,,,,cv,10
B,smooth,rsf_naive,naive,0.2143869353380313,0.1672987786097068,,,False,,,,cv,10
B,smooth,rsf_naive,naive,0.2359153017254444,0.182017927387718,,,False,,,,cv,10
B,decile,rsf_naive,naive,0.0003143787572805,0.0019628520140158,0.0005777333534489,0.0036784754249018,True,4115.0,5.977777777777778,0.5369839341163765,cv,10
B,decile,rsf_naive,naive,0.0012744300474803,0.0031108661918313,0.0013243845366411,0.0052045316691925,True,4115.0,9.844444444444443,0.5296017280950452,cv,10
B,decile,rsf_naive,naive,0.0028895336690873,0.0044425096127078,0.0022859224649391,0.0069310779035553,True,4115.711111111111,13.955555555555556,0.5374905038873348,cv,10
B,decile,rsf_naive,naive,0.0055947826786808,0.0070486758606954,0.0042367167531924,0.0101793917099785,False,4114.288888888889,21.433333333333334,0.5409494192088198,cv,10
B,decile,rsf_naive,naive,0.0103476241636443,0.0117566313107436,0.0080902620936101,0.0157104777906843,False,4115.0,36.53333333333333,0.5314756311597139,cv,10
B,decile,rsf_naive,naive,0.0187472133366824,0.0183107650913846,0.0137061379465727,0.0232298561426454,False,4115.855555555556,57.04444444444445,0.5286114899584783,cv,10
B,decile,rsf_naive,naive,0.0327903309607097,0.0270769435899345,0.0213791302861893,0.033077682178581,False,4115.044444444445,82.85555555555555,0.5327632014549625,cv,10
B,decile,rsf_naive,naive,0.0562151686673935,0.0473563276930626,0.0398293317214262,0.055218073966215,False,4114.1,140.67777777777778,0.5514855470186494,cv,10
B,decile,rsf_naive,naive,0.0986054894296862,0.0843337498062232,0.0744681734195082,0.0945239326499698,False,4115.0,255.3111111111111,0.5800297016335898,cv,10
B,decile,rsf_naive,naive,0.2026195230640246,0.1644769232845343,0.1517543889848343,0.1774915883678388,False,4116.0,532.3666666666667,0.6560927545621423,cv,10
B,smooth,rsf_cr,competing,1e-08,1.7164238364447077e-07,,,False,,,,cv,10
B,smooth,rsf_cr,competing,6.92398031133051e-05,0.0001466351352882,,,False,,,,cv,10
B,smooth,rsf_cr,competing,0.0001368938587691,0.0002534420148399,,,False,,,,cv,10
B,smooth,rsf_cr,competing,0.0002046620789458,0.0003397953084626,,,False,,,,cv,10
B,smooth,rsf_cr,competing,0.0002752934642623,0.000444863833957,,,False,,,,cv,10
B,smooth,rsf_cr,competing,0.0003487252203018,0.0005355992228208,,,False,,,,cv,10
B,smooth,rsf_cr,competing,0.0004265730641874,0.0006565327578528,,,False,,,,cv,10
B,smooth,rsf_cr,competing,0.00050778553143,0.0007304171824258,,,False,,,,cv,10
B,smooth,rsf_cr,competing,0.0005936630894243,0.00085774092017,,,False,,,,cv,10
B,smooth,rsf_cr,competing,0.000683549783391,0.000935225038637,,,False,,,,cv,10
B,smooth,rsf_cr,competing,0.0007787854162815,0.0010655471626932,,,False,,,,cv,10
B,smooth,rsf_cr,competing,0.0008791603020083,0.0011763319406908,,,False,,,,cv,10
B,smooth,rsf_cr,competing,0.0009865485533572,0.0012984164604741,,,False,,,,cv,10
B,smooth,rsf_cr,competing,0.0010998667280935,0.0014216319216585,,,False,,,,cv,10
B,smooth,rsf_cr,competing,0.001219392627153,0.0015694040322614,,,False,,,,cv,10
B,smooth,rsf_cr,competing,0.0013453747440939,0.0016996273022909,,,False,,,,cv,10
B,smooth,rsf_cr,competing,0.001478018494645,0.0018548541868466,,,False,,,,cv,10
B,smooth,rsf_cr,competing,0.0016172540556026,0.0019765529275134,,,False,,,,cv,10
B,smooth,rsf_cr,competing,0.0017635462807257,0.0021742977167614,,,False,,,,cv,10
B,smooth,rsf_cr,competing,0.0019168229419235,0.0023151536376715,,,False,,,,cv,10
B,smooth,rsf_cr,competing,0.0020783261882855,0.0024649359536618,,,False,,,,cv,10
B,smooth,rsf_cr,competing,0.0022484778154878,0.0026662590917805,,,False,,,,cv,10
B,smooth,rsf_cr,competing,0.0024265936065584,0.0028308026324876,,,False,,,,cv,10
B,smooth,rsf_cr,competing,0.0026130719585192,0.0030568034324613,,,False,,,,cv,10
B,smooth,rsf_cr,competing,0.002811552509196,0.0032384182556493,,,False,,,,cv,10
B,smooth,rsf_cr,competing,0.0030195791236481,0.0034382835291182,,,False,,,,cv,10
B,smooth,rsf_cr,competing,0.0032363836629232,0.0036743916328061,,,False,,,,cv,10
B,smooth,rsf_cr,competing,0.0034682637884533,0.003943577863346,,,False,,,,cv,10
B,smooth,rsf_cr,competing,0.0037104982193667,0.004136903557212,,,False,,,,cv,10
B,smooth,rsf_cr,competing,0.0039662129527033,0.0044391524628036,,,False,,,,cv,10
B,smooth,rsf_cr,competing,0.0042326633873867,0.0046838755438682,,,False,,,,cv,10
B,smooth,rsf_cr,competing,0.0045139193192882,0.0049736269153478,,,False,,,,cv,10
B,smooth,rsf_cr,competing,0.0048086139258756,0.0052685972907687,,,False,,,,cv,10
B,smooth,rsf_cr,competing,0.0051221436917658,0.0055646515943635,,,False,,,,cv,10
B,smooth,rsf_cr,competing,0.0054537835138773,0.0059169508824939,,,False,,,,cv,10
B,smooth,rsf_cr,competing,0.005803858792887,0.0062724850598459,,,False,,,,cv,10
B,smooth,rsf_cr,competing,0.0061714886858695,0.006631020735964,,,False,,,,cv,10
B,smooth,rsf_cr,competing,0.0065585808133833,0.0070448225900179,,,False,,,,cv,10
B,smooth,rsf_cr,competing,0.0069691379528189,0.0074270757941914,,,False,,,,cv,10
B,smooth,rsf_cr,competing,0.0074034681873267,0.0078767629716688,,,False,,,,cv,10
B,smooth,rsf_cr,competing,0.0078614436684413,0.008326542531829,,,False,,,,cv,10
B,smooth,rsf_cr,competing,0.0083533312274918,0.0088217757111102,,,False,,,,cv,10
B,smooth,rsf_cr,competing,0.0088748106305703,0.0093385937605118,,,False,,,,cv,10
B,smooth,rsf_cr,competing,0.009430873370436,0.0098921867610733,,,False,,,,cv,10
B,smooth,rsf_cr,competing,0.010016069523513,0.0104741504576207,,,False,,,,cv,10
B,smooth,rsf_cr,competing,0.0106414092805996,0.0110975137471889,,,False,,,,cv,10
B,smooth,rsf_cr,competing,0.0112929990862715,0.0117419237511662,,,False,,,,cv,10
B,smooth,rsf_cr,competing,0.0119809452364382,0.0124267401635173,,,False,,,,cv,10
B,smooth,rsf_cr,competing,0.0127157259756512,0.013156467377722,,,False,,,,cv,10
B,smooth,rsf_cr,competing,0.0134834660701476,0.0139181590591048,,,False,,,,cv,10
B,smooth,rsf_cr,competing,0.0142923572692831,0.0147208998900095,,,False,,,,cv,10
B,smooth,rsf_cr,competing,0.0151461196584606,0.0155674084381041,,,False,,,,cv,10
B,smooth,rsf_cr,competing,0.0160395512623405,0.0164530361764289,,,False,,,,cv,10
B,smooth,rsf_cr,competing,0.0169730381553627,0.0173867445229859,,,False,,,,cv,10
B,smooth,rsf_cr,competing,0.0179483856471129,0.0183427778763964,,,False,,,,cv,10
B,smooth,rsf_cr,competing,0.0189680760171795,0.0193523290360979,,,False,,,,cv,10
B,smooth,rsf_cr,competing,0.0200463746116075,0.0204196639433893,,,False,,,,cv,10
B,smooth,rsf_cr,competing,0.0211682295941152,0.0215291101677113,,,False,,,,cv,10
B,smooth,rsf_cr,competing,0.0223655634118316,0.0227116276522644,,,False,,,,cv,10
B,smooth,rsf_cr,competing,0.0236124861990943,0.0239475170784103,,,False,,,,cv,10
B,smooth,rsf_cr,competing,0.0249139661467839,0.0252331536237737,,,False,,,,cv,10
B,smooth,rsf_cr,competing,0.0262751526238584,0.0265778557656188,,,False,,,,cv,10
B,smooth,rsf_cr,competing,0.0277115572919351,0.0279958249345709,,,False,,,,cv,10
B,smooth,rsf_cr,competing,0.0292166933735546,0.0294812800474955,,,False,,,,cv,10
B,smooth,rsf_cr,competing,0.0308029054398291,0.0310464095803336,,,False,,,,cv,10
B,smooth,rsf_cr,competing,0.0324405197888649,0.0326613881254293,,,False,,,,cv,10
B,smooth,rsf_cr,competing,0.0341580398243126,0.0343547389359809,,,False,,,,cv,10
B,smooth,rsf_cr,competing,0.0359418454722029,0.036112504206459,,,False,,,,cv,10
B,smooth,rsf_cr,competing,0.0378125314753629,0.0379551927624591,,,False,,,,cv,10
B,smooth,rsf_cr,competing,0.0397634558780262,0.0398760191323886,,,False,,,,cv,10
B,smooth,rsf_cr,competing,0.0417475498248463,0.0418292084368203,,,False,,,,cv,10
B,smooth,rsf_cr,competing,0.0438196795729099,0.0438678541580369,,,False,,,,cv,10
B,smooth,rsf_cr,competing,0.045967164761902,0.0459800708844202,,,False,,,,cv,10
B,smooth,rsf_cr,competing,0.0482135728776965,0.0481888877464702,,,False,,,,cv,10
B,smooth,rsf_cr,competing,0.050593192556764,0.0505280349727694,,,False,,,,cv,10
B,smooth,rsf_cr,competing,0.053055585566314,0.0529477469526308,,,False,,,,cv,10
B,smooth,rsf_cr,competing,0.0556632337951394,0.0555092864174631,,,False,,,,cv,10
B,smooth,rsf_cr,competing,0.0584246019444506,0.0582209172552851,,,False,,,,cv,10
B,smooth,rsf_cr,competing,0.0613138537960579,0.0610571023089863,,,False,,,,cv,10
B,smooth,rsf_cr,competing,0.064438826504958,0.0641237087361456,,,False,,,,cv,10
B,smooth,rsf_cr,competing,0.0677352827736301,0.0673574591532609,,,False,,,,cv,10
B,smooth,rsf_cr,competing,0.0712152052177168,0.0707700040792517,,,False,,,,cv,10
B,smooth,rsf_cr,competing,0.0749274010196947,0.0744088574094372,,,False,,,,cv,10
B,smooth,rsf_cr,competing,0.0788467054558762,0.0782491908737991,,,False,,,,cv,10
B,smooth,rsf_cr,competing,0.0829779357305764,0.0822948924690203,,,False,,,,cv,10
B,smooth,rsf_cr,competing,0.0873248136215494,0.0865506460717739,,,False,,,,cv,10
B,smooth,rsf_cr,competing,0.0919727542429212,0.0910982296587224,,,False,,,,cv,10
B,smooth,rsf_cr,competing,0.0969112917863798,0.0959280497681451,,,False,,,,cv,10
B,smooth,rsf_cr,competing,0.1022122762831831,0.1011113343390251,,,False,,,,cv,10
B,smooth,rsf_cr,competing,0.1078833927116177,0.1066547695409686,,,False,,,,cv,10
B,smooth,rsf_cr,competing,0.1140487188400098,0.1126787814260646,,,False,,,,cv,10
B,smooth,rsf_cr,competing,0.1208214058560102,0.1192935298483924,,,False,,,,cv,10
B,smooth,rsf_cr,competing,0.128202486039847,0.1264967402943349,,,False,,,,cv,10
B,smooth,rsf_cr,competing,0.1364627413969579,0.1345532546734145,,,False,,,,cv,10
B,smooth,rsf_cr,competing,0.1456976531466495,0.1435529586956611,,,False,,,,cv,10
B,smooth,rsf_cr,competing,0.1560045054210024,0.1535921034735425,,,False,,,,cv,10
B,smooth,rsf_cr,competing,0.1679700279431338,0.1652388836329026,,,False,,,,cv,10
B,smooth,rsf_cr,competing,0.1826829171138601,0.1795518361277588,,,False,,,,cv,10
B,decile,rsf_cr,competing,0.0003261574651046,0.0017590696170097,0.0004694402882212,0.003378779261759,True,4115.0,5.433333333333334,0.5357715674362089,cv,10
B,decile,rsf_cr,competing,0.0013085430041847,0.0033207108603784,0.0014809613505611,0.0054827970962997,True,4115.0,10.344444444444443,0.530787093290131,cv,10
B,decile,rsf_cr,competing,0.0029580089417185,0.0044141806145605,0.0022728642706704,0.0068820733667001,True,4115.622222222222,13.9,0.5363304830891064,cv,10
B,decile,rsf_cr,competing,0.005704040105479,0.0070245038674079,0.0042040175819555,0.0101615266752695,False,4114.377777777778,21.58888888888889,0.5428010365314866,cv,10
B,decile,rsf_cr,competing,0.0104659342341408,0.0119065927714258,0.0082203481563129,0.0158733639860911,False,4115.0,36.82222222222222,0.5303685702713649,cv,10
B,decile,rsf_cr,competing,0.0186575488087607,0.0186051846713544,0.0139291798445351,0.0235413936983631,False,4115.833333333333,57.86666666666667,0.524435474126004,cv,10
B,decile,rsf_cr,competing,0.0319069095904433,0.0277461086282904,0.0220365515505774,0.0338373964852559,False,4114.944444444444,84.76666666666667,0.5323225397520356,cv,10
B,decile,rsf_cr,competing,0.0523285124496996,0.0466422497141712,0.0391834865845924,0.05449462016309,False,4114.222222222223,139.12222222222223,0.554267081967097,cv,10
B,decile,rsf_cr,competing,0.0862081692207354,0.0863941467591536,0.0764115225152198,0.0966487479579829,False,4115.0,262.46666666666664,0.5820278115296341,cv,10
B,decile,rsf_cr,competing,0.1599421436822759,0.1616377946778864,0.1488272350599425,0.1744501957354519,False,4116.0,523.6888888888889,0.656373501781665,cv,10
C,smooth,logistic,naive,0.0006835068431336,3.603483827243872e-07,,,False,,,,cv,10
C,smooth,logistic,naive,0.00086126639717,7.430392239888345e-07,,,False,,,,cv,10
C,smooth,logistic,naive,0.0010095911355562,1.237234749239412e-06,,,False,,,,cv,10
C,smooth,logistic,naive,0.0011594952459827,1.9278349636257336e-06,,,False,,,,cv,10
C,smooth,logistic,naive,0.0013128846494901,2.871118020733279e-06,,,False,,,,cv,10
C,smooth,logistic,naive,0.0014812092445852,4.249013232821625e-06,,,False,,,,cv,10
C,smooth,logistic,naive,0.0016448758915619,5.954106653564365e-06,,,False,,,,cv,10
C,smooth,logistic,naive,0.0018008251248342,7.982299180938254e-06,,,False,,,,cv,10
C,smooth,logistic,naive,0.0019581156188311,1.0511144571361757e-05,,,False,,,,cv,10
C,smooth,logistic,naive,0.0021165970502738,1.3600583225071974e-05,,,False,,,,cv,10
C,smooth,logistic,naive,0.0022796126718852,1.7321364683263607e-05,,,False,,,,cv,10
C,smooth,logistic,naive,0.0024524432158675,2.201425163330785e-05,,,False,,,,cv,10
C,smooth,logistic,naive,0.0026275534406743,2.7560565963057216e-05,,,False,,,,cv,10
C,smooth,logistic,naive,0.0028032784002146,3.407765175618632e-05,,,False,,,,cv,10
C,smooth,logistic,naive,0.0029883349827315,4.208831273976064e-05,,,False,,,,cv,10
C,smooth,logistic,naive,0.0031790616041811,5.155650106542077e-05,,,False,,,,cv,10
C,smooth,logistic,naive,0.0033773473285606,6.277546655226482e-05,,,False,,,,cv,10
C,smooth,logistic,naive,0.0035877172351343,7.642776281958024e-05,,,False,,,,cv,10
C,smooth,logistic,naive,0.0038068978479972,9.256484203143708e-05,,,False,,,,cv,10
C,smooth,logistic,naive,0.0040351874875815,0.0001116649810682,,,False,,,,cv,10
C,smooth,logistic,naive,0.0042771564328951,0.0001346939503619,,,False,,,,cv,10
C,smooth,logistic,naive,0.0045263659627446,0.0001616674517811,,,False,,,,cv,10
C,smooth,logistic,naive,0.0047820253075575,0.0001925626974649,,,False,,,,cv,10
C,smooth,logistic,naive,0.005048962319608,0.0002288174968758,,,False,,,,cv,10
C,smooth,logistic,naive,0.0053226464126235,0.0002701762654441,,,False,,,,cv,10
C,smooth,logistic,naive,0.0056134533293658,0.0003190015666469,,,False,,,,cv,10
C,smooth,logistic,naive,0.0059103405024122,0.0003741412949204,,,False,,,,cv,10
C,smooth,logistic,naive,0.0062185902726679,0.0004379119194964,,,False,,,,cv,10
C,smooth,logistic,naive,0.0065543428876625,0.0005145202339095,,,False,,,,cv,10
C,smooth,logistic,naive,0.0069020718113752,0.0006016387502764,,,False,,,,cv,10
C,smooth,logistic,naive,0.0072628638204051,0.0007012096392588,,,False,,,,cv,10
C,smooth,logistic,naive,0.0076462843578217,0.0008170521038382,,,False,,,,cv,10
C,smooth,logistic,naive,0.0080520059761917,0.0009509030834955,,,False,,,,cv,10
C,smooth,logistic,naive,0.0084757907980982,0.0011036570453859,,,False,,,,cv,10
C,smooth,logistic,naive,0.00894251152939,0.0012866164252781,,,False,,,,cv,10
C,smooth,logistic,naive,0.009423446194206,0.0014924548057021,,,False,,,,cv,10
C,smooth,logistic,naive,0.0099107917825904,0.0017177281425907,,,False,,,,cv,10
C,smooth,logistic,naive,0.0104214400024127,0.0019723218832102,,,False,,,,cv,10
C,smooth,logistic,naive,0.0109641823551227,0.0022629181687883,,,False,,,,cv,10
C,smooth,logistic,naive,0.0115372522590458,0.0025920501821487,,,False,,,,cv,10
C,smooth,logistic,naive,0.0121270756246653,0.0029540423702024,,,False,,,,cv,10
C,smooth,logistic,naive,0.0127597028080136,0.0033678542451645,,,False,,,,cv,10
C,smooth,logistic,naive,0.0134448927886945,0.0038439516117851,,,False,,,,cv,10
C,smooth,logistic,naive,0.0141649833274224,0.0043727649255727,,,False,,,,cv,10
C,smooth,logistic,naive,0.0149358481673987,0.0049712686790187,,,False,,,,cv,10
C,smooth,logistic,naive,0.0157209633651308,0.0056121333183111,,,False,,,,cv,10
C,smooth,logistic,naive,0.0165502311419941,0.0063191060431343,,,False,,,,cv,10
C,smooth,logistic,naive,0.0174310679813245,0.0071010545540293,,,False,,,,cv,10
C,smooth,logistic,naive,0.0183855185331381,0.0079795757627539,,,False,,,,cv,10
C,smooth,logistic,naive,0.0193790290316346,0.0089237169810705,,,False,,,,cv,10
C,smooth,logistic,naive,0.0204359760782243,0.0099551432801369,,,False,,,,cv,10
C,smooth,logistic,naive,0.0215901451211066,0.0111069328333819,,,False,,,,cv,10
C,smooth,logistic,naive,0.0228026073031001,0.0123392742987047,,,False,,,,cv,10
C,smooth,logistic,naive,0.0240191192858254,0.0135928772438319,,,False,,,,cv,10
C,smooth,logistic,naive,0.0252775024761792,0.0149029689437057,,,False,,,,cv,10
C,smooth,logistic,naive,0.0266533741157838,0.016345172056519,,,False,,,,cv,10
C,smooth,logistic,naive,0.0280530870611855,0.017817327953713,,,False,,,,cv,10
C,smooth,logistic,naive,0.0294781550010542,0.0193160417527571,,,False,,,,cv,10
C,smooth,logistic,naive,0.0309908793392089,0.0209030458484164,,,False,,,,cv,10
C,smooth,logistic,naive,0.0326454420446497,0.0226287102082936,,,False,,,,cv,10
C,smooth,logistic,naive,0.0344184485321415,0.024460779867131,,,False,,,,cv,10
C,smooth,logistic,naive,0.0362770619375476,0.0263584877568931,,,False,,,,cv,10
C,smooth,logistic,naive,0.0382229261219535,0.0283167313031529,,,False,,,,cv,10
C,smooth,logistic,naive,0.0402559899629317,0.0303270432803689,,,False,,,,cv,10
C,smooth,logistic,naive,0.0423531771143342,0.0323609606529631,,,False,,,,cv,10
C,smooth,logistic,naive,0.0446115865433969,0.0345019232130518,,,False,,,,cv,10
C,smooth,logistic,naive,0.0470253126085882,0.0367333570774811,,,False,,,,cv,10
C,smooth,logistic,naive,0.0495717654503822,0.039024084701121,,,False,,,,cv,10
C,smooth,logistic,naive,0.0522467447132395,0.0413631750507772,,,False,,,,cv,10
C,smooth,logistic,naive,0.0550965635989291,0.0437758850373039,,,False,,,,cv,10
C,smooth,logistic,naive,0.0580880957120236,0.0462258855626453,,,False,,,,cv,10
C,smooth,logistic,naive,0.0611726651509222,0.0486673881289163,,,False,,,,cv,10
C,smooth,logistic,naive,0.0644896685219569,0.0512021311096081,,,False,,,,cv,10
C,smooth,logistic,naive,0.0679720833136298,0.0537653499776548,,,False,,,,cv,10
C,smooth,logistic,naive,0.071634456962389,0.0563577386293142,,,False,,,,cv,10
C,smooth,logistic,naive,0.0754194213286942,0.0589364168853425,,,False,,,,cv,10
C,smooth,logistic,naive,0.0794476721992057,0.0615762609712987,,,False,,,,cv,10
C,smooth,logistic,naive,0.0836947798159142,0.0642503110865254,,,False,,,,cv,10
C,smooth,logistic,naive,0.0883060039421005,0.0670378278308082,,,False,,,,cv,10
C,smooth,logistic,naive,0.0932268941721436,0.0698924449388866,,,False,,,,cv,10
C,smooth,logistic,naive,0.0985538508867876,0.072858178939352,,,False,,,,cv,10
C,smooth,logistic,naive,0.1043626420428943,0.0759586449321708,,,False,,,,cv,10
C,smooth,logistic,naive,0.1105427972745823,0.0791213508235777,,,False,,,,cv,10
C,smooth,logistic,naive,0.1170323919590568,0.0823119988896824,,,False,,,,cv,10
C,smooth,logistic,naive,0.1240546445293252,0.0856328502015219,,,False,,,,cv,10
C,smooth,logistic,naive,0.1316974210491506,0.0891148247732118,,,False,,,,cv,10
C,smooth,logistic,naive,0.1402147385762672,0.0928577500461493,,,False,,,,cv,10
C,smooth,logistic,naive,0.1491541369492277,0.0966575459353958,,,False,,,,cv,10
C,smooth,logistic,naive,0.1589839816438157,0.1007138053483091,,,False,,,,cv,10
C,smooth,logistic,naive,0.1698411485936281,0.1050766501067308,,,False,,,,cv,10
C,smooth,logistic,naive,0.1820731716303734,0.1098840038776385,,,False,,,,cv,10
C,smooth,logistic,naive,0.1951314073788813,0.1149169576364991,,,False,,,,cv,10
C,smooth,logistic,naive,0.2105874474919213,0.1207582353077427,,,False,,,,cv,10
C,smooth,logistic,naive,0.2283006337983417,0.1273196913697435,,,False,,,,cv,10
C,smooth,logistic,naive,0.2491919394132352,0.1349071995391533,,,False,,,,cv,10
C,smooth,logistic,naive,0.275889766961595,0.1444116164151439,,,False,,,,cv,10
C,smooth,logistic,naive,0.3095227958811798,0.1561471846858508,,,False,,,,cv,10
C,smooth,logistic,naive,0.3509108527189643,0.1703521470081661,,,False,,,,cv,10
C,decile,logistic,naive,0.0014004808079718,0.0012616683946858,0.0002160279023822,0.0026466536055341,True,4115.0,3.9,0.5450411772647495,cv,10
C,decile,logistic,naive,0.0031138054244541,0.003105337372906,0.0012844869551359,0.0052548745597734,True,4115.0,9.466666666666669,0.5145186985284191,cv,10
C,decile,logistic,naive,0.0055159460795341,0.0048610565970895,0.0025673308419558,0.0074708350229956,False,4115.8,15.188888888888888,0.5338965084770625,cv,10
C,decile,logistic,naive,0.0092643312275224,0.0078636740683405,0.0049988587097336,0.0110252982183866,False,4114.2,26.166666666666668,0.5365455682221005,cv,10
C,decile,logistic,naive,0.0154906385257936,0.0107572553552404,0.0072669142592679,0.014571544558428,False,4115.0,33.9,0.5441744295936277,cv,10
C,decile,logistic,naive,0.0261974940952702,0.0163741192677021,0.0119575527403669,0.021087509100741,False,4115.777777777777,50.04444444444445,0.5293451280490982,cv,10
C,decile,logistic,naive,0.0440137913324114,0.0285104937663028,0.022753490176525,0.0345984348940541,False,4115.144444444444,88.61111111111111,0.5405426481588537,cv,10
C,decile,logistic,naive,0.0743525133039788,0.0544481645543762,0.0464353657031262,0.0627724024707914,False,4114.077777777778,165.33333333333334,0.5598419481131743,cv,10
C,decile,logistic,naive,0.1304643556834767,0.0854075591895109,0.0754314650708974,0.0956944940617277,False,4115.0,257.85555555555555,0.5856352099365465,cv,10
C,decile,logistic,naive,0.2979449592052704,0.1586673283121668,0.1459456535427734,0.1716652680384938,False,4116.0,505.53333333333336,0.6359491415613865,cv,10
C,smooth,logistic_cr,competing,0.001355344615661,8.862024979775876e-08,,,False,,,,cv,10
C,smooth,logistic_cr,competing,0.0016217169178086,1.9138172264732133e-07,,,False,,,,cv,10
C,smooth,logistic_cr,competing,0.0018380055028033,3.340297569592249e-07,,,False,,,,cv,10
C,smooth,logistic_cr,competing,0.0020489045789062,5.45800591167378e-07,,,False,,,,cv,10
C,smooth,logistic_cr,competing,0.002255355236821,8.364616380984735e-07,,,False,,,,cv,10
C,smooth,logistic_cr,competing,0.0024787300416753,1.288999153350703e-06,,,False,,,,cv,10
C,smooth,logistic_cr,competing,0.0026948783636808,1.8876525205269168e-06,,,False,,,,cv,10
C,smooth,logistic_cr,competing,0.0029031576582895,2.640470546191567e-06,,,False,,,,cv,10
C,smooth,logistic_cr,competing,0.0031119455616846,3.6263585366816087e-06,,,False,,,,cv,10
C,smooth,logistic_cr,competing,0.0033147154928432,4.781558738623885e-06,,,False,,,,cv,10
C,smooth,logistic_cr,competing,0.0035163288638795,6.376569040869276e-06,,,False,,,,cv,10
C,smooth,logistic_cr,competing,0.0037216661860453,8.239157724384179e-06,,,False,,,,cv,10
C,smooth,logistic_cr,competing,0.0039323750686459,1.0642366440715022e-05,,,False,,,,cv,10
C,smooth,logistic_cr,competing,0.0041481796361652,1.3788221180536611e-05,,,False,,,,cv,10
C,smooth,logistic_cr,competing,0.0043745139394019,1.747447755669176e-05,,,False,,,,cv,10
C,smooth,logistic_cr,competing,0.0046018606545897,2.2062761469401585e-05,,,False,,,,cv,10
C,smooth,logistic_cr,competing,0.0048306571128502,2.709123517827816e-05,,,False,,,,cv,10
C,smooth,logistic_cr,competing,0.0050633516973565,3.4348703103301604e-05,,,False,,,,cv,10
C,smooth,logistic_cr,competing,0.0053032417515818,4.204596564012879e-05,,,False,,,,cv,10
C,smooth,logistic_cr,competing,0.0055595999506199,5.238411283256466e-05,,,False,,,,cv,10
C,smooth,logistic_cr,competing,0.0058254506155616,6.451381581698989e-05,,,False,,,,cv,10
C,smooth,logistic_cr,competing,0.0061045016362193,7.966801084907536e-05,,,False,,,,cv,10
C,smooth,logistic_cr,competing,0.0063826063492874,9.71914704026047e-05,,,False,,,,cv,10
C,smooth,logistic_cr,competing,0.0066603216694886,0.0001176219758947,,,False,,,,cv,10
C,smooth,logistic_cr,competing,0.0069527125102078,0.0001423314782265,,,False,,,,cv,10
C,smooth,logistic_cr,competing,0.0072514253284421,0.0001711993700154,,,False,,,,cv,10
C,smooth,logistic_cr,competing,0.0075609943025245,0.0002053495654593,,,False,,,,cv,10
C,smooth,logistic_cr,competing,0.007892298842774,0.0002473498542034,,,False,,,,cv,10
C,smooth,logistic_cr,competing,0.008239103347745,0.0002976756504942,,,False,,,,cv,10
C,smooth,logistic_cr,competing,0.0085905259422243,0.0003555607353022,,,False,,,,cv,10
C,smooth,logistic_cr,competing,0.0089556426906805,0.0004236893320897,,,False,,,,cv,10
C,smooth,logistic_cr,competing,0.0093289981923862,0.0005025594564251,,,False,,,,cv,10
C,smooth,logistic_cr,competing,0.009733362190817,0.0005984232796869,,,False,,,,cv,10
C,smooth,logistic_cr,competing,0.0101686625143305,0.0007148874897282,,,False,,,,cv,10
C,smooth,logistic_cr,competing,0.0106116821635086,0.0008484130325714,,,False,,,,cv,10
C,smooth,logistic_cr,competing,0.0110628326178574,0.0010009641533991,,,False,,,,cv,10
C,smooth,logistic_cr,competing,0.0115291399953647,0.0011757647010416,,,False,,,,cv,10
C,smooth,logistic_cr,competing,0.012003833987205,0.0013737276593156,,,False,,,,cv,10
C,smooth,logistic_cr,competing,0.0124902686311173,0.0015970636864892,,,False,,,,cv,10
C,smooth,logistic_cr,competing,0.0130124620798087,0.0018611499686788,,,False,,,,cv,10
C,smooth,logistic_cr,competing,0.0135643625619064,0.0021661652867408,,,False,,,,cv,10
C,smooth,logistic_cr,competing,0.0141502047513829,0.0025217783672933,,,False,,,,cv,10
C,smooth,logistic_cr,competing,0.0147668389067069,0.0029315819859392,,,False,,,,cv,10
C,smooth,logistic_cr,competing,0.0153982193476864,0.0033875630429908,,,False,,,,cv,10
C,smooth,logistic_cr,competing,0.016063124586186,0.0039070263814608,,,False,,,,cv,10
C,smooth,logistic_cr,competing,0.0167659333029893,0.0044981508130704,,,False,,,,cv,10
C,smooth,logistic_cr,competing,0.017518878211893,0.0051780097977275,,,False,,,,cv,10
C,smooth,logistic_cr,competing,0.0183080744233702,0.0059411842320152,,,False,,,,cv,10
C,smooth,logistic_cr,competing,0.0191418508945186,0.0067965172078989,,,False,,,,cv,10
C,smooth,logistic_cr,competing,0.0199913806388315,0.0077183943723499,,,False,,,,cv,10
C,smooth,logistic_cr,competing,0.0208956054809895,0.0087488667030333,,,False,,,,cv,10
C,smooth,logistic_cr,competing,0.0218552331816881,0.009890467395271,,,False,,,,cv,10
C,smooth,logistic_cr,competing,0.0228367268511873,0.0111033457648545,,,False,,,,cv,10
C,smooth,logistic_cr,competing,0.0238468817515987,0.0123930358211224,,,False,,,,cv,10
C,smooth,logistic_cr,competing,0.0249011509759708,0.0137779980974277,,,False,,,,cv,10
C,smooth,logistic_cr,competing,0.0259798302299647,0.0152292589092906,,,False,,,,cv,10
C,smooth,logistic_cr,competing,0.027088548443871,0.0167498775368952,,,False,,,,cv,10
C,smooth,logistic_cr,competing,0.0282370843734173,0.0183492418253599,,,False,,,,cv,10
C,smooth,logistic_cr,competing,0.0294311224928965,0.0200312400508728,,,False,,,,cv,10
C,smooth,logistic_cr,competing,0.0307092128851584,0.0218460067279792,,,False,,,,cv,10
C,smooth,logistic_cr,competing,0.0320629548464803,0.0237750243324165,,,False,,,,cv,10
C,smooth,logistic_cr,competing,0.0334595157460587,0.0257653328947486,,,False,,,,cv,10
C,smooth,logistic_cr,competing,0.0349229491291731,0.0278457996587429,,,False,,,,cv,10
C,smooth,logistic_cr,competing,0.036463708346299,0.0300237161128977,,,False,,,,cv,10
C,smooth,logistic_cr,competing,0.0380492275624815,0.0322423517815146,,,False,,,,cv,10
C,smooth,logistic_cr,competing,0.0397297664994839,0.0345638642291841,,,False,,,,cv,10
C,smooth,logistic_cr,competing,0.0415005573236093,0.0369695556633082,,,False,,,,cv,10
C,smooth,logistic_cr,competing,0.0433010590770023,0.0393717628111935,,,False,,,,cv,10
C,smooth,logistic_cr,competing,0.0452147468703055,0.0418695620328787,,,False,,,,cv,10
C,smooth,logistic_cr,competing,0.047231284048182,0.0444387275442895,,,False,,,,cv,10
C,smooth,logistic_cr,competing,0.049327679256695,0.047038096670287,,,False,,,,cv,10
C,smooth,logistic_cr,competing,0.0515006438261828,0.0496578228229095,,,False,,,,cv,10
C,smooth,logistic_cr,competing,0.0537170344439158,0.0522519140090483,,,False,,,,cv,10
C,smooth,logistic_cr,competing,0.056080306433795,0.054930381572741,,,False,,,,cv,10
C,smooth,logistic_cr,competing,0.05848700900012,0.0575672789656803,,,False,,,,cv,10
C,smooth,logistic_cr,competing,0.06094654152981,0.0601747058635819,,,False,,,,cv,10
C,smooth,logistic_cr,competing,0.0635805789073573,0.0628717375481366,,,False,,,,cv,10
C,smooth,logistic_cr,competing,0.0664242084418789,0.0656783373606962,,,False,,,,cv,10
C,smooth,logistic_cr,competing,0.069408693144959,0.0685149609146139,,,False,,,,cv,10
C,smooth,logistic_cr,competing,0.0725727605861894,0.0714098683442833,,,False,,,,cv,10
C,smooth,logistic_cr,competing,0.0758389044927111,0.0742854413523112,,,False,,,,cv,10
C,smooth,logistic_cr,competing,0.0793721106009265,0.0772804936306503,,,False,,,,cv,10
C,smooth,logistic_cr,competing,0.0830687309028523,0.0802976475285216,,,False,,,,cv,10
C,smooth,logistic_cr,competing,0.0871281171528347,0.0834899904808125,,,False,,,,cv,10
C,smooth,logistic_cr,competing,0.0914546060341726,0.086770006735394,,,False,,,,cv,10
C,smooth,logistic_cr,competing,0.0962460492189291,0.0902759889966516,,,False,,,,cv,10
C,smooth,logistic_cr,competing,0.1012115595806865,0.0937916651694055,,,False,,,,cv,10
C,smooth,logistic_cr,competing,0.1065656178365053,0.0974727231556683,,,False,,,,cv,10
C,smooth,logistic_cr,competing,0.1123643492289869,0.1013576472714471,,,False,,,,cv,10
C,smooth,logistic_cr,competing,0.1186478070694869,0.1054766923418436,,,False,,,,cv,10
C,smooth,logistic_cr,competing,0.125769110067119,0.1100673740859594,,,False,,,,cv,10
C,smooth,logistic_cr,competing,0.1334997898959667,0.1149788250201299,,,False,,,,cv,10
C,smooth,logistic_cr,competing,0.142144618583436,0.1203919840212526,,,False,,,,cv,10
C,smooth,logistic_cr,competing,0.1525586434896216,0.1268134850861801,,,False,,,,cv,10
C,smooth,logistic_cr,competing,0.1642571452741026,0.1339114889372115,,,False,,,,cv,10
C,smooth,logistic_cr,competing,0.1788125382226816,0.1425891546940427,,,False,,,,cv,10
C,smooth,logistic_cr,competing,0.1976949599452166,0.1536301568865275,,,False,,,,cv,10
C,smooth,logistic_cr,competing,0.2226206659517223,0.167894488799601,,,False,,,,cv,10
C,decile,logistic_cr,competing,0.0023588254883452,0.0011149536501866,0.0001162119217264,0.0024299857926919,True,4115.0,3.4444444444444446,0.5451491832050762,cv,10
C,decile,logistic_cr,competing,0.0045050320362354,0.0031478628016567,0.0013207761049016,0.0052696785562717,True,4115.0,9.688888888888888,0.5177912785203187,cv,10
C,decile,logistic_cr,competing,0.0071462616712667,0.0043623749072568,0.0022022041753415,0.0068631425671478,True,4115.633333333333,13.466666666666669,0.5341718993524236,cv,10
C,decile,logistic_cr,competing,0.0108904063310579,0.0079746675281278,0.0050958175344555,0.011177332194898,False,4114.366666666667,26.655555555555555,0.5357811715375994,cv,10
C,decile,logistic_cr,competing,0.0165670733854816,0.0117345853882928,0.0080469164733066,0.0157536161245676,False,4115.0,35.922222222222224,0.5402376130687188,cv,10
C,decile,logistic_cr,competing,0.0255792983485531,0.015784755619931,0.0115367828161335,0.0202956721893903,False,4115.7444444444445,49.86666666666667,0.5336228862120944,cv,10
C,decile,logistic_cr,competing,0.0391977245013601,0.0293506813574105,0.0235137924130378,0.0355085089487191,False,4115.133333333333,91.27777777777776,0.5330433373299143,cv,10
C,decile,logistic_cr,competing,0.0602070865607893,0.0521992378753713,0.0442255258502826,0.0603996831213313,False,4114.122222222222,157.14444444444445,0.5628768835324348,cv,10
C,decile,logistic_cr,competing,0.0952002643282887,0.0857433336766748,0.0757574746782748,0.0959321400276645,False,4115.0,259.97777777777776,0.5855218036992034,cv,10
C,decile,logistic_cr,competing,0.1937939363112468,0.1595144205526606,0.146605067738044,0.1725381164194748,False,4116.0,508.55555555555554,0.6372934888241011,cv,10
