cycle,component,filename,url,status
1999-2000,DEMO,DEMO,https://wwwn.cdc.gov/Nchs/Data/Nhanes/Public/1999/DataFiles/DEMO.XPT,ok
1999-2000,BPX,BPX,https://wwwn.cdc.gov/Nchs/Data/Nhanes/Public/1999/DataFiles/BPX.XPT,ok
1999-2000,BPXO,(none),,missing
1999-2000,BMX,BMX,https://wwwn.cdc.gov/Nchs/Data/Nhanes/Public/1999/DataFiles/BMX.XPT,ok
1999-2000,TCHOL,LAB13,https://wwwn.cdc.gov/Nchs/Data/Nhanes/Public/1999/DataFiles/LAB13.XPT,ok
1999-2000,HDL,LAB13,https://wwwn.cdc.gov/Nchs/Data/Nhanes/Public/1999/DataFiles/LAB13.XPT,ok
1999-2000,GHB,LAB10,https://wwwn.cdc.gov/Nchs/Data/Nhanes/Public/1999/DataFiles/LAB10.XPT,ok
1999-2000,DIQ,DIQ,https://wwwn.cdc.gov/Nchs/Data/Nhanes/Public/1999/DataFiles/DIQ.XPT,ok
1999-2000,SMQ,SMQ,https://wwwn.cdc.gov/Nchs/Data/Nhanes/Public/1999/DataFiles/SMQ.XPT,ok
1999-2000,BIOPRO,LAB18,https://wwwn.cdc.gov/Nchs/Data/Nhanes/Public/1999/DataFiles/LAB18.XPT,ok
1999-2000,ALB_CR,LAB16,https://wwwn.cdc.gov/Nchs/Data/Nhanes/Public/1999/DataFiles/LAB16.XPT,ok
1999-2000,BPQ,BPQ,https://wwwn.cdc.gov/Nchs/Data/Nhanes/Public/1999/DataFiles/BPQ.XPT,ok
1999-2000,RXQ_RX,RXQ_RX,https://wwwn.cdc.gov/Nchs/Data/Nhanes/Public/1999/DataFiles/RXQ_RX.XPT,ok
2001-2002,DEMO,DEMO_B,https://wwwn.cdc.gov/Nchs/Data/Nhanes/Public/2001/DataFiles/DEMO_B.XPT,ok
2001-2002,BPX,BPX_B,https://wwwn.cdc.gov/Nchs/Data/Nhanes/Public/2001/DataFiles/BPX_B.XPT,ok
2001-2002,BPXO,(none),,missing
2001-2002,BMX,BMX_B,https://wwwn.cdc.gov/Nchs/Data/Nhanes/Public/2001/DataFiles/BMX_B.XPT,ok
2001-2002,TCHOL,L13_B,https://wwwn.cdc.gov/Nchs/Data/Nhanes/Public/2001/DataFiles/L13_B.XPT,ok
2001-2002,HDL,L13_B,https://wwwn.cdc.gov/Nchs/Data/Nhanes/Public/2001/DataFiles/L13_B.XPT,ok
2001-2002,GHB,L10_B,https://wwwn.cdc.gov/Nchs/Data/Nhanes/Public/2001/DataFiles/L10_B.XPT,ok
2001-2002,DIQ,DIQ_B,https://wwwn.cdc.gov/Nchs/Data/Nhanes/Public/2001/DataFiles/DIQ_B.XPT,ok
2001-2002,SMQ,SMQ_B,https://wwwn.cdc.gov/Nchs/Data/Nhanes/Public/2001/DataFiles/SMQ_B.XPT,ok
2001-2002,BIOPRO,L40_B,https://wwwn.cdc.gov/Nchs/Data/Nhanes/Public/2001/DataFiles/L40_B.XPT,ok
2001-2002,ALB_CR,L16_B,https://wwwn.cdc.gov/Nchs/Data/Nhanes/Public/2001/DataFiles/L16_B.XPT,ok
2001-2002,BPQ,BPQ_B,https://wwwn.cdc.gov/Nchs/Data/Nhanes/Public/2001/DataFiles/BPQ_B.XPT,ok
2001-2002,RXQ_RX,RXQ_RX_B,https://wwwn.cdc.gov/Nchs/Data/Nhanes/Public/2001/DataFiles/RXQ_RX_B.XPT,ok
2003-2004,DEMO,DEMO_C,https://wwwn.cdc.gov/Nchs/Data/Nhanes/Public/2003/DataFiles/DEMO_C.XPT,ok
2003-2004,BPX,BPX_C,https://wwwn.cdc.gov/Nchs/Data/Nhanes/Public/2003/DataFiles/BPX_C.XPT,ok
2003-2004,BPXO,(none),,missing
2003-2004,BMX,BMX_C,https://wwwn.cdc.gov/Nchs/Data/Nhanes/Public/2003/DataFiles/BMX_C.XPT,ok
2003-2004,TCHOL,L13_C,https://wwwn.cdc.gov/Nchs/Data/Nhanes/Public/2003/DataFiles/L13_C.XPT,ok
2003-2004,HDL,L13_C,https://wwwn.cdc.gov/Nchs/Data/Nhanes/Public/2003/DataFiles/L13_C.XPT,ok
2003-2004,GHB,L10_C,https://wwwn.cdc.gov/Nchs/Data/Nhanes/Public/2003/DataFiles/L10_C.XPT,ok
2003-2004,DIQ,DIQ_C,https://wwwn.cdc.gov/Nchs/Data/Nhanes/Public/2003/DataFiles/DIQ_C.XPT,ok
2003-2004,SMQ,SMQ_C,https://wwwn.cdc.gov/Nchs/Data/Nhanes/Public/2003/DataFiles/SMQ_C.XPT,ok
2003-2004,BIOPRO,L40_C,https://wwwn.cdc.gov/Nchs/Data/Nhanes/Public/2003/DataFiles/L40_C.XPT,ok
2003-2004,ALB_CR,L16_C,https://wwwn.cdc.gov/Nchs/Data/Nhanes/Public/2003/DataFiles/L16_C.XPT,ok
2003-2004,BPQ,BPQ_C,https://wwwn.cdc.gov/Nchs/Data/Nhanes/Public/2003/DataFiles/BPQ_C.XPT,ok
2003-2004,RXQ_RX,RXQ_RX_C,https://wwwn.cdc.gov/Nchs/Data/Nhanes/Public/2003/DataFiles/RXQ_RX_C.XPT,ok
2005-2006,DEMO,DEMO_D,https://wwwn.cdc.gov/Nchs/Data/Nhanes/Public/2005/DataFiles/DEMO_D.XPT,ok
2005-2006,BPX,BPX_D,https://wwwn.cdc.gov/Nchs/Data/Nhanes/Public/2005/DataFiles/BPX_D.XPT,ok
2005-2006,BPXO,(none),,missing
2005-2006,BMX,BMX_D,https://wwwn.cdc.gov/Nchs/Data/Nhanes/Public/2005/DataFiles/BMX_D.XPT,ok
2005-2006,TCHOL,TCHOL_D,https://wwwn.cdc.gov/Nchs/Data/Nhanes/Public/2005/DataFiles/TCHOL_D.XPT,ok
2005-2006,HDL,HDL_D,https://wwwn.cdc.gov/Nchs/Data/Nhanes/Public/2005/DataFiles/HDL_D.XPT,ok
2005-2006,GHB,GHB_D,https://wwwn.cdc.gov/Nchs/Data/Nhanes/Public/2005/DataFiles/GHB_D.XPT,ok
2005-2006,DIQ,DIQ_D,https://wwwn.cdc.gov/Nchs/Data/Nhanes/Public/2005/DataFiles/DIQ_D.XPT,ok
2005-2006,SMQ,SMQ_D,https://wwwn.cdc.gov/Nchs/Data/Nhanes/Public/2005/DataFiles/SMQ_D.XPT,ok
2005-2006,BIOPRO,BIOPRO_D,https://wwwn.cdc.gov/Nchs/Data/Nhanes/Public/2005/DataFiles/BIOPRO_D.XPT,ok
2005-2006,ALB_CR,ALB_CR_D,https://wwwn.cdc.gov/Nchs/Data/Nhanes/Public/2005/DataFiles/ALB_CR_D.XPT,ok
2005-2006,BPQ,BPQ_D,https://wwwn.cdc.gov/Nchs/Data/Nhanes/Public/2005/DataFiles/BPQ_D.XPT,ok
2005-2006,RXQ_RX,RXQ_RX_D,https://wwwn.cdc.gov/Nchs/Data/Nhanes/Public/2005/DataFiles/RXQ_RX_D.XPT,ok
2007-2008,DEMO,DEMO_E,https://wwwn.cdc.gov/Nchs/Data/Nhanes/Public/2007/DataFiles/DEMO_E.XPT,ok
2007-2008,BPX,BPX_E,https://wwwn.cdc.gov/Nchs/Data/Nhanes/Public/2007/DataFiles/BPX_E.XPT,ok
2007-2008,BPXO,(none),,missing
2007-2008,BMX,BMX_E,https://wwwn.cdc.gov/Nchs/Data/Nhanes/Public/2007/DataFiles/BMX_E.XPT,ok
2007-2008,TCHOL,TCHOL_E,https://wwwn.cdc.gov/Nchs/Data/Nhanes/Public/2007/DataFiles/TCHOL_E.XPT,ok
2007-2008,HDL,HDL_E,https://wwwn.cdc.gov/Nchs/Data/Nhanes/Public/2007/DataFiles/HDL_E.XPT,ok
2007-2008,GHB,GHB_E,https://wwwn.cdc.gov/Nchs/Data/Nhanes/Public/2007/DataFiles/GHB_E.XPT,ok
2007-2008,DIQ,DIQ_E,https://wwwn.cdc.gov/Nchs/Data/Nhanes/Public/2007/DataFiles/DIQ_E.XPT,ok
2007-2008,SMQ,SMQ_E,https://wwwn.cdc.gov/Nchs/Data/Nhanes/Public/2007/DataFiles/SMQ_E.XPT,ok
2007-2008,BIOPRO,BIOPRO_E,https://wwwn.cdc.gov/Nchs/Data/Nhanes/Public/2007/DataFiles/BIOPRO_E.XPT,ok
2007-2008,ALB_CR,ALB_CR_E,https://wwwn.cdc.gov/Nchs/Data/Nhanes/Public/2007/DataFiles/ALB_CR_E.XPT,ok
2007-2008,BPQ,BPQ_E,https://wwwn.cdc.gov/Nchs/Data/Nhanes/Public/2007/DataFiles/BPQ_E.XPT,ok
2007-2008,RXQ_RX,RXQ_RX_E,https://wwwn.cdc.gov/Nchs/Data/Nhanes/Public/2007/DataFiles/RXQ_RX_E.XPT,ok
2009-2010,DEMO,DEMO_F,https://wwwn.cdc.gov/Nchs/Data/Nhanes/Public/2009/DataFiles/DEMO_F.XPT,ok
2009-2010,BPX,BPX_F,https://wwwn.cdc.gov/Nchs/Data/Nhanes/Public/2009/DataFiles/BPX_F.XPT,ok
2009-2010,BPXO,(none),,missing
2009-2010,BMX,BMX_F,https://wwwn.cdc.gov/Nchs/Data/Nhanes/Public/2009/DataFiles/BMX_F.XPT,ok
2009-2010,TCHOL,TCHOL_F,https://wwwn.cdc.gov/Nchs/Data/Nhanes/Public/2009/DataFiles/TCHOL_F.XPT,ok
2009-2010,HDL,HDL_F,https://wwwn.cdc.gov/Nchs/Data/Nhanes/Public/2009/DataFiles/HDL_F.XPT,ok
2009-2010,GHB,GHB_F,https://wwwn.cdc.gov/Nchs/Data/Nhanes/Public/2009/DataFiles/GHB_F.XPT,ok
2009-2010,DIQ,DIQ_F,https://wwwn.cdc.gov/Nchs/Data/Nhanes/Public/2009/DataFiles/DIQ_F.XPT,ok
2009-2010,SMQ,SMQ_F,https://wwwn.cdc.gov/Nchs/Data/Nhanes/Public/2009/DataFiles/SMQ_F.XPT,ok
2009-2010,BIOPRO,BIOPRO_F,https://wwwn.cdc.gov/Nchs/Data/Nhanes/Public/2009/DataFiles/BIOPRO_F.XPT,ok
2009-2010,ALB_CR,ALB_CR_F,https://wwwn.cdc.gov/Nchs/Data/Nhanes/Public/2009/DataFiles/ALB_CR_F.XPT,ok
2009-2010,BPQ,BPQ_F,https://wwwn.cdc.gov/Nchs/Data/Nhanes/Public/2009/DataFiles/BPQ_F.XPT,ok
2009-2010,RXQ_RX,RXQ_RX_F,https://wwwn.cdc.gov/Nchs/Data/Nhanes/Public/2009/DataFiles/RXQ_RX_F.XPT,ok
2011-2012,DEMO,DEMO_G,https://wwwn.cdc.gov/Nchs/Data/Nhanes/Public/2011/DataFiles/DEMO_G.XPT,ok
2011-2012,BPX,BPX_G,https://wwwn.cdc.gov/Nchs/Data/Nhanes/Public/2011/DataFiles/BPX_G.XPT,ok
2011-2012,BPXO,(none),,missing
2011-2012,BMX,BMX_G,https://wwwn.cdc.gov/Nchs/Data/Nhanes/Public/2011/DataFiles/BMX_G.XPT,ok
2011-2012,TCHOL,TCHOL_G,https://wwwn.cdc.gov/Nchs/Data/Nhanes/Public/2011/DataFiles/TCHOL_G.XPT,ok
2011-2012,HDL,HDL_G,https://wwwn.cdc.gov/Nchs/Data/Nhanes/Public/2011/DataFiles/HDL_G.XPT,ok
2011-2012,GHB,GHB_G,https://wwwn.cdc.gov/Nchs/Data/Nhanes/Public/2011/DataFiles/GHB_G.XPT,ok
2011-2012,DIQ,DIQ_G,https://wwwn.cdc.gov/Nchs/Data/Nhanes/Public/2011/DataFiles/DIQ_G.XPT,ok
2011-2012,SMQ,SMQ_G,https://wwwn.cdc.gov/Nchs/Data/Nhanes/Public/2011/DataFiles/SMQ_G.XPT,ok
2011-2012,BIOPRO,BIOPRO_G,https://wwwn.cdc.gov/Nchs/Data/Nhanes/Public/2011/DataFiles/BIOPRO_G.XPT,ok
2011-2012,ALB_CR,ALB_CR_G,https://wwwn.cdc.gov/Nchs/Data/Nhanes/Public/2011/DataFiles/ALB_CR_G.XPT,ok
2011-2012,BPQ,BPQ_G,https://wwwn.cdc.gov/Nchs/Data/Nhanes/Public/2011/DataFiles/BPQ_G.XPT,ok
2011-2012,RXQ_RX,RXQ_RX_G,https://wwwn.cdc.gov/Nchs/Data/Nhanes/Public/2011/DataFiles/RXQ_RX_G.XPT,ok
2013-2014,DEMO,DEMO_H,https://wwwn.cdc.gov/Nchs/Data/Nhanes/Public/2013/DataFiles/DEMO_H.XPT,ok
2013-2014,BPX,BPX_H,https://wwwn.cdc.gov/Nchs/Data/Nhanes/Public/2013/DataFiles/BPX_H.XPT,ok
2013-2014,BPXO,(none),,missing
2013-2014,BMX,BMX_H,https://wwwn.cdc.gov/Nchs/Data/Nhanes/Public/2013/DataFiles/BMX_H.XPT,ok
2013-2014,TCHOL,TCHOL_H,https://wwwn.cdc.gov/Nchs/Data/Nhanes/Public/2013/DataFiles/TCHOL_H.XPT,ok
2013-2014,HDL,HDL_H,https://wwwn.cdc.gov/Nchs/Data/Nhanes/Public/2013/DataFiles/HDL_H.XPT,ok
2013-2014,GHB,GHB_H,https://wwwn.cdc.gov/Nchs/Data/Nhanes/Public/2013/DataFiles/GHB_H.XPT,ok
2013-2014,DIQ,DIQ_H,https://wwwn.cdc.gov/Nchs/Data/Nhanes/Public/2013/DataFiles/DIQ_H.XPT,ok
2013-2014,SMQ,SMQ_H,https://wwwn.cdc.gov/Nchs/Data/Nhanes/Public/2013/DataFiles/SMQ_H.XPT,ok
2013-2014,BIOPRO,BIOPRO_H,https://wwwn.cdc.gov/Nchs/Data/Nhanes/Public/2013/DataFiles/BIOPRO_H.XPT,ok
2013-2014,ALB_CR,ALB_CR_H,https://wwwn.cdc.gov/Nchs/Data/Nhanes/Public/2013/DataFiles/ALB_CR_H.XPT,ok
2013-2014,BPQ,BPQ_H,https://wwwn.cdc.gov/Nchs/Data/Nhanes/Public/2013/DataFiles/BPQ_H.XPT,ok
2013-2014,RXQ_RX,RXQ_RX_H,https://wwwn.cdc.gov/Nchs/Data/Nhanes/Public/2013/DataFiles/RXQ_RX_H.XPT,ok
2015-2016,DEMO,DEMO_I,https://wwwn.cdc.gov/Nchs/Data/Nhanes/Public/2015/DataFiles/DEMO_I.XPT,ok
2015-2016,BPX,BPX_I,https://wwwn.cdc.gov/Nchs/Data/Nhanes/Public/2015/DataFiles/BPX_I.XPT,ok
2015-2016,BPXO,(none),,missing
2015-2016,BMX,BMX_I,https://wwwn.cdc.gov/Nchs/Data/Nhanes/Public/2015/DataFiles/BMX_I.XPT,ok
2015-2016,TCHOL,TCHOL_I,https://wwwn.cdc.gov/Nchs/Data/Nhanes/Public/2015/DataFiles/TCHOL_I.XPT,ok
2015-2016,HDL,HDL_I,https://wwwn.cdc.gov/Nchs/Data/Nhanes/Public/2015/DataFiles/HDL_I.XPT,ok
2015-2016,GHB,GHB_I,https://wwwn.cdc.gov/Nchs/Data/Nhanes/Public/2015/DataFiles/GHB_I.XPT,ok
2015-2016,DIQ,DIQ_I,https://wwwn.cdc.gov/Nchs/Data/Nhanes/Public/2015/DataFiles/DIQ_I.XPT,ok
2015-2016,SMQ,SMQ_I,https://wwwn.cdc.gov/Nchs/Data/Nhanes/Public/2015/DataFiles/SMQ_I.XPT,ok
2015-2016,BIOPRO,BIOPRO_I,https://wwwn.cdc.gov/Nchs/Data/Nhanes/Public/2015/DataFiles/BIOPRO_I.XPT,ok
2015-2016,ALB_CR,ALB_CR_I,https://wwwn.cdc.gov/Nchs/Data/Nhanes/Public/2015/DataFiles/ALB_CR_I.XPT,ok
2015-2016,BPQ,BPQ_I,https://wwwn.cdc.gov/Nchs/Data/Nhanes/Public/2015/DataFiles/BPQ_I.XPT,ok
2015-2016,RXQ_RX,RXQ_RX_I,https://wwwn.cdc.gov/Nchs/Data/Nhanes/Public/2015/DataFiles/RXQ_RX_I.XPT,ok
2017-2018,DEMO,DEMO_J,https://wwwn.cdc.gov/Nchs/Data/Nhanes/Public/2017/DataFiles/DEMO_J.XPT,ok
2017-2018,BPX,BPX_J,https://wwwn.cdc.gov/Nchs/Data/Nhanes/Public/2017/DataFiles/BPX_J.XPT,ok
2017-2018,BPXO,BPXO_J,https://wwwn.cdc.gov/Nchs/Data/Nhanes/Public/2017/DataFiles/BPXO_J.XPT,ok
2017-2018,BMX,BMX_J,https://wwwn.cdc.gov/Nchs/Data/Nhanes/Public/2017/DataFiles/BMX_J.XPT,ok
2017-2018,TCHOL,TCHOL_J,https://wwwn.cdc.gov/Nchs/Data/Nhanes/Public/2017/DataFiles/TCHOL_J.XPT,ok
2017-2018,HDL,HDL_J,https://wwwn.cdc.gov/Nchs/Data/Nhanes/Public/2017/DataFiles/HDL_J.XPT,ok
2017-2018,GHB,GHB_J,https://wwwn.cdc.gov/Nchs/Data/Nhanes/Public/2017/DataFiles/GHB_J.XPT,ok
2017-2018,DIQ,DIQ_J,https://wwwn.cdc.gov/Nchs/Data/Nhanes/Public/2017/DataFiles/DIQ_J.XPT,ok
2017-2018,SMQ,SMQ_J,https://wwwn.cdc.gov/Nchs/Data/Nhanes/Public/2017/DataFiles/SMQ_J.XPT,ok
2017-2018,BIOPRO,BIOPRO_J,https://wwwn.cdc.gov/Nchs/Data/Nhanes/Public/2017/DataFiles/BIOPRO_J.XPT,ok
2017-2018,ALB_CR,ALB_CR_J,https://wwwn.cdc.gov/Nchs/Data/Nhanes/Public/2017/DataFiles/ALB_CR_J.XPT,ok
2017-2018,BPQ,BPQ_J,https://wwwn.cdc.gov/Nchs/Data/Nhanes/Public/2017/DataFiles/BPQ_J.XPT,ok
2017-2018,RXQ_RX,RXQ_RX_J,https://wwwn.cdc.gov/Nchs/Data/Nhanes/Public/2017/DataFiles/RXQ_RX_J.XPT,ok
1999-2000,MORT,NHANES_1999_2000_MORT_2019_PUBLIC.dat,https://ftp.cdc.gov/pub/Health_Statistics/NCHS/datalinkage/linked_mortality/NHANES_1999_2000_MORT_2019_PUBLIC.dat,ok
2001-2002,MORT,NHANES_2001_2002_MORT_2019_PUBLIC.dat,https://ftp.cdc.gov/pub/Health_Statistics/NCHS/datalinkage/linked_mortality/NHANES_2001_2002_MORT_2019_PUBLIC.dat,ok
2003-2004,MORT,NHANES_2003_2004_MORT_2019_PUBLIC.dat,https://ftp.cdc.gov/pub/Health_Statistics/NCHS/datalinkage/linked_mortality/NHANES_2003_2004_MORT_2019_PUBLIC.dat,ok
2005-2006,MORT,NHANES_2005_2006_MORT_2019_PUBLIC.dat,https://ftp.cdc.gov/pub/Health_Statistics/NCHS/datalinkage/linked_mortality/NHANES_2005_2006_MORT_2019_PUBLIC.dat,ok
2007-2008,MORT,NHANES_2007_2008_MORT_2019_PUBLIC.dat,https://ftp.cdc.gov/pub/Health_Statistics/NCHS/datalinkage/linked_mortality/NHANES_2007_2008_MORT_2019_PUBLIC.dat,ok
2009-2010,MORT,NHANES_2009_2010_MORT_2019_PUBLIC.dat,https://ftp.cdc.gov/pub/Health_Statistics/NCHS/datalinkage/linked_mortality/NHANES_2009_2010_MORT_2019_PUBLIC.dat,ok
2011-2012,MORT,NHANES_2011_2012_MORT_2019_PUBLIC.dat,https://ftp.cdc.gov/pub/Health_Statistics/NCHS/datalinkage/linked_mortality/NHANES_2011_2012_MORT_2019_PUBLIC.dat,ok
2013-2014,MORT,NHANES_2013_2014_MORT_2019_PUBLIC.dat,https://ftp.cdc.gov/pub/Health_Statistics/NCHS/datalinkage/linked_mortality/NHANES_2013_2014_MORT_2019_PUBLIC.dat,ok
2015-2016,MORT,NHANES_2015_2016_MORT_2019_PUBLIC.dat,https://ftp.cdc.gov/pub/Health_Statistics/NCHS/datalinkage/linked_mortality/NHANES_2015_2016_MORT_2019_PUBLIC.dat,ok
2017-2018,MORT,NHANES_2017_2018_MORT_2019_PUBLIC.dat,https://ftp.cdc.gov/pub/Health_Statistics/NCHS/datalinkage/linked_mortality/NHANES_2017_2018_MORT_2019_PUBLIC.dat,ok
