file,source_url,bytes_repo,bytes_fresh,sha256_repo,sha256_fresh,identical,http_status,retrieved_utc
DEMO_1999-2000.XPT,https://wwwn.cdc.gov/Nchs/Data/Nhanes/Public/1999/DataFiles/DEMO.XPT,11500560,11500560,a17bd1ebfd6007b8dc93f16259cb090678eb6c467a39363b7e932bba15febf89,a17bd1ebfd6007b8dc93f16259cb090678eb6c467a39363b7e932bba15febf89,true,200,2026-09-04T06:32:37Z
BPX_1999-2000.XPT,https://wwwn.cdc.gov/Nchs/Data/Nhanes/Public/1999/DataFiles/BPX.XPT,2232640,2232640,ab99dc870f4d5fbec80642ad4b72bde73cb50d0ae630f01c9e74de5a309759f4,ab99dc870f4d5fbec80642ad4b72bde73cb50d0ae630f01c9e74de5a309759f4,true,200,2026-09-04T06:32:38Z
BMX_1999-2000.XPT,https://wwwn.cdc.gov/Nchs/Data/Nhanes/Public/1999/DataFiles/BMX.XPT,2827840,2827840,6b9bc4d998c0004fc42b213cc7f5bf347df937707f46d6d25fab926723a60500,6b9bc4d998c0004fc42b213cc7f5bf347df937707f46d6d25fab926723a60500,true,200,2026-09-04T06:32:39Z
TCHOL_1999-2000.XPT,https://wwwn.cdc.gov/Nchs/Data/Nhanes/Public/1999/DataFiles/LAB13.XPT,335200,335200,45fb87d575f6a16d52dbfc59d70fe7ad95bded2e96262b4c768a7ccdf736b096,45fb87d575f6a16d52dbfc59d70fe7ad95bded2e96262b4c768a7ccdf736b096,true,200,2026-09-04T06:32:40Z
HDL_1999-2000.XPT,https://wwwn.cdc.gov/Nchs/Data/Nhanes/Public/1999/DataFiles/LAB13.XPT,335200,335200,45fb87d575f6a16d52dbfc59d70fe7ad95bded2e96262b4c768a7ccdf736b096,45fb87d575f6a16d52dbfc59d70fe7ad95bded2e96262b4c768a7ccdf736b096,true,200,2026-09-04T06:32:40Z
GHB_1999-2000.XPT,https://wwwn.cdc.gov/Nchs/Data/Nhanes/Public/1999/DataFiles/LAB10.XPT,109200,109200,af0f1ef9c342f085e9b699115f92745f70e9cee1a0142fbc968d806d7656a553,af0f1ef9c342f085e9b699115f92745f70e9cee1a0142fbc968d806d7656a553,true,200,2026-09-04T06:32:41Z
DIQ_1999-2000.XPT,https://wwwn.cdc.gov/Nchs/Data/Nhanes/Public/1999/DataFiles/DIQ.XPT,1294240,1294240,85f1816a9d1809290012c2e58741f266ef811a63e51f75f7856538593c89cf7d,85f1816a9d1809290012c2e58741f266ef811a63e51f75f7856538593c89cf7d,true,200,2026-09-04T06:32:42Z
SMQ_1999-2000.XPT,https://wwwn.cdc.gov/Nchs/Data/Nhanes/Public/1999/DataFiles/SMQ.XPT,1733760,1733760,fb1505ea08e310a5cb703ccae0e220aede3da812674e9e53f832fe76e31c2ce3,fb1505ea08e310a5cb703ccae0e220aede3da812674e9e53f832fe76e31c2ce3,true,200,2026-09-04T06:32:42Z
BIOPRO_1999-2000.XPT,https://wwwn.cdc.gov/Nchs/Data/Nhanes/Public/1999/DataFiles/LAB18.XPT,2223120,2223120,36dc6f02045ceb61e146885bb04400fd580c9c35cc3bfc4269e314f0e06fe9c0,36dc6f02045ceb61e146885bb04400fd580c9c35cc3bfc4269e314f0e06fe9c0,true,200,2026-09-04T06:32:43Z
ALB_CR_1999-2000.XPT,https://wwwn.cdc.gov/Nchs/Data/Nhanes/Public/1999/DataFiles/LAB16.XPT,314240,314240,93e47660c2c647d368549b1ff940eee4aa12015906395cfa432721fc4c00feea,93e47660c2c647d368549b1ff940eee4aa12015906395cfa432721fc4c00feea,true,200,2026-09-04T06:32:44Z
BPQ_1999-2000.XPT,https://wwwn.cdc.gov/Nchs/Data/Nhanes/Public/1999/DataFiles/BPQ.XPT,1746480,1746480,38d0e06bfbe8d01b2fe7af8d18622960fe7a21dd78312bbee7123df21af8c574,38d0e06bfbe8d01b2fe7af8d18622960fe7a21dd78312bbee7123df21af8c574,true,200,2026-09-04T06:32:45Z
RXQ_RX_1999-2000.XPT,https://wwwn.cdc.gov/Nchs/Data/Nhanes/Public/1999/DataFiles/RXQ_RX.XPT,3178480,3178480,fa4268e92c76d62f9b759db9c29a944336e29a90a9e99dfaeb8bf315e7446f1d,fa4268e92c76d62f9b759db9c29a944336e29a90a9e99dfaeb8bf315e7446f1d,true,200,2026-09-04T06:32:46Z
DEMO_2001-2002.XPT,https://wwwn.cdc.gov/Nchs/Data/Nhanes/Public/2001/DataFiles/DEMO_B.XPT,3273520,3273520,6458dc2307cee244ab6ba26f70ec78c7b842ffc68e668bc43f0ab6b9737937d9,6458dc2307cee244ab6ba26f70ec78c7b842ffc68e668bc43f0ab6b9737937d9,true,200,2026-09-04T06:32:47Z
BPX_2001-2002.XPT,https://wwwn.cdc.gov/Nchs/Data/Nhanes/Public/2001/DataFiles/BPX_B.XPT,2519440,2519440,d4214e708ccd12816a00e681f310e1e0eca14ac933c3b1cab21b1e000b871ad8,d4214e708ccd12816a00e681f310e1e0eca14ac933c3b1cab21b1e000b871ad8,true,200,2026-09-04T06:32:48Z
BMX_2001-2002.XPT,https://wwwn.cdc.gov/Nchs/Data/Nhanes/Public/2001/DataFiles/BMX_B.XPT,2183680,2183680,55715d4387960f88e48a2adf44da0b270a83290b1edf7c8e4ecc0eb2c29c59cf,55715d4387960f88e48a2adf44da0b270a83290b1edf7c8e4ecc0eb2c29c59cf,true,200,2026-09-04T06:32:49Z
TCHOL_2001-2002.XPT,https://wwwn.cdc.gov/Nchs/Data/Nhanes/Public/2001/DataFiles/L13_B.XPT,371920,371920,28b32f39fdfc2a2b6d48fbaf62415ff70ef55ee3c28ec930679b0040e2f6481b,28b32f39fdfc2a2b6d48fbaf62415ff70ef55ee3c28ec930679b0040e2f6481b,true,200,2026-09-04T06:32:50Z
HDL_2001-2002.XPT,https://wwwn.cdc.gov/Nchs/Data/Nhanes/Public/2001/DataFiles/L13_B.XPT,371920,371920,28b32f39fdfc2a2b6d48fbaf62415ff70ef55ee3c28ec930679b0040e2f6481b,28b32f39fdfc2a2b6d48fbaf62415ff70ef55ee3c28ec930679b0040e2f6481b,true,200,2026-09-04T06:32:50Z
GHB_2001-2002.XPT,https://wwwn.cdc.gov/Nchs/Data/Nhanes/Public/2001/DataFiles/L10_B.XPT,120160,120160,39ce5bbda8caed4246c89687b7e0f2853c8311274e301821593d631308108fd3,39ce5bbda8caed4246c89687b7e0f2853c8311274e301821593d631308108fd3,true,200,2026-09-04T06:32:50Z
DIQ_2001-2002.XPT,https://wwwn.cdc.gov/Nchs/Data/Nhanes/Public/2001/DataFiles/DIQ_B.XPT,1427040,1427040,795aece6fa9a755744a4c1171cfce827fc3798ac4a4a04c894facac8176efb61,795aece6fa9a755744a4c1171cfce827fc3798ac4a4a04c894facac8176efb61,true,200,2026-09-04T06:32:51Z
SMQ_2001-2002.XPT,https://wwwn.cdc.gov/Nchs/Data/Nhanes/Public/2001/DataFiles/SMQ_B.XPT,2073680,2073680,179d7ad46de9478824d475de0e6425f474b34dd4798066a552acd31b89f07fde,179d7ad46de9478824d475de0e6425f474b34dd4798066a552acd31b89f07fde,true,200,2026-09-04T06:32:52Z
BIOPRO_2001-2002.XPT,https://wwwn.cdc.gov/Nchs/Data/Nhanes/Public/2001/DataFiles/L40_B.XPT,2448480,2448480,16f907f3a945cc24d053a9492a3f90edd3e0335f70ba047bbd9952ba6a00e182,16f907f3a945cc24d053a9492a3f90edd3e0335f70ba047bbd9952ba6a00e182,true,200,2026-09-04T06:32:53Z
ALB_CR_2001-2002.XPT,https://wwwn.cdc.gov/Nchs/Data/Nhanes/Public/2001/DataFiles/L16_B.XPT,347360,347360,730e2cf809f940ef7240187006bc11542996692305ce1ae27cc6471f1369167e,730e2cf809f940ef7240187006bc11542996692305ce1ae27cc6471f1369167e,true,200,2026-09-04T06:32:53Z
BPQ_2001-2002.XPT,https://wwwn.cdc.gov/Nchs/Data/Nhanes/Public/2001/DataFiles/BPQ_B.XPT,1916400,1916400,c11d1a051c6a9da5f57ed946ea1a3636640eddf7efcbcf73283081f76e3fea63,c11d1a051c6a9da5f57ed946ea1a3636640eddf7efcbcf73283081f76e3fea63,true,200,2026-09-04T06:32:54Z
RXQ_RX_2001-2002.XPT,https://wwwn.cdc.gov/Nchs/Data/Nhanes/Public/2001/DataFiles/RXQ_RX_B.XPT,3594240,3594240,221450bde49dbcf22383b7d9df04bf9beddb62e4e363fb4ff7c63e484129ef40,221450bde49dbcf22383b7d9df04bf9beddb62e4e363fb4ff7c63e484129ef40,true,200,2026-09-04T06:32:55Z
DEMO_2003-2004.XPT,https://wwwn.cdc.gov/Nchs/Data/Nhanes/Public/2003/DataFiles/DEMO_C.XPT,3569840,3569840,2a2fdb88263337bfa06f0516bfb419631595f0a0ee88fb96069bed13d1857c6f,2a2fdb88263337bfa06f0516bfb419631595f0a0ee88fb96069bed13d1857c6f,true,200,2026-09-04T06:32:56Z
BPX_2003-2004.XPT,https://wwwn.cdc.gov/Nchs/Data/Nhanes/Public/2003/DataFiles/BPX_C.XPT,2319280,2319280,4df5a7dbd9e3b882b34ad516e80d09abbd0688a46d011711e7f9cdecf53ece36,4df5a7dbd9e3b882b34ad516e80d09abbd0688a46d011711e7f9cdecf53ece36,true,200,2026-09-04T06:32:57Z
BMX_2003-2004.XPT,https://wwwn.cdc.gov/Nchs/Data/Nhanes/Public/2003/DataFiles/BMX_C.XPT,2551120,2551120,b3d3e431b5964ea8b5807035044322fcf32f3878d814d4a844204e51c793f090,b3d3e431b5964ea8b5807035044322fcf32f3878d814d4a844204e51c793f090,true,200,2026-09-04T06:32:58Z
TCHOL_2003-2004.XPT,https://wwwn.cdc.gov/Nchs/Data/Nhanes/Public/2003/DataFiles/L13_C.XPT,343680,343680,d62321a2f8b5b949a4898e89d4010c67c0425ecd5fb2632c0d56999ae8bbdb69,d62321a2f8b5b949a4898e89d4010c67c0425ecd5fb2632c0d56999ae8bbdb69,true,200,2026-09-04T06:32:59Z
HDL_2003-2004.XPT,https://wwwn.cdc.gov/Nchs/Data/Nhanes/Public/2003/DataFiles/L13_C.XPT,343680,343680,d62321a2f8b5b949a4898e89d4010c67c0425ecd5fb2632c0d56999ae8bbdb69,d62321a2f8b5b949a4898e89d4010c67c0425ecd5fb2632c0d56999ae8bbdb69,true,200,2026-09-04T06:32:59Z
GHB_2003-2004.XPT,https://wwwn.cdc.gov/Nchs/Data/Nhanes/Public/2003/DataFiles/L10_C.XPT,112880,112880,423d73cdd3d37e07b6bbd506bd3d2f39ce5700eebd495fc59e57337a07e122b3,423d73cdd3d37e07b6bbd506bd3d2f39ce5700eebd495fc59e57337a07e122b3,true,200,2026-09-04T06:33:00Z
DIQ_2003-2004.XPT,https://wwwn.cdc.gov/Nchs/Data/Nhanes/Public/2003/DataFiles/DIQ_C.XPT,1314880,1314880,e64a1db590d733c812359abb0da6fdc3f20860ec3f89aec24442df994e90befe,e64a1db590d733c812359abb0da6fdc3f20860ec3f89aec24442df994e90befe,true,200,2026-09-04T06:33:00Z
SMQ_2003-2004.XPT,https://wwwn.cdc.gov/Nchs/Data/Nhanes/Public/2003/DataFiles/SMQ_C.XPT,1932320,1932320,fbfe1e4b286ab43fdc3fd84c3830bb241b8b5ca84b3ab5902b8808e4136efc2c,fbfe1e4b286ab43fdc3fd84c3830bb241b8b5ca84b3ab5902b8808e4136efc2c,true,200,2026-09-04T06:33:02Z
BIOPRO_2003-2004.XPT,https://wwwn.cdc.gov/Nchs/Data/Nhanes/Public/2003/DataFiles/L40_C.XPT,2074960,2074960,a5642b8aa6e90ee0961562572f7152d47df67a318dd41cb164e3a2fe4aaaae4d,a5642b8aa6e90ee0961562572f7152d47df67a318dd41cb164e3a2fe4aaaae4d,true,200,2026-09-04T06:33:02Z
ALB_CR_2003-2004.XPT,https://wwwn.cdc.gov/Nchs/Data/Nhanes/Public/2003/DataFiles/L16_C.XPT,320720,320720,577f7ca1af1b146c9eba640b8a5a2b33de731d97cb40de91d07b49df9b1545b4,577f7ca1af1b146c9eba640b8a5a2b33de731d97cb40de91d07b49df9b1545b4,true,200,2026-09-04T06:33:03Z
BPQ_2003-2004.XPT,https://wwwn.cdc.gov/Nchs/Data/Nhanes/Public/2003/DataFiles/BPQ_C.XPT,1795120,1795120,b31db89674d59073106581ed41c265c387a70000dce0cb984a865e82cd9b63a0,b31db89674d59073106581ed41c265c387a70000dce0cb984a865e82cd9b63a0,true,200,2026-09-04T06:33:04Z
RXQ_RX_2003-2004.XPT,https://wwwn.cdc.gov/Nchs/Data/Nhanes/Public/2003/DataFiles/RXQ_RX_C.XPT,2945920,2945920,777e1e3d7dab3639d9c9841f5340fa13aca3933b7339628b8f2f2e1500c58503,777e1e3d7dab3639d9c9841f5340fa13aca3933b7339628b8f2f2e1500c58503,true,200,2026-09-04T06:33:05Z
DEMO_2005-2006.XPT,https://wwwn.cdc.gov/Nchs/Data/Nhanes/Public/2005/DataFiles/DEMO_D.XPT,3566560,3566560,bf9cc79cce501b2fbe5aa8d5b403b618548d02d4aefeb528335cdd9f4c40a3af,bf9cc79cce501b2fbe5aa8d5b403b618548d02d4aefeb528335cdd9f4c40a3af,true,200,2026-09-04T06:33:06Z
BPX_2005-2006.XPT,https://wwwn.cdc.gov/Nchs/Data/Nhanes/Public/2005/DataFiles/BPX_D.XPT,2233440,2233440,aed2f33909986e1ff0e3d58ad35795741ee90b1d146420ccbc4c5fff9436c0e9,aed2f33909986e1ff0e3d58ad35795741ee90b1d146420ccbc4c5fff9436c0e9,true,200,2026-09-04T06:33:06Z
BMX_2005-2006.XPT,https://wwwn.cdc.gov/Nchs/Data/Nhanes/Public/2005/DataFiles/BMX_D.XPT,2153760,2153760,a52909be94cf825ba8a65477a9528603576fd5fbf3abadd72549a3f15c88566e,a52909be94cf825ba8a65477a9528603576fd5fbf3abadd72549a3f15c88566e,true,200,2026-09-04T06:33:07Z
TCHOL_2005-2006.XPT,https://wwwn.cdc.gov/Nchs/Data/Nhanes/Public/2005/DataFiles/TCHOL_D.XPT,195280,195280,e3807e23aee2a6617b2a051d3d370a2be52be7325f6271432d514aca7f13dd4f,e3807e23aee2a6617b2a051d3d370a2be52be7325f6271432d514aca7f13dd4f,true,200,2026-09-04T06:33:08Z
HDL_2005-2006.XPT,https://wwwn.cdc.gov/Nchs/Data/Nhanes/Public/2005/DataFiles/HDL_D.XPT,195280,195280,1c6d56cbf21819c95a49e5045de1fce408af156bb88a0c7b3e33d37e9afd204b,1c6d56cbf21819c95a49e5045de1fce408af156bb88a0c7b3e33d37e9afd204b,true,200,2026-09-04T06:33:09Z
GHB_2005-2006.XPT,https://wwwn.cdc.gov/Nchs/Data/Nhanes/Public/2005/DataFiles/GHB_D.XPT,112720,112720,5662b07e9c0ac2afa600604b4e0f224567ce9e1e07b8787aaf5ad98717701f29,5662b07e9c0ac2afa600604b4e0f224567ce9e1e07b8787aaf5ad98717701f29,true,200,2026-09-04T06:33:09Z
DIQ_2005-2006.XPT,https://wwwn.cdc.gov/Nchs/Data/Nhanes/Public/2005/DataFiles/DIQ_D.XPT,2834560,2834560,ac81ed56d09aadbe12df39c6991d9f4d9cfa04211aee4d103d38c981390b826e,ac81ed56d09aadbe12df39c6991d9f4d9cfa04211aee4d103d38c981390b826e,true,200,2026-09-04T06:33:10Z
SMQ_2005-2006.XPT,https://wwwn.cdc.gov/Nchs/Data/Nhanes/Public/2005/DataFiles/SMQ_D.XPT,2578880,2578880,ef82433aca1a36ba2310a624ccdbaf195e2a258a88af0f284ef2a58d36be3011,ef82433aca1a36ba2310a624ccdbaf195e2a258a88af0f284ef2a58d36be3011,true,200,2026-09-04T06:33:11Z
BIOPRO_2005-2006.XPT,https://wwwn.cdc.gov/Nchs/Data/Nhanes/Public/2005/DataFiles/BIOPRO_D.XPT,2072000,2072000,6de916025812b78db1b81e62f77d94d83ed8b046d9d5c8a9d584f7caec120310,6de916025812b78db1b81e62f77d94d83ed8b046d9d5c8a9d584f7caec120310,true,200,2026-09-04T06:33:12Z
ALB_CR_2005-2006.XPT,https://wwwn.cdc.gov/Nchs/Data/Nhanes/Public/2005/DataFiles/ALB_CR_D.XPT,324880,324880,694c4d9bd6e966b8973f31c64fb89f8577896717f7049551f8fa044c7c366a7b,694c4d9bd6e966b8973f31c64fb89f8577896717f7049551f8fa044c7c366a7b,true,200,2026-09-04T06:33:13Z
BPQ_2005-2006.XPT,https://wwwn.cdc.gov/Nchs/Data/Nhanes/Public/2005/DataFiles/BPQ_D.XPT,788800,788800,089b29fdfbc3d46a93c63e74cfc29376b3168556813d206119d471ee48991bac,089b29fdfbc3d46a93c63e74cfc29376b3168556813d206119d471ee48991bac,true,200,2026-09-04T06:33:13Z
RXQ_RX_2005-2006.XPT,https://wwwn.cdc.gov/Nchs/Data/Nhanes/Public/2005/DataFiles/RXQ_RX_D.XPT,2882560,2882560,76f606f7f0add0c887e1bd1929ecc5d1b347c3e6916a164963a403cff66e1aae,76f606f7f0add0c887e1bd1929ecc5d1b347c3e6916a164963a403cff66e1aae,true,200,2026-09-04T06:33:14Z
DEMO_2007-2008.XPT,https://wwwn.cdc.gov/Nchs/Data/Nhanes/Public/2007/DataFiles/DEMO_E.XPT,3498080,3498080,02b8e97703d04bc99769c751881bece51ac9ba68cf18a2992a45d3bdfb856147,02b8e97703d04bc99769c751881bece51ac9ba68cf18a2992a45d3bdfb856147,true,200,2026-09-04T06:33:15Z
BPX_2007-2008.XPT,https://wwwn.cdc.gov/Nchs/Data/Nhanes/Public/2007/DataFiles/BPX_E.XPT,2113200,2113200,5a0303e68e0a4d7ebdbd2bc82f87852c31e44f1733782e107219bed9303baed5,5a0303e68e0a4d7ebdbd2bc82f87852c31e44f1733782e107219bed9303baed5,true,200,2026-09-04T06:33:16Z
BMX_2007-2008.XPT,https://wwwn.cdc.gov/Nchs/Data/Nhanes/Public/2007/DataFiles/BMX_E.XPT,1800240,1800240,b67b50dbd12c9510b49b6348b595b9fd073c422c0c6eac182f90ac57b491a97d,b67b50dbd12c9510b49b6348b595b9fd073c422c0c6eac182f90ac57b491a97d,true,200,2026-09-04T06:33:16Z
TCHOL_2007-2008.XPT,https://wwwn.cdc.gov/Nchs/Data/Nhanes/Public/2007/DataFiles/TCHOL_E.XPT,196400,196400,1e137eb4fcccd0c0e104b4b1849f00b09e8a9077e2143e844a09bb673507fff1,1e137eb4fcccd0c0e104b4b1849f00b09e8a9077e2143e844a09bb673507fff1,true,200,2026-09-04T06:33:17Z
HDL_2007-2008.XPT,https://wwwn.cdc.gov/Nchs/Data/Nhanes/Public/2007/DataFiles/HDL_E.XPT,196400,196400,3c7021fb4411990551c3ea3f86c5b870c325a23b2b1656054d1ec10883bee19c,3c7021fb4411990551c3ea3f86c5b870c325a23b2b1656054d1ec10883bee19c,true,200,2026-09-04T06:33:18Z
GHB_2007-2008.XPT,https://wwwn.cdc.gov/Nchs/Data/Nhanes/Public/2007/DataFiles/GHB_E.XPT,111760,111760,4c0311851825e9e0352c58af193c58d8f7a3af613aa5f522893e3c8f83e53a53,4c0311851825e9e0352c58af193c58d8f7a3af613aa5f522893e3c8f83e53a53,true,200,2026-09-04T06:33:19Z
DIQ_2007-2008.XPT,https://wwwn.cdc.gov/Nchs/Data/Nhanes/Public/2007/DataFiles/DIQ_E.XPT,2789600,2789600,fb4d698fbec26bc8a09b2cd0f3019f815114742dd2c37ccac1aaf5e0123394c5,fb4d698fbec26bc8a09b2cd0f3019f815114742dd2c37ccac1aaf5e0123394c5,true,200,2026-09-04T06:33:19Z
SMQ_2007-2008.XPT,https://wwwn.cdc.gov/Nchs/Data/Nhanes/Public/2007/DataFiles/SMQ_E.XPT,2449520,2449520,881865ee05f4b2be0c03c761f00ad8e355f2cc5e7d3be41666edef6f3dca5862,881865ee05f4b2be0c03c761f00ad8e355f2cc5e7d3be41666edef6f3dca5862,true,200,2026-09-04T06:33:20Z
BIOPRO_2007-2008.XPT,https://wwwn.cdc.gov/Nchs/Data/Nhanes/Public/2007/DataFiles/BIOPRO_E.XPT,2053360,2053360,6c2cec1e790c09e0319bf5a576a2ab64861d4270679c8113663f83a6b7087ced,6c2cec1e790c09e0319bf5a576a2ab64861d4270679c8113663f83a6b7087ced,true,200,2026-09-04T06:33:21Z
ALB_CR_2007-2008.XPT,https://wwwn.cdc.gov/Nchs/Data/Nhanes/Public/2007/DataFiles/ALB_CR_E.XPT,326720,326720,6bf8018a465499043d5aeb89ac6d38ab4bc25a126ec663979bbbeffe0afdc2d8,6bf8018a465499043d5aeb89ac6d38ab4bc25a126ec663979bbbeffe0afdc2d8,true,200,2026-09-04T06:33:22Z
BPQ_2007-2008.XPT,https://wwwn.cdc.gov/Nchs/Data/Nhanes/Public/2007/DataFiles/BPQ_E.XPT,998480,998480,b802b5855d48fc230c734083ea1e4d4a9d84e1b36bf5e78fcd725c17d6ce77df,b802b5855d48fc230c734083ea1e4d4a9d84e1b36bf5e78fcd725c17d6ce77df,true,200,2026-09-04T06:33:23Z
RXQ_RX_2007-2008.XPT,https://wwwn.cdc.gov/Nchs/Data/Nhanes/Public/2007/DataFiles/RXQ_RX_E.XPT,3284320,3284320,599f0aa045355fce6819ce8b1bfd80991c92757d8c4d5d86946523391e933237,599f0aa045355fce6819ce8b1bfd80991c92757d8c4d5d86946523391e933237,true,200,2026-09-04T06:33:24Z
DEMO_2009-2010.XPT,https://wwwn.cdc.gov/Nchs/Data/Nhanes/Public/2009/DataFiles/DEMO_F.XPT,3631600,3631600,78c4d4a6e5eafa9da3bbb24a90d140fef5d8c0cda932a7ff8ee609288d4fae07,78c4d4a6e5eafa9da3bbb24a90d140fef5d8c0cda932a7ff8ee609288d4fae07,true,200,2026-09-04T06:33:25Z
BPX_2009-2010.XPT,https://wwwn.cdc.gov/Nchs/Data/Nhanes/Public/2009/DataFiles/BPX_F.XPT,2219280,2219280,d09af545c732e5fb72c437e870823ec5d9efaed1ef3522210dcc1d8f47b9be57,d09af545c732e5fb72c437e870823ec5d9efaed1ef3522210dcc1d8f47b9be57,true,200,2026-09-04T06:33:25Z
BMX_2009-2010.XPT,https://wwwn.cdc.gov/Nchs/Data/Nhanes/Public/2009/DataFiles/BMX_F.XPT,1890560,1890560,1fa42e07764037674c3f56e1e76f990e10c32245897597de3d731c57b91d869a,1fa42e07764037674c3f56e1e76f990e10c32245897597de3d731c57b91d869a,true,200,2026-09-04T06:33:26Z
TCHOL_2009-2010.XPT,https://wwwn.cdc.gov/Nchs/Data/Nhanes/Public/2009/DataFiles/TCHOL_F.XPT,207440,207440,87a237c6bcf8fe623db0ace18c5629bc6e8fddd98d4202a5a2d449958d13c4db,87a237c6bcf8fe623db0ace18c5629bc6e8fddd98d4202a5a2d449958d13c4db,true,200,2026-09-04T06:33:27Z
HDL_2009-2010.XPT,https://wwwn.cdc.gov/Nchs/Data/Nhanes/Public/2009/DataFiles/HDL_F.XPT,207440,207440,d813b41ddf57bfd791a354463b5d90e9276ed3c2464b7f68bef4d007719c7a50,d813b41ddf57bfd791a354463b5d90e9276ed3c2464b7f68bef4d007719c7a50,true,200,2026-09-04T06:33:28Z
GHB_2009-2010.XPT,https://wwwn.cdc.gov/Nchs/Data/Nhanes/Public/2009/DataFiles/GHB_F.XPT,118960,118960,98505d8aa707bd06b8b1d488d1ecdf13388bffea6ec1b89929726e7d2b32703b,98505d8aa707bd06b8b1d488d1ecdf13388bffea6ec1b89929726e7d2b32703b,true,200,2026-09-04T06:33:28Z
DIQ_2009-2010.XPT,https://wwwn.cdc.gov/Nchs/Data/Nhanes/Public/2009/DataFiles/DIQ_F.XPT,1620960,1620960,7e90371cbc98e77a9684eff32ffa0e4ee3e8fc04d97581a8773e19cb9fe901fa,7e90371cbc98e77a9684eff32ffa0e4ee3e8fc04d97581a8773e19cb9fe901fa,true,200,2026-09-04T06:33:29Z
SMQ_2009-2010.XPT,https://wwwn.cdc.gov/Nchs/Data/Nhanes/Public/2009/DataFiles/SMQ_F.XPT,2580560,2580560,ee85c82ea55046eb7bf491088b5bb9efecbea8aaf66ae8c89123bad23a5f1901,ee85c82ea55046eb7bf491088b5bb9efecbea8aaf66ae8c89123bad23a5f1901,true,200,2026-09-04T06:33:30Z
BIOPRO_2009-2010.XPT,https://wwwn.cdc.gov/Nchs/Data/Nhanes/Public/2009/DataFiles/BIOPRO_F.XPT,2187200,2187200,d138350f6a9318bb6a411b67f511e8eded677baa6ca8f4cad70dd86a0f0f428a,d138350f6a9318bb6a411b67f511e8eded677baa6ca8f4cad70dd86a0f0f428a,true,200,2026-09-04T06:33:31Z
ALB_CR_2009-2010.XPT,https://wwwn.cdc.gov/Nchs/Data/Nhanes/Public/2009/DataFiles/ALB_CR_F.XPT,758400,758400,f902e8892db69054e8898022dc1ced19770cc2fa613bf2655455f6a4f1cfbb67,f902e8892db69054e8898022dc1ced19770cc2fa613bf2655455f6a4f1cfbb67,true,200,2026-09-04T06:33:32Z
BPQ_2009-2010.XPT,https://wwwn.cdc.gov/Nchs/Data/Nhanes/Public/2009/DataFiles/BPQ_F.XPT,1161040,1161040,e592c987f07002eb309a63dc7ebf6a7eaa83d740a4fd6ae69af15da40c65a21a,e592c987f07002eb309a63dc7ebf6a7eaa83d740a4fd6ae69af15da40c65a21a,true,200,2026-09-04T06:33:33Z
RXQ_RX_2009-2010.XPT,https://wwwn.cdc.gov/Nchs/Data/Nhanes/Public/2009/DataFiles/RXQ_RX_F.XPT,3346560,3346560,d42785fb8055924330d46592ae84396d823a3fe25f1d3390da42489246c182d5,d42785fb8055924330d46592ae84396d823a3fe25f1d3390da42489246c182d5,true,200,2026-09-04T06:33:33Z
DEMO_2011-2012.XPT,https://wwwn.cdc.gov/Nchs/Data/Nhanes/Public/2011/DataFiles/DEMO_G.XPT,3753760,3753760,eaf0525d1952626885af3e935415a1f66ad62c18698080e7354789c125af252d,eaf0525d1952626885af3e935415a1f66ad62c18698080e7354789c125af252d,true,200,2026-09-04T06:33:34Z
BPX_2011-2012.XPT,https://wwwn.cdc.gov/Nchs/Data/Nhanes/Public/2011/DataFiles/BPX_G.XPT,2021600,2021600,1dd66110f41465d601cd54f1e3c6010baafb9375f09fbcaa3aef2536876146fd,1dd66110f41465d601cd54f1e3c6010baafb9375f09fbcaa3aef2536876146fd,true,200,2026-09-04T06:33:35Z
BMX_2011-2012.XPT,https://wwwn.cdc.gov/Nchs/Data/Nhanes/Public/2011/DataFiles/BMX_G.XPT,1946720,1946720,4814bfc3047ed400b9d43d285f8c3ea7c940ac6489404a9b699579715d158ec3,4814bfc3047ed400b9d43d285f8c3ea7c940ac6489404a9b699579715d158ec3,true,200,2026-09-04T06:33:36Z
TCHOL_2011-2012.XPT,https://wwwn.cdc.gov/Nchs/Data/Nhanes/Public/2011/DataFiles/TCHOL_G.XPT,188960,188960,08682d7bcee71c1a5c5d977ebfe5f55eda43354a4ff76b07c3fbb487075e0731,08682d7bcee71c1a5c5d977ebfe5f55eda43354a4ff76b07c3fbb487075e0731,true,200,2026-09-04T06:33:37Z
HDL_2011-2012.XPT,https://wwwn.cdc.gov/Nchs/Data/Nhanes/Public/2011/DataFiles/HDL_G.XPT,188960,188960,ffc060d394cc487f3206462fdfc77648bdbdd6e279bfc5dd8e9cbba3ccdcac4f,ffc060d394cc487f3206462fdfc77648bdbdd6e279bfc5dd8e9cbba3ccdcac4f,true,200,2026-09-04T06:33:38Z
GHB_2011-2012.XPT,https://wwwn.cdc.gov/Nchs/Data/Nhanes/Public/2011/DataFiles/GHB_G.XPT,105840,105840,8ff7cc95461fdfd47d2c9640b944a2bcd45926a3c0e64c98a09a4cef6c0f88d7,8ff7cc95461fdfd47d2c9640b944a2bcd45926a3c0e64c98a09a4cef6c0f88d7,true,200,2026-09-04T06:33:38Z
DIQ_2011-2012.XPT,https://wwwn.cdc.gov/Nchs/Data/Nhanes/Public/2011/DataFiles/DIQ_G.XPT,3978560,3978560,a9d5475e0cd66d6a7bc30230345ed0172a9abcbc0a7a4145a35025c827a52a87,a9d5475e0cd66d6a7bc30230345ed0172a9abcbc0a7a4145a35025c827a52a87,true,200,2026-09-04T06:33:39Z
SMQ_2011-2012.XPT,https://wwwn.cdc.gov/Nchs/Data/Nhanes/Public/2011/DataFiles/SMQ_G.XPT,1946960,1946960,69f2375f036a815082b1e97110e79c505b91e0985c61696f8eaacf94828115dc,69f2375f036a815082b1e97110e79c505b91e0985c61696f8eaacf94828115dc,true,200,2026-09-04T06:33:40Z
BIOPRO_2011-2012.XPT,https://wwwn.cdc.gov/Nchs/Data/Nhanes/Public/2011/DataFiles/BIOPRO_G.XPT,1997040,1997040,8c3a0b1bea79ff79c5600ad6a76c4206a7d689479f94ae81da6360058eda5d05,8c3a0b1bea79ff79c5600ad6a76c4206a7d689479f94ae81da6360058eda5d05,true,200,2026-09-04T06:33:41Z
ALB_CR_2011-2012.XPT,https://wwwn.cdc.gov/Nchs/Data/Nhanes/Public/2011/DataFiles/ALB_CR_G.XPT,377040,377040,46c5733d0bdb1d4bbe841614a3e6ef6b9dab8501f455af4f841cc43a312e579d,46c5733d0bdb1d4bbe841614a3e6ef6b9dab8501f455af4f841cc43a312e579d,true,200,2026-09-04T06:33:42Z
BPQ_2011-2012.XPT,https://wwwn.cdc.gov/Nchs/Data/Nhanes/Public/2011/DataFiles/BPQ_G.XPT,743920,743920,39c5a0ee1d76e6f3df867c0057986a21f4a028038002c43214c5af8bdec83cae,39c5a0ee1d76e6f3df867c0057986a21f4a028038002c43214c5af8bdec83cae,true,200,2026-09-04T06:33:42Z
RXQ_RX_2011-2012.XPT,https://wwwn.cdc.gov/Nchs/Data/Nhanes/Public/2011/DataFiles/RXQ_RX_G.XPT,2994400,2994400,4dd72348270f4f818ffcf6a0b0d49e5c471e2a9673a03562bb06c0e4dad93bc6,4dd72348270f4f818ffcf6a0b0d49e5c471e2a9673a03562bb06c0e4dad93bc6,true,200,2026-09-04T06:33:43Z
DEMO_2013-2014.XPT,https://wwwn.cdc.gov/Nchs/Data/Nhanes/Public/2013/DataFiles/DEMO_H.XPT,3833200,3833200,f8f0cbb3085a323d4cde22349b164878fea1e64dbc404e65b5815c7816b547d7,f8f0cbb3085a323d4cde22349b164878fea1e64dbc404e65b5815c7816b547d7,true,200,2026-09-04T06:33:44Z
BPX_2013-2014.XPT,https://wwwn.cdc.gov/Nchs/Data/Nhanes/Public/2013/DataFiles/BPX_H.XPT,1809600,1809600,b6641efc30ac9b9de328dfbf4110d0d120439aadca2c2bc89f2e77310d1a0c8e,b6641efc30ac9b9de328dfbf4110d0d120439aadca2c2bc89f2e77310d1a0c8e,true,200,2026-09-04T06:33:45Z
BMX_2013-2014.XPT,https://wwwn.cdc.gov/Nchs/Data/Nhanes/Public/2013/DataFiles/BMX_H.XPT,2045520,2045520,fd5e9fc6e6aab0a4aee6e699f51497bbc9b62101f7f43aee924c473e38fd9442,fd5e9fc6e6aab0a4aee6e699f51497bbc9b62101f7f43aee924c473e38fd9442,true,200,2026-09-04T06:33:47Z
TCHOL_2013-2014.XPT,https://wwwn.cdc.gov/Nchs/Data/Nhanes/Public/2013/DataFiles/TCHOL_H.XPT,200240,200240,0867a9d340dc84eec8dc1f08672e7ffd0a364b57a92533973c460acb4f52d643,0867a9d340dc84eec8dc1f08672e7ffd0a364b57a92533973c460acb4f52d643,true,200,2026-09-04T06:33:47Z
HDL_2013-2014.XPT,https://wwwn.cdc.gov/Nchs/Data/Nhanes/Public/2013/DataFiles/HDL_H.XPT,200240,200240,d5aef1b9e9869d8124f7b2f81da38328827d06ea80d2f630f815a0ecd0c58a66,d5aef1b9e9869d8124f7b2f81da38328827d06ea80d2f630f815a0ecd0c58a66,true,200,2026-09-04T06:33:48Z
GHB_2013-2014.XPT,https://wwwn.cdc.gov/Nchs/Data/Nhanes/Public/2013/DataFiles/GHB_H.XPT,112720,112720,0695894ad55ac96f315a8415401977b0856c402d16762115b534bcd5dfeae89e,0695894ad55ac96f315a8415401977b0856c402d16762115b534bcd5dfeae89e,true,200,2026-09-04T06:33:49Z
DIQ_2013-2014.XPT,https://wwwn.cdc.gov/Nchs/Data/Nhanes/Public/2013/DataFiles/DIQ_H.XPT,4228960,4228960,c74c7ccef65e6997dfac1db1e73bc3f63dec67c70b2e322ffc14f14ce27429a9,c74c7ccef65e6997dfac1db1e73bc3f63dec67c70b2e322ffc14f14ce27429a9,true,200,2026-09-04T06:33:49Z
SMQ_2013-2014.XPT,https://wwwn.cdc.gov/Nchs/Data/Nhanes/Public/2013/DataFiles/SMQ_H.XPT,2170000,2170000,86d74bb8842ce6d60350944417cbd3e9ee39dd5a9fa1bda33426f276b673861f,86d74bb8842ce6d60350944417cbd3e9ee39dd5a9fa1bda33426f276b673861f,true,200,2026-09-04T06:33:50Z
BIOPRO_2013-2014.XPT,https://wwwn.cdc.gov/Nchs/Data/Nhanes/Public/2013/DataFiles/BIOPRO_H.XPT,2127760,2127760,b114fde7fc46933e6b4e3f620b8e7b61ea5b46f82121c0dc05a7b8c1fbdd0548,b114fde7fc46933e6b4e3f620b8e7b61ea5b46f82121c0dc05a7b8c1fbdd0548,true,200,2026-09-04T06:33:51Z
ALB_CR_2013-2014.XPT,https://wwwn.cdc.gov/Nchs/Data/Nhanes/Public/2013/DataFiles/ALB_CR_H.XPT,399600,399600,65adbd6c87541464e69fa2da54fb2c5e9e0c198fa322943a21ccbcacd8c40670,65adbd6c87541464e69fa2da54fb2c5e9e0c198fa322943a21ccbcacd8c40670,true,200,2026-09-04T06:33:52Z
BPQ_2013-2014.XPT,https://wwwn.cdc.gov/Nchs/Data/Nhanes/Public/2013/DataFiles/BPQ_H.XPT,726720,726720,aa6ddeab80c73b074ccfd04ad010da404ecb91c048476a194594ce9552d03d49,aa6ddeab80c73b074ccfd04ad010da404ecb91c048476a194594ce9552d03d49,true,200,2026-09-04T06:33:53Z
RXQ_RX_2013-2014.XPT,https://wwwn.cdc.gov/Nchs/Data/Nhanes/Public/2013/DataFiles/RXQ_RX_H.XPT,9897680,9897680,ca9801043c20b2074e20baf73130e1ce25c4115f2270649997f6c2ef936b23b6,ca9801043c20b2074e20baf73130e1ce25c4115f2270649997f6c2ef936b23b6,true,200,2026-09-04T06:33:53Z
DEMO_2015-2016.XPT,https://wwwn.cdc.gov/Nchs/Data/Nhanes/Public/2015/DataFiles/DEMO_I.XPT,3756480,3756480,c9297c6c37ae8f78f29be9568fa2a03cf3b112616a39afee04030fc775a66a0d,c9297c6c37ae8f78f29be9568fa2a03cf3b112616a39afee04030fc775a66a0d,true,200,2026-09-04T06:33:54Z
BPX_2015-2016.XPT,https://wwwn.cdc.gov/Nchs/Data/Nhanes/Public/2015/DataFiles/BPX_I.XPT,1607120,1607120,45d5c9fa101ccc6da82241bd45c99611595e699665eed2cfed232e9070b52cc1,45d5c9fa101ccc6da82241bd45c99611595e699665eed2cfed232e9070b52cc1,true,200,2026-09-04T06:33:55Z
BMX_2015-2016.XPT,https://wwwn.cdc.gov/Nchs/Data/Nhanes/Public/2015/DataFiles/BMX_I.XPT,1989600,1989600,d31da84e14212b4e58e8340598a5b8e2144fac83333563e966eb1b332e4141d6,d31da84e14212b4e58e8340598a5b8e2144fac83333563e966eb1b332e4141d6,true,200,2026-09-04T06:33:56Z
TCHOL_2015-2016.XPT,https://wwwn.cdc.gov/Nchs/Data/Nhanes/Public/2015/DataFiles/TCHOL_I.XPT,193760,193760,e7f51cf7c002db01d023278922d89d72318c679967e72ff259ba532b2d72e54d,e7f51cf7c002db01d023278922d89d72318c679967e72ff259ba532b2d72e54d,true,200,2026-09-04T06:33:57Z
HDL_2015-2016.XPT,https://wwwn.cdc.gov/Nchs/Data/Nhanes/Public/2015/DataFiles/HDL_I.XPT,193760,193760,c967ff1ba25e2f8c7611e078c68ede2e1287823c10f109e3a0b8590532e56747,c967ff1ba25e2f8c7611e078c68ede2e1287823c10f109e3a0b8590532e56747,true,200,2026-09-04T06:33:57Z
GHB_2015-2016.XPT,https://wwwn.cdc.gov/Nchs/Data/Nhanes/Public/2015/DataFiles/GHB_I.XPT,108960,108960,e4bc626cd12f6057c7806aef4f85874c9bf1407a7480d6621a4af142260addd2,e4bc626cd12f6057c7806aef4f85874c9bf1407a7480d6621a4af142260addd2,true,200,2026-09-04T06:33:58Z
DIQ_2015-2016.XPT,https://wwwn.cdc.gov/Nchs/Data/Nhanes/Public/2015/DataFiles/DIQ_I.XPT,4144720,4144720,e87587479b29f175b63eee5dd40d582837e3e3fe2665503012085eefdb978e0d,e87587479b29f175b63eee5dd40d582837e3e3fe2665503012085eefdb978e0d,true,200,2026-09-04T06:33:59Z
SMQ_2015-2016.XPT,https://wwwn.cdc.gov/Nchs/Data/Nhanes/Public/2015/DataFiles/SMQ_I.XPT,2681040,2681040,529ce1c407e99dce937ca75d14c8c630e0c9c30a4a9a851760cd2884bbb28fe0,529ce1c407e99dce937ca75d14c8c630e0c9c30a4a9a851760cd2884bbb28fe0,true,200,2026-09-04T06:34:00Z
BIOPRO_2015-2016.XPT,https://wwwn.cdc.gov/Nchs/Data/Nhanes/Public/2015/DataFiles/BIOPRO_I.XPT,2056320,2056320,1c6dd63f97db81f50891a0327c2b0f90d889c991518fea5ac2113cbf8e1a94ac,1c6dd63f97db81f50891a0327c2b0f90d889c991518fea5ac2113cbf8e1a94ac,true,200,2026-09-04T06:34:01Z
ALB_CR_2015-2016.XPT,https://wwwn.cdc.gov/Nchs/Data/Nhanes/Public/2015/DataFiles/ALB_CR_I.XPT,552800,552800,af61c16db8d9e96549bf0fb446049ff0631ae1ccf7e2dcd017d28edba84dbe3d,af61c16db8d9e96549bf0fb446049ff0631ae1ccf7e2dcd017d28edba84dbe3d,true,200,2026-09-04T06:34:02Z
BPQ_2015-2016.XPT,https://wwwn.cdc.gov/Nchs/Data/Nhanes/Public/2015/DataFiles/BPQ_I.XPT,559120,559120,7f7e51cd0497eb648f64eaafaf7ed07825d617c32b2cd6853ed249fce1143a38,7f7e51cd0497eb648f64eaafaf7ed07825d617c32b2cd6853ed249fce1143a38,true,200,2026-09-04T06:34:03Z
RXQ_RX_2015-2016.XPT,https://wwwn.cdc.gov/Nchs/Data/Nhanes/Public/2015/DataFiles/RXQ_RX_I.XPT,9629600,9629600,a148b3c38e6823f3750b5835385a85ac1d65aeeefd8d8b351ba8ad9c9f6095aa,a148b3c38e6823f3750b5835385a85ac1d65aeeefd8d8b351ba8ad9c9f6095aa,true,200,2026-09-04T06:34:04Z
DEMO_2017-2018.XPT,https://wwwn.cdc.gov/Nchs/Data/Nhanes/Public/2017/DataFiles/DEMO_J.XPT,3412720,3412720,c0b46e0345ea19404928656277c8b0d10b0cca348a9b2fe4fc3c67e8b7ee73ec,c0b46e0345ea19404928656277c8b0d10b0cca348a9b2fe4fc3c67e8b7ee73ec,true,200,2026-09-04T06:34:04Z
BPX_2017-2018.XPT,https://wwwn.cdc.gov/Nchs/Data/Nhanes/Public/2017/DataFiles/BPX_J.XPT,1466000,1466000,f98f1d9a4c18173e715c749b4294f6f1525140d5ad5751316bb17cc038fb3423,f98f1d9a4c18173e715c749b4294f6f1525140d5ad5751316bb17cc038fb3423,true,200,2026-09-04T06:34:05Z
BPXO_2017-2018.XPT,https://wwwn.cdc.gov/Nchs/Data/Nhanes/Public/2017/DataFiles/BPXO_J.XPT,694400,694400,9a7f4b6d0e327282b0032c94ab85936c9b1027e5e4d410bcda6af23f188665c4,9a7f4b6d0e327282b0032c94ab85936c9b1027e5e4d410bcda6af23f188665c4,true,200,2026-09-04T06:34:06Z
BMX_2017-2018.XPT,https://wwwn.cdc.gov/Nchs/Data/Nhanes/Public/2017/DataFiles/BMX_J.XPT,1466000,1466000,8d675e42d8826ac98714b2c3dd4c5138a5e353fb4424f7eff5e6db4a01ce838a,8d675e42d8826ac98714b2c3dd4c5138a5e353fb4424f7eff5e6db4a01ce838a,true,200,2026-09-04T06:34:07Z
TCHOL_2017-2018.XPT,https://wwwn.cdc.gov/Nchs/Data/Nhanes/Public/2017/DataFiles/TCHOL_J.XPT,179680,179680,0291a6a4f6d82dac8392c8c992b519946824dfeda01647935520cf506ed9f4ab,0291a6a4f6d82dac8392c8c992b519946824dfeda01647935520cf506ed9f4ab,true,200,2026-09-04T06:34:08Z
HDL_2017-2018.XPT,https://wwwn.cdc.gov/Nchs/Data/Nhanes/Public/2017/DataFiles/HDL_J.XPT,179680,179680,9f4eb41b89f0c9f3d6262f873e671eeb2f2eb40581a8426b2a3c8fd4fc19439e,9f4eb41b89f0c9f3d6262f873e671eeb2f2eb40581a8426b2a3c8fd4fc19439e,true,200,2026-09-04T06:34:09Z
GHB_2017-2018.XPT,https://wwwn.cdc.gov/Nchs/Data/Nhanes/Public/2017/DataFiles/GHB_J.XPT,103520,103520,35f07094573a0061a03ed609a5a363b34eb1b1c7065d1623b43d72e132a8a654,35f07094573a0061a03ed609a5a363b34eb1b1c7065d1623b43d72e132a8a654,true,200,2026-09-04T06:34:09Z
DIQ_2017-2018.XPT,https://wwwn.cdc.gov/Nchs/Data/Nhanes/Public/2017/DataFiles/DIQ_J.XPT,3851840,3851840,1ecbf5360dfc331d1efbf32198553dc30e9a1f4cff0a907ed30ca72bac797f89,1ecbf5360dfc331d1efbf32198553dc30e9a1f4cff0a907ed30ca72bac797f89,true,200,2026-09-04T06:34:10Z
SMQ_2017-2018.XPT,https://wwwn.cdc.gov/Nchs/Data/Nhanes/Public/2017/DataFiles/SMQ_J.XPT,2305600,2305600,73c3708e540cbf520a566508aa629c3e4ba53cad77dae9388ca36384646455f4,73c3708e540cbf520a566508aa629c3e4ba53cad77dae9388ca36384646455f4,true,200,2026-09-04T06:34:11Z
BIOPRO_2017-2018.XPT,https://wwwn.cdc.gov/Nchs/Data/Nhanes/Public/2017/DataFiles/BIOPRO_J.XPT,2106080,2106080,5bcd5722c1892883b96a9d7fed0befadabacae313f800fadc0133cd5dd00c4c6,5bcd5722c1892883b96a9d7fed0befadabacae313f800fadc0133cd5dd00c4c6,true,200,2026-09-04T06:34:12Z
ALB_CR_2017-2018.XPT,https://wwwn.cdc.gov/Nchs/Data/Nhanes/Public/2017/DataFiles/ALB_CR_J.XPT,509760,509760,0017a7b8d87d29009923e22300b4ec393b06c9bbf6147eb6b2d777aca605bcbf,0017a7b8d87d29009923e22300b4ec393b06c9bbf6147eb6b2d777aca605bcbf,true,200,2026-09-04T06:34:12Z
BPQ_2017-2018.XPT,https://wwwn.cdc.gov/Nchs/Data/Nhanes/Public/2017/DataFiles/BPQ_J.XPT,544560,544560,63cfe1c331a1e7d3534328ac86312a21ffee3e01aa189bc1f74d06855239e5aa,63cfe1c331a1e7d3534328ac86312a21ffee3e01aa189bc1f74d06855239e5aa,true,200,2026-09-04T06:34:13Z
RXQ_RX_2017-2018.XPT,https://wwwn.cdc.gov/Nchs/Data/Nhanes/Public/2017/DataFiles/RXQ_RX_J.XPT,9627680,9627680,6196e6753f9bf23b47456f4fcc2d32de05f89388b512594d02b0735949165545,6196e6753f9bf23b47456f4fcc2d32de05f89388b512594d02b0735949165545,true,200,2026-09-04T06:34:14Z
NHANES_1999_2000_MORT_2019_PUBLIC.dat,https://ftp.cdc.gov/pub/Health_Statistics/NCHS/datalinkage/linked_mortality/NHANES_1999_2000_MORT_2019_PUBLIC.dat,487666,487666,562bd367107add0b2b40fed36a062d8b194fca31e11aab897a0efad4bebc8b26,562bd367107add0b2b40fed36a062d8b194fca31e11aab897a0efad4bebc8b26,true,200,2026-09-04T06:34:21Z
NHANES_2001_2002_MORT_2019_PUBLIC.dat,https://ftp.cdc.gov/pub/Health_Statistics/NCHS/datalinkage/linked_mortality/NHANES_2001_2002_MORT_2019_PUBLIC.dat,540362,540362,2788c8c8a02995ea5686882b5fe65b4b9cd415016031525f8a3c1a3646c47f1b,2788c8c8a02995ea5686882b5fe65b4b9cd415016031525f8a3c1a3646c47f1b,true,200,2026-09-04T06:34:28Z
NHANES_2003_2004_MORT_2019_PUBLIC.dat,https://ftp.cdc.gov/pub/Health_Statistics/NCHS/datalinkage/linked_mortality/NHANES_2003_2004_MORT_2019_PUBLIC.dat,495722,495722,639f6b3292a55b112fbfc842954af3d8d32bcce287cd8ae49319e5aca1c033c0,639f6b3292a55b112fbfc842954af3d8d32bcce287cd8ae49319e5aca1c033c0,true,200,2026-09-04T06:34:37Z
NHANES_2005_2006_MORT_2019_PUBLIC.dat,https://ftp.cdc.gov/pub/Health_Statistics/NCHS/datalinkage/linked_mortality/NHANES_2005_2006_MORT_2019_PUBLIC.dat,506774,506774,69388ea13a4f395f29d9d21bc51941b9759003490d4b00f6ff12a1bc5f8dba5c,69388ea13a4f395f29d9d21bc51941b9759003490d4b00f6ff12a1bc5f8dba5c,true,200,2026-09-04T06:34:45Z
NHANES_2007_2008_MORT_2019_PUBLIC.dat,https://ftp.cdc.gov/pub/Health_Statistics/NCHS/datalinkage/linked_mortality/NHANES_2007_2008_MORT_2019_PUBLIC.dat,498376,498376,75f89bd545a13ba726a7eb56de4d62f6dfc8f0f76d505dc18ced9752d5e2c77d,75f89bd545a13ba726a7eb56de4d62f6dfc8f0f76d505dc18ced9752d5e2c77d,true,200,2026-09-04T06:34:53Z
NHANES_2009_2010_MORT_2019_PUBLIC.dat,https://ftp.cdc.gov/pub/Health_Statistics/NCHS/datalinkage/linked_mortality/NHANES_2009_2010_MORT_2019_PUBLIC.dat,517751,517751,eabf074331e20d3f3cbb8ddf21e3a43e517f5694187c12b755741f4472894786,eabf074331e20d3f3cbb8ddf21e3a43e517f5694187c12b755741f4472894786,true,200,2026-09-04T06:35:00Z
NHANES_2011_2012_MORT_2019_PUBLIC.dat,https://ftp.cdc.gov/pub/Health_Statistics/NCHS/datalinkage/linked_mortality/NHANES_2011_2012_MORT_2019_PUBLIC.dat,475574,475574,ff98b6c87172643426b1c6d20f76495592bebd618ea18f742d98a44b84456b30,ff98b6c87172643426b1c6d20f76495592bebd618ea18f742d98a44b84456b30,true,200,2026-09-04T06:35:07Z
NHANES_2013_2014_MORT_2019_PUBLIC.dat,https://ftp.cdc.gov/pub/Health_Statistics/NCHS/datalinkage/linked_mortality/NHANES_2013_2014_MORT_2019_PUBLIC.dat,494268,494268,588acea1d4cdf47a14cc9a35bd56e372739b8788d63ca0af98bf954c70c29905,588acea1d4cdf47a14cc9a35bd56e372739b8788d63ca0af98bf954c70c29905,true,200,2026-09-04T06:35:15Z
NHANES_2015_2016_MORT_2019_PUBLIC.dat,https://ftp.cdc.gov/pub/Health_Statistics/NCHS/datalinkage/linked_mortality/NHANES_2015_2016_MORT_2019_PUBLIC.dat,484288,484288,f392baaf9c20a4c75bc9936775ba956e64528fa5ada5102b08f86f64e41e84a0,f392baaf9c20a4c75bc9936775ba956e64528fa5ada5102b08f86f64e41e84a0,true,200,2026-09-04T06:35:21Z
NHANES_2017_2018_MORT_2019_PUBLIC.dat,https://ftp.cdc.gov/pub/Health_Statistics/NCHS/datalinkage/linked_mortality/NHANES_2017_2018_MORT_2019_PUBLIC.dat,449623,449623,42989d4fe35754d696b770f26553b0a309c110a9e26ab0ee504be3eae5987523,42989d4fe35754d696b770f26553b0a309c110a9e26ab0ee504be3eae5987523,true,200,2026-09-04T06:35:28Z
